ids,glutamic acid,alanine,valine,aspartate,isoleucine,leucine,glycine,proline,cocktail
rxn00623_c0,0.0,4.8267094889680755e-32,0.0,0.0,-2.298357323742777e-30,-3.0289443699882897e-32,2.2796848375423128e-31,1.5139373814987502e-30,0.0
rxn00640_c0,0.7095282042850471,0.585456823797471,0.5199776158037832,0.6106959003939583,0.5729582543713073,0.4992881333706938,0.5738177839857064,0.7022275988681997,0.6477702007727136
rxn05369_c0,0.7095282042850325,0.5854568237974549,0.5199776158037724,0.610695900394424,0.572958254371309,0.4992881333706858,0.5738177839857133,0.702227598867945,0.6477702007736149
EX_cpd00027_e0,0.7095282042850325,0.5854568237974549,0.5199776158037724,0.610695900394424,0.572958254371309,0.4992881333706858,0.5738177839857133,0.702227598867945,0.6477702007736149
rxn00514_c0,0.7095282042850325,0.5854568237974549,0.5199776158037724,0.610695900394424,0.572958254371309,0.4992881333706858,0.5738177839857133,0.702227598867945,0.6477702007736149
rxn05215_c0,0.7095282042850325,,0.5199776158037724,0.610695900394424,0.572958254371309,0.4992881333706858,0.5738177839857133,0.702227598867945,0.6270919151999288
rxn03141_c0,0.7095282042850325,0.5854568237974564,0.5199776158037724,0.610695900394424,0.572958254371309,0.4992881333706858,0.5738177839857133,0.702227598867945,0.6477702007735648
rxn05241_c0,0.7095282042850325,0.5854568237974631,0.5199776158037724,0.610695900394424,,0.4992881333706858,0.5738177839857133,0.702227598867945,0.6249858433084297
rxn08309_c0,0.7095282042850325,0.5854568237974631,0.5199776158037724,0.610695900394424,0.5729582543713063,0.4992881333706858,0.5738177839857133,0.702227598867945,0.6477702007736118
rxn09104_c0,0.7095282042850325,0.5854568237974631,0.5199776158037724,0.610695900394424,0.5729582543713053,0.4992881333706858,0.5738177839857133,0.702227598867945,0.6477702007735934
rxn10268_c0,0.7095282042850325,0.5854568237974631,0.5199776158037724,0.610695900394424,0.5729582543713053,0.4992881333706858,0.5738177839857133,0.702227598867945,0.6477702007735934
rxn05465_c0,5.778308261722615e-18,2.1449249928954513e-15,2.783240784219304e-16,-4.66072461518475e-17,-1.4528082463679145e-15,1.7609319481165542e-17,1.646642091314454e-16,1.801786453863491e-17,-4.569545413398102e-17
rxn09198_c0,0.7095282042850294,0.5854568237974596,0.5199776158037724,0.6106959003944258,0.57295825437131,0.4992881333706843,0.573817783985716,0.7022275988679486,0.6477702007735952
rxn00461_c0,0.7095282042850272,0.5854568237974631,0.5199776158037724,0.6106959003944236,0.5729582543713053,0.4992881333706837,0.5738177839857097,0.7022275988679456,0.6477702007735945
rxn01602_c0,0.7095282042850272,0.5854568237974631,0.5199776158037724,0.6106959003944236,0.5729582543713053,0.4992881333706837,0.5738177839857097,0.7022275988679456,0.6477702007735945
rxn14334_c0,1.2390274616760934e-15,1.7954115639295195e-15,2.5657559617379543e-17,-4.536509076893445e-17,-1.5662018277585038e-15,1.5390324033776838e-16,8.956719333938119e-17,-4.985535651535747e-16,4.117812269414012e-15
rxn02835_c0,0.0,0.0,0.0,0.0,0.0,0.0,0.0,0.0,0.0
rxn08851_c0,0.7095282042850326,0.5854568237974572,0.5199776158037744,0.6106959003944201,0.5729582543713131,0.49928813337068373,0.573817783985719,0.7022275988679505,0.6477702007735955
rxn01305_c0,0.7095282042850227,0.5854568237974631,0.5199776158037724,0.6106959003944308,0.5729582543713053,0.49928813337068834,0.5738177839857316,0.7022275988679518,0.6477702007735971
rxn00510_c0,0.7095282042850227,0.5854568237974631,0.5199776158037724,0.6106959003944308,0.5729582543713053,0.49928813337068834,0.5738177839857316,0.7022275988679518,0.6477702007735971
rxn02085_c0,0.7095282042850227,0.5854568237974631,0.5199776158037724,0.6106959003944308,0.5729582543713053,0.49928813337068834,0.5738177839857316,0.7022275988679518,0.6477702007735971
rxn15121_c0,0.7095282042850227,0.5854568237974631,0.5199776158037724,0.6106959003944308,0.5729582543713053,0.49928813337068834,0.5738177839857316,0.7022275988679518,0.6477702007735971
rxn05708_c0,0.7095282042850227,0.5854568237974631,0.5199776158037724,0.6106959003944308,0.5729582543713053,0.49928813337068834,0.5738177839857316,0.7022275988679518,0.6477702007735971
rxn05625_c0,0.7095282042850227,0.5854568237974631,0.4697718915365006,0.6106959003944308,0.5369144790307341,0.49928813337068834,0.5738177839857316,0.6377567169040382,0.6477702007735971
rxn06723_c0,-3.7491945505130735e-16,1.5362103319892951e-15,-2.3412476834358538e-17,-3.72081959971947e-16,1.1721391237989949e-15,3.495174765584326e-16,1.6890510696442593e-15,9.137929872039252e-16,1.9274445364292143e-17
EX_cpd00116_e0,0.709528204285024,0.5854568237974626,0.5199776158037699,0.6106959003944167,0.5729582543713055,0.4992881333706852,0.5738177839857176,0.7022275988679478,0.6477702007735998
EX_cpd00184_e0,0.7095282042850313,0.5854568237974631,0.5199776158037708,0.6106959003944175,0.5729582543712916,0.4992881333706872,0.57381778398572,0.7022275988679574,0.6477702007735948
rxn11268_c0,0.7095282042850313,0.5854568237974631,0.5199776158037708,0.6106959003944175,0.5729582543712916,0.4992881333706872,0.57381778398572,0.7022275988679574,0.6477702007735948
rxn08136_c0,0.7095282042850313,0.5854568237974631,0.5199776158037708,0.6106959003944175,0.5729582543712916,0.4992881333706872,0.57381778398572,0.7022275988679574,0.6477702007735948
rxn03173_c0,0.7095282042850313,0.5854568237974631,0.5199776158037708,0.6106959003944175,0.5729582543712916,0.4992881333706872,0.57381778398572,0.7022275988679574,0.6477702007735948
rxn14426_c0,0.7095282042850313,0.5854568237974631,0.5199776158037708,0.6106959003944175,0.5729582543712916,0.4992881333706872,0.57381778398572,0.7022275988679574,0.6477702007735948
rxn03439_c0,-1.3702960614929584e-16,2.6028827435382965e-15,-1.1992534789901571e-16,6.288235656327702e-16,-1.0043199020561982e-15,7.820631770314643e-17,-1.135140770256027e-16,-1.033933788877496e-15,-8.620811183382046e-17
rxn00791_c0,0.0,0.0,0.0,0.0,0.0,0.0,0.0,0.0,0.0
EX_cpd00028_e0,0.7095282042850273,0.5854568237974561,0.5199776158037719,0.6106959003944253,0.5729582543713098,0.49928813337068334,0.5738177839857156,0.7022275988679468,0.6477702007735996
rxn08073_c0,0.7095282042850168,0.5854568237974631,0.5199776158037708,0.6106959003944208,0.5729582543712916,0.4992881333706793,0.5738177839857086,0.702227598867951,0.6477702007735948
rxn00392_c0,-1.0924178361550104e-15,4.348123227246934e-16,-1.1992534789901571e-16,3.9146448026095034e-16,3.4665919100205283e-16,-8.995242084601153e-17,-9.985838179539603e-16,2.429520825523872e-16,2.052868230769798e-16
rxn04750_c0,0.70952820428503,0.585456823797457,0.5199776158037718,0.6106959003944216,0.5729582543713109,0.49928813337067607,0.5738177839857203,0.7022275988679485,0.6477702007735988
rxn05114_c0,5.156148855951659e-14,8.835447669240587e-15,-6.48482365362876e-15,1.577564823361922e-14,-4.1567794172660023e-13,-5.053300903265387e-14,1.7181335210216845e-13,7.187835945623544e-14,1.4019925289552483e-14
rxn01917_c0,0.7095282042850264,0.585456823797461,0.519977615803772,0.6106959003944226,0.5729582543713071,0.49928813337069294,0.5738177839857159,0.7022275988679482,0.6477702007736003
rxn02497_c0,0.7095282042850289,0.5854568237974631,0.5199776158037708,0.6106959003944208,0.5729582543712916,0.4992881333706845,0.57381778398572,0.7022275988679536,0.647770200773594
rxn05462_c0,2.4807673418468896e-16,1.7954115639295195e-15,1.9415055663093152e-16,6.831481845945554e-16,-1.1224017987217928e-15,4.885918293274003e-16,1.3626069727727826e-15,-5.928599904395199e-16,1.0274013547210958e-16
rxn02927_c0,0.7095282042850198,0.5854568237974627,0.519977615803769,0.6106959003944262,0.5729582543713042,0.4992881333706831,0.5738177839857195,0.7022275988679476,0.6477702007735953
rxn00799_c0,0.7095282042850246,0.5854568237974631,0.5199776158037708,0.6106959003944146,0.5729582543712916,0.49928813337067274,0.5738177839857201,0.7022275988679483,0.6477702007735862
rxn00321_c0,0.7095282042850246,0.5854568237974631,0.5199776158037708,0.6106959003944226,0.5729582543712916,0.49928813337066985,0.5738177839857235,0.7022275988679483,0.6477702007735905
rxn05313_c0,0.7083722626441132,0.5845030154534165,0.5191151998506134,0.6102038436132339,0.5720124263019297,0.4984683430452435,0.5733936338782177,0.7010714293158125,0.6466986112723639
rxn00913_c0,0.709528204285018,0.5854568237974715,0.5199776158037716,0.6106959003944193,0.5729582543713088,0.49928813337067907,0.5738177839857096,0.7022275988679505,0.6477702007735915
rxn23042_c0,-1.4479176534261575e-15,2.783372435573767e-16,2.3395262399022615e-16,4.7877985390802636e-17,5.38802348362154e-16,1.3201321430682928e-17,-5.455331882092991e-16,-1.6610521865081834e-16,0.0
EX_cpd30760_e0,0.7095282042850253,0.5854568237974591,0.5199776158037687,0.6106959003944232,0.5729582543713075,0.4992881333706884,0.5738177839857164,0.7022275988679486,0.6477702007735981
rxn03245_c0,0.7095282042850065,0.5854568237974594,0.5199776158037628,0.6106959003944226,0.5729582543713049,0.49928813337067585,0.5738177839857359,0.7022275988679555,0.6477702007735917
rxn03884_c0,0.7095282042850065,0.5854568237974594,0.5199776158037628,0.6106959003944226,0.5729582543713049,0.49928813337067585,0.5738177839857359,0.7022275988679555,0.6477702007735917
rxn00536_c0,0.7095282042850065,0.5854568237974594,0.5199776158037628,0.6106959003944226,0.5729582543713049,0.49928813337067585,0.5738177839857359,0.7022275988679555,0.6477702007735917
rxn07431_c0,0.7095282042850065,0.5854568237974594,0.43586155818175143,0.6106959003944231,0.5729582543713049,0.49928813337067585,0.5738177839857359,0.7022275988679555,0.6383120022157894
rxn09177_c0,0.7095282042850065,0.5854568237974594,0.5199776158037622,0.6106959003944231,0.5729582543713049,0.49928813337067585,0.5738177839857359,0.7022275988679555,0.6477702007735924
rxn01268_c0,0.7095282042850231,0.5854568237974594,0.5199776158037683,0.6106959003944181,0.5729582543712921,0.49928813337067623,0.573817783985716,0.7022275988679555,0.6477702007736089
rxn05651_c0,0.7083601739304457,0.5844930406280553,0.5191061810653925,0.6101986934475409,0.572002535149778,0.4984597698765874,0.5733891941662826,0.701059338429896,0.6466874049890406
EX_cpd00117_e0,0.7095282042850258,0.5854568237974652,0.5199776158037666,0.610695900394421,0.5729582543713059,0.49928813337068034,0.5738177839857092,0.702227598867944,0.647770200773596
rxn02720_c0,0.7095282042850533,0.5854568237974594,0.5199776158037687,0.6106959003944181,0.5729582543712921,0.49928813337068484,0.5738177839857261,0.7022275988679555,0.6477702007735899
rxn02850_c0,0.7095282042850533,0.5854568237974594,0.5199776158037687,0.6106959003944181,0.5729582543712921,0.49928813337068484,0.5738177839857261,0.7022275988679555,0.6477702007735899
rxn02916_c0,0.7095282042850533,0.5854568237974594,0.5199776158037687,0.6106959003944181,0.5729582543712921,0.49928813337068484,0.5738177839857261,0.7022275988679555,0.6477702007735899
rxn01129_c0,0.7095282042850533,0.5854568237974594,0.5199776158037687,0.6106959003944181,0.5729582543712921,0.49928813337068484,0.5738177839857261,0.7022275988679555,0.6477702007735899
rxn00106_c0,0.7095282042850533,0.5854568237974594,0.5199776158037687,0.6106959003944217,0.5729582543712921,0.49928813337068484,0.5738177839857261,0.7022275988679512,0.6477702007735899
rxn43581_c0,-7.22635393509985e-16,2.783372435573767e-16,5.736993100821506e-16,-8.469634115455717e-17,-6.748048045295264e-16,0.0,2.3500844505912516e-16,-1.1674204496787514e-16,1.71895049580374e-15
rxn01642_c0,0.7095282042850285,0.5854568237974602,0.5199776158037743,0.6106959003944225,0.5729582543713115,0.49928813337068695,0.5738177839857184,0.7022275988679485,0.6477702007736463
rxn08890_c0,0.7095282042850195,0.5854568237974594,0.5199776158037687,0.6106959003944217,0.5729582543712921,0.49928813337067673,0.5738177839857266,0.702227598867958,0.6477702007735981
rxn01825_c0,0.7095282042850195,0.5854568237974594,0.5199776158037687,0.6106959003944217,0.5729582543712921,0.49928813337067673,0.5738177839857266,0.702227598867958,0.6477702007735981
rxn09188_c0,0.7095282042850195,0.5854568237974594,0.5199776158037687,0.6106959003944217,0.5729582543712921,0.49928813337067673,0.5738177839857266,0.702227598867958,0.6477702007735981
rxn00283_c0,0.7095282042850302,0.5854568237974661,0.5199776158037621,0.6106959003944215,0.5729582543713133,0.4992881333706812,0.5738177839857266,0.7022275988679482,0.6477702007735917
rxn00301_c0,0.7095282042850302,0.5854568237974661,0.5199776158037621,0.6106959003944215,0.5729582543713133,0.4992881333706812,0.5738177839857266,0.7022275988679482,0.6477702007735917
rxn00714_c0,0.7095282042850302,0.5854568237974661,0.5199776158037621,0.6106959003944215,0.5729582543713133,0.4992881333706812,0.5738177839857266,0.7022275988679482,0.6477702007735917
rxn01997_c0,0.7095282042850302,0.5854568237974661,0.5199776158037621,0.6106959003944215,0.5729582543713133,0.4992881333706812,0.5738177839857266,0.7022275988679482,0.6477702007735917
rxn06022_c0,0.7095282042850302,0.5854568237974661,0.5199776158037621,0.6106959003944215,0.5729582543713133,0.4992881333706812,0.5738177839857266,0.7022275988679482,0.6477702007735917
EX_cpd23538_e0,0.7095282042850302,0.5854568237974661,0.5199776158037621,0.6106959003944215,0.5729582543713133,0.4992881333706812,0.5738177839857266,0.7022275988679482,0.6477702007735917
rxn29147_c0,0.7095282042850302,0.5854568237974661,0.5199776158037621,0.6106959003944215,0.5729582543713133,0.4992881333706812,0.5738177839857266,0.7022275988679482,0.6477702007735917
rxn00213_c0,0.7095282042850302,0.5854568237974661,0.5199776158037621,0.6106959003944215,0.5729582543713133,0.4992881333706812,0.5738177839857266,0.7022275988679482,0.6477702007735917
rxn03061_c0,0.7095282042850302,0.5854568237974661,0.4358615581820429,0.6106959003944215,,0.4992881333706812,0.5738177839857266,0.7022275988679482,0.6216048141060879
rxn01962_c0,0.7095282042850302,0.5854568237974661,0.5199776158037647,0.6106959003944215,0.5729582543711538,0.4992881333706812,0.5738177839857266,0.7022275988679482,0.6477702007735695
EX_cpd00023_e0,,0.5854568237974661,0.5199776158037753,0.6106959003944215,0.5729582543713144,0.4992881333706812,0.5738177839857266,0.7022275988679482,0.4355607075653542
rxn01125_c0,0.7095282042850345,0.5854568237974661,0.5199776158037753,0.6106959003944215,0.5729582543713144,0.4992881333706812,0.5738177839857266,0.7022275988679482,0.6477702007735867
rxn04943_c0,0.7095282042850207,0.5854568237974661,0.5199776158037753,0.6106959003944215,0.5729582543713144,0.4992881333706812,0.5738177839857266,0.7022275988679482,0.6477702007735952
rxn03175_c0,-2.561509150126989e-16,1.9173701517478555e-16,5.403660581898422e-16,2.286863130940945e-16,-8.07372371072548e-17,-3.277723846218198e-16,1.4313407634072514e-16,-4.143152603013239e-16,1.7555856072008234e-16
rxn05349_c0,0.7095282042850323,0.5854568237974582,0.5199776158037657,0.6106959003944129,0.5729582543713112,0.49928813337069006,0.5738177839857188,0.7022275988679504,0.6477702007735981
rxn07980_c0,0.7095282042850248,0.5854568237974604,0.5199776158037753,0.6106959003944319,0.5729582543713144,0.4992881333706854,0.5738177839857261,0.7022275988679542,0.6477702007735919
rxn01015_c0,0.7095282042850248,0.5854568237974604,0.5199776158037753,0.6106959003944319,0.5729582543713144,0.4992881333706854,0.5738177839857261,0.7022275988679542,0.6477702007735919
rxn05330_c0,-6.630110389833488e-17,3.6557360716395747e-16,8.079579806446201e-16,-2.134964689464044e-17,-3.5881006550909414e-16,2.570845993414408e-17,2.727776594436271e-16,-3.9568272515493343e-17,5.538262463235589e-17
rxn00225_c0,0.7095282042852521,0.5854568237974592,0.519977615803767,0.6106959003944237,0.5729582543713102,0.49928813337068495,0.5738177839857168,0.702227598867943,0.6477702007735614
rxn00275_c0,0.7095282042850212,0.5854568237974398,0.5199776158037731,0.610695900394422,0.5729582543713168,0.4992881333706846,0.5738177839857028,0.7022275988679462,0.6477702007735824
rxn01042_c0,0.709528204285023,0.5854568237974398,0.5199776158037731,0.610695900394422,0.5729582543713158,0.49928813337068734,0.5738177839857221,0.7022275988679392,0.6477702007735923
rxn02008_c0,0.709528204285023,0.5854568237974398,0.5199776158037731,0.610695900394422,0.5729582543713158,0.49928813337068734,0.5738177839857221,0.7022275988679392,0.6477702007735923
rxn05581_c0,0.709528204285023,0.5854568237974398,0.5199776158037731,0.610695900394422,0.5729582543713158,0.49928813337068734,0.5738177839857221,0.7022275988679392,0.6477702007735923
rxn00836_c0,0.709528204285023,0.5854568237974398,0.5199776158037731,0.610695900394422,0.5729582543713158,0.49928813337068734,0.5738177839857221,0.7022275988679392,0.6477702007735923
rxn12008_c0,0.709528204285023,0.5854568237974398,0.5199776158037731,0.610695900394422,0.5729582543713158,0.49928813337068734,0.5738177839857221,0.7022275988679392,0.6477702007735923
rxn00077_c0,0.709528204285023,0.5854568237974398,0.5199776158037731,0.610695900394422,0.5729582543713158,0.49928813337068734,0.5738177839857221,0.7022275988679392,0.6477702007735923
rxn09014_c0,0.7095282042850217,0.5854568237974322,0.5199776158037863,0.610695900394421,0.5729582543713143,0.49928813337068784,0.5738177839857117,0.7022275988679342,0.6477702007735695
rxn01513_c0,-1.8059767698181767e-16,7.37885201463495e-16,4.933245293386792e-16,-2.3199616508536765e-15,-7.482941211575025e-16,-1.0587299018387117e-15,-6.319758602184795e-17,1.9845770672063313e-15,-2.0478671960144962e-16
rxn01652_c0,0.7095282042850277,0.5854568237974578,0.5199776158037683,0.6106959003944263,0.5729582543713116,0.49928813337068,0.573817783985715,0.7022275988679447,0.6477702007735969
EX_cpd00309_e0,0.7095282042850241,0.5854568237974322,0.5199776158037863,0.610695900394421,0.5729582543713143,0.4992881333706853,0.5738177839857117,0.7022275988679835,0.6477702007735695
rxn00849_c0,0.7095282042850241,0.5854568237974322,0.5199776158037863,0.610695900394421,0.5729582543713143,0.4992881333706853,0.5738177839857117,0.7022275988679835,0.6477702007735695
rxn01630_c0,0.7095282042850241,0.5854568237974322,0.5199776158037863,0.610695900394421,0.5729582543713143,0.4992881333706853,0.5738177839857117,0.7022275988679835,0.6477702007735695
rxn11955_c0,0.7095282042850241,0.5854568237974322,0.5199776158037863,0.610695900394421,0.5729582543713143,0.4992881333706853,0.5738177839857117,0.7022275988679835,0.6477702007735695
rxn10204_c0,0.7095282042850241,0.5854568237974322,0.5199776158037863,0.610695900394421,0.5729582543713143,0.4992881333706853,0.5738177839857117,0.7022275988679835,0.6477702007735695
rxn00016_c0,0.7095282042850241,0.5854568237974322,0.5199776158037863,0.610695900394421,0.5729582543713143,0.4992881333706853,0.5738177839857117,0.7022275988679835,0.6477702007735695
rxn02319_c0,0.7095282042850241,0.5854568237974322,0.5199776158037863,0.610695900394421,0.5729582543713143,0.4992881333706853,0.5738177839857117,0.7022275988679835,0.6477702007735695
rxn40431_c0,0.7095282042850241,0.5854568237974322,0.5199776158037863,0.610695900394421,0.5729582543713143,0.4992881333706853,0.5738177839857117,0.7022275988679835,0.6477702007735695
rxn03910_c0,-7.753542325077844e-16,6.437049128576881e-16,-4.958096374042305e-16,-4.643576506323476e-16,4.718018227110831e-16,2.849916876309724e-16,3.206042951243559e-16,2.8554957688435283e-15,1.4723504317788978e-16
rxn00915_c0,0.7095282042850317,0.5854568237974561,0.5199776158037771,0.610695900394423,0.5729582543713131,0.4992881333706814,0.5738177839857207,0.7022275988679483,0.6477702007735918
rxn01021_c0,0.7095282042850237,0.5854568237974322,0.5199776158037863,0.610695900394421,0.5729582543713143,0.49928813337068534,0.5738177839857079,0.7022275988679864,0.6477702007736
rxn01353_c0,0.7095282042850237,0.5854568237974322,0.5199776158037863,0.610695900394421,0.5729582543713143,0.49928813337068534,0.5738177839857079,0.7022275988679864,0.6477702007736
rxn05654_c0,0.7095282042850268,0.5854568237974561,0.5199776158037712,0.610695900394421,0.5729582543713011,0.49928813337068945,0.5738177839857209,0.7022275988679499,0.6477702007736008
rxn00712_c0,0.7095282042850268,0.5854568237974561,0.5199776158037712,0.610695900394421,0.5729582543713011,0.49928813337068945,0.5738177839857209,0.7022275988679499,0.6477702007736008
EX_cpd00029_e0,0.7088362426610769,0.5766625978481922,0.5145877352676648,0.610695900394421,0.5581747686875309,0.47723233824498484,0.5738177839857209,0.7005753898602743,0.6406177074742441
EX_cpd00214_e0,0.7095282042850222,0.5854568237974531,0.5199776158037678,0.610695900394421,0.5729582543713132,0.49928813337065997,0.5738177839857209,0.7022275988679008,0.6477702007735895
rxn02474_c0,-4.243557260059628e-16,-9.765351470522176e-17,3.905953939253057e-17,1.2263533406924521e-15,-8.17844169833138e-16,-1.5210636247359008e-16,-5.633786272831791e-17,8.579545943812894e-16,1.4891138520144517e-15
rxn00977_c0,0.7095282042850232,0.5854568237974555,0.5199776158037827,0.6106959003944218,0.5729582543713135,0.4992881333706853,0.5738177839857173,0.7022275988679476,0.647770200773561
rxn05342_c0,-4.849779725782431e-16,-9.765351470522176e-17,1.6081735601268024e-16,-2.9181514350529477e-16,-4.2999880055220086e-16,-2.6501718351602014e-16,3.1506614788319497e-16,4.8637789823229955e-15,-4.69036503871405e-17
rxn00097_c0,0.7095282042850308,0.585456823797465,0.5199776158037668,0.6106959003944207,0.5729582543713125,0.4992881333706853,0.5738177839857173,0.7022275988679463,0.6477702007735935
rxn02507_c0,3.5347701817055437e-16,-8.237842515938964e-17,3.107282388121907e-16,7.732933873707902e-16,-6.218712918086168e-16,-7.016907462934536e-16,-1.5633583200870737e-16,8.370053497884862e-15,-9.499939776723923e-16
rxn00832_c0,3.9629821858913613e-14,3.0134096544766807e-14,-2.6240200058951783e-14,6.654714668529918e-15,3.6348878682087846e-15,4.648032840290744e-14,2.5182292446407015e-14,4.974363607255428e-15,4.376832472184674e-15
rxn00871_c0,0.7095282042850309,0.5854568237974617,0.5199776158037749,0.6106959003944168,0.5729582543713163,0.4992881333706839,0.5738177839857188,0.7022275988679512,0.6477702007735924
rxn08124_c0,0.7095282042850143,0.5854568237974567,0.5199776158037703,0.610695900394421,0.5729582543713108,0.49928813337067895,0.5738177839857209,0.7022275988678999,0.6477702007735552
rxn03409_c0,0.7095282042850143,0.5854568237974567,0.5199776158037703,0.610695900394421,0.5729582543713108,0.49928813337067895,0.5738177839857209,0.7022275988678999,0.6477702007735552
rxn00423_c0,0.7095282042850143,0.5854568237974567,0.5199776158037703,0.610695900394421,0.5729582543713108,0.49928813337067895,0.5738177839857209,0.7022275988678999,0.6477702007735552
rxn03886_c0,0.7095282042850143,0.5854568237974567,0.5199776158037703,0.610695900394421,0.5729582543713108,0.49928813337067895,0.5738177839857209,0.7022275988678999,0.6477702007735552
rxn05561_c0,0.7095282042850143,0.5854568237974567,0.5199776158037703,0.610695900394421,0.5729582543713108,0.49928813337067895,0.5738177839857209,0.7022275988678999,0.6477702007735552
rxn05295_c0,-1.2124449314456077e-16,-2.9804855121746653e-16,3.107282388121907e-16,3.4007520646271665e-17,-6.218712918086168e-16,7.069142642721902e-16,-2.3776037813207635e-16,-5.64121015433768e-16,2.523862083598065e-15
rxn01387_c0,0.7095282042850226,0.5503860264513682,0.4883750844597254,0.5884167979253331,0.5380756794104795,0.4691588371636846,0.5545565160160016,0.7022275988679503,0.6477702007735942
rxn08802_c0,0.7095282042849668,0.5854568237974621,0.5199776158037769,0.6106959003944176,0.5729582543713043,0.4992881333706819,0.573817783985729,0.7022275988679729,0.6477702007736091
rxn01128_c0,0.7095282042849668,0.5854568237974589,0.5199776158037736,0.6106959003944232,0.5729582543713307,0.4992881333706848,0.5738177839857166,0.7022275988679432,0.6477702007736091
rxn10209_c0,0.7095282042849668,0.5854568237974589,0.519977615803773,0.6106959003944232,0.5729582543713133,0.49928813337068073,0.5738177839857166,0.7022275988679432,0.6477702007736091
rxn01080_c0,0.7095282042849668,0.5854568237974589,0.519977615803773,0.6106959003944232,0.5729582543713133,0.49928813337068073,0.5738177839857166,0.7022275988679432,0.6477702007736091
rxn02125_c0,0.7095282042849668,0.5854568237974589,0.519977615803773,0.6106959003944232,0.5729582543713133,0.49928813337068073,0.5738177839857166,0.7022275988679432,0.6477702007736091
rxn08298_c0,0.7095282042849668,0.5854568237974589,0.519977615803773,0.6106959003944232,0.5729582543713133,0.49928813337068073,0.5738177839857166,0.7022275988679432,0.6477702007736091
rxn00890_c0,0.7095282042849668,0.5854568237974589,0.519977615803773,0.6106959003944232,0.5729582543713133,0.49928813337068073,0.5738177839857166,0.7022275988679432,0.6477702007736091
octanoyl_xfer,0.7095282042849668,0.5854568237974589,0.519977615803773,0.6106959003944232,0.5729582543713133,0.49928813337068073,0.5738177839857166,0.7022275988679432,0.6477702007736091
rxn01111_c0,0.7095282042849668,0.5854568237974589,0.519977615803773,0.6106959003944232,0.5729582543713133,0.49928813337068073,0.5738177839857166,0.7022275988679432,0.6477702007736091
rxn00291_c0,0.7095282042849668,0.5854568237974589,0.519977615803773,0.6106959003944232,0.5729582543713133,0.49928813337068073,0.5738177839857166,0.7022275988679432,0.6477702007736091
rxn01925_c0,0.7095282042849668,0.5854568237974589,0.43586155818204814,0.6106959003944232,0.5729582543713133,0.49928813337068073,0.5738177839857166,0.7022275988679432,0.6383120022158071
rxn10237_c0,0.7095282042849668,0.5854568237974589,0.5199776158038515,0.6106959003944232,0.5729582543713133,0.49928813337068073,0.5738177839857166,0.7022275988679432,0.6477702007735991
rxn00601_c0,0.7095282042849668,0.5854568237974589,0.5199776158037778,0.6106959003944232,0.5729582543713133,0.49928813337068073,0.5738177839857166,0.7022275988679432,0.6477702007736091
rxn00715_c0,0.7095282042849668,0.5854568237974589,0.5199776158037778,0.6106959003944232,0.5729582543713133,0.49928813337068073,0.5738177839857166,0.7022275988679432,0.6477702007736091
rxn10264_c0,0.7095282042849668,0.5854568237974589,0.5199776158037778,0.6106959003944232,0.5729582543713133,0.49928813337068073,0.5738177839857166,0.7022275988679432,0.6477702007736091
rxn05323_c0,9.986083432153945e-16,-3.8405894904311455e-16,-1.7124572585214022e-16,-1.0997394288516205e-16,7.783439296390176e-16,1.6734064801032058e-16,-1.940933112009571e-16,2.3446855576248702e-15,-1.3299571740218986e-15
rxn07450_c0,0.7095282042850289,0.5854568237974584,0.5199776158037672,0.6106959003944211,0.5729582543713033,0.4992881333706855,0.5738177839857193,0.7022275988679487,0.6477702007735965
rxn00173_c0,0.7095282042850137,0.5854568237974589,0.5199776158037778,0.6106959003944232,0.5729582543713133,0.4992881333706882,0.5738177839857166,0.702227598867942,0.64777020077361
rxn00647_c0,0.7073906749476323,0.583693072717404,0.5183829044027426,0.6097853674299395,0.571209292300889,0.49777222044929686,0.5735992867096753,0.7000896794739371,0.6457886949548294
rxn00509_c0,0.7095282042850469,0.5854568237974777,0.5199776158037728,0.6106959003944087,0.5729582543712903,0.49928813337067396,0.5738177839857368,0.7022275988679345,0.6477702007735779
rxn10232_c0,0.7095282042850883,0.58545682379746,0.5199776158037671,0.6106959003944232,0.5729582543713133,0.49928813337068034,0.5738177839857213,0.702227598867965,0.6477702007735893
rxn16141_c0,0.7095282042850883,0.58545682379746,0.5199776158037671,0.6106959003944232,0.5729582543713135,0.49928813337068034,0.5738177839857213,0.702227598867965,0.6477702007735893
rxn01000_c0,1.7697344063511951e-15,-1.0313467168935595e-15,2.987920594541179e-16,2.36050321049472e-16,-2.7740991435293884e-16,1.2005088767890264e-16,-5.5430726961393495e-16,-5.641210154337678e-16,6.236157049018979e-16
rxn09306_c0,0.7095282042850255,0.5854568237974611,0.5199776158037673,0.6106959003944229,0.57295825437131,0.4992881333706847,0.5738177839857193,0.7022275988679502,0.6477702007735912
isc_split,0.7095282042850392,0.58545682379746,0.5199776158037671,0.6106959003944232,0.5729582543713132,0.4992881333706824,0.5738177839857107,0.7022275988679355,0.6477702007736008
rxn03393_c0,3.893298686245328e-16,2.933091853001201e-15,6.777652796004596e-18,-1.5079330127444407e-16,-7.091314848404689e-16,-3.9231591160379133e-16,-5.01795830225989e-16,1.4047601127858025e-15,-1.3299385552239039e-16
rxn01362_c0,0.0,0.0,0.0,0.0,0.0,0.0,0.0,0.0,0.0
rxn05064_c0,0.7095282042850283,0.5854568237974591,0.5199776158037692,0.6106959003944277,0.5729582543713133,0.4992881333706855,0.5738177839857188,0.7022275988679497,0.6477702007735969
rxn10230_c0,0.7095282042850491,0.58545682379746,0.5199776158037671,0.6106959003944232,0.5729582543713132,0.4992881333706645,0.5738177839857213,0.7022275988679355,0.6477702007736008
rxn08942_c0,0.7095282042850491,0.58545682379746,0.5199776158037671,0.6106959003944232,0.5729582543713132,0.4992881333706645,0.5738177839857213,0.7022275988679355,0.6477702007736008
rxn00138_c0,0.7095282042850491,0.58545682379746,0.5199776158037671,0.6106959003944232,0.5729582543713132,0.4992881333706645,0.5738177839857213,0.7022275988679355,0.6477702007736008
rxn00779_c0,0.7095282042850491,0.58545682379746,0.5199776158037671,0.6106959003944232,0.5729582543713132,0.4992881333706645,0.5738177839857213,0.7022275988679355,0.6477702007736008
rxn02285_c0,0.7095282042850491,0.58545682379746,0.5199776158037671,0.6106959003944232,0.5729582543713132,0.4992881333706645,0.5738177839857213,0.7022275988679355,0.6477702007736008
DM_cpd11416_c0,1.2239635502447506e-15,-8.148417392990545e-16,8.161419689456892e-16,1.4934461671729668e-16,-2.7740991435293884e-16,3.2291950680799777e-16,-5.54307269613935e-16,-9.290953089991585e-16,-8.250262811162941e-16
rxn46031_c0,0.7095282042850305,0.5854568237974613,0.5199776158037656,0.610695900394424,0.5729582543713091,0.4992881333706871,0.5738177839857194,0.7022275988679628,0.6477702007736101
rxn08558_c0,0.7095282042850466,0.58545682379746,0.5199776158037671,0.6106959003944232,0.5729582543713132,0.49928813337068173,0.5738177839857107,0.7022275988679288,0.6477702007736008
rxn03903_c0,0.7095282042850466,0.58545682379746,0.5199776158037671,0.6106959003944232,0.5729582543713132,0.49928813337068173,0.5738177839857107,0.7022275988679288,0.6477702007736008
rxn35550_c0,0.7095282042850466,0.58545682379746,0.5199776158037671,0.6106959003944232,,0.49928813337068173,0.5738177839857107,0.7022275988679288,0.6311830652320619
rxn04791_c0,0.7095282042850466,0.58545682379746,0.5199776158037671,0.6106959003944232,0.5729582543713337,0.49928813337068173,0.5738177839857107,0.7022275988679288,0.6477702007735975
rxn02914_c0,0.7060038126298744,0.5828143316772798,0.5167969296776319,0.6093306810117067,0.5694698619578336,0.49701698475510414,0.5738177839857107,0.6979633774393079,0.6448015323071593
rxn00853_c0,0.7095282042850269,0.585456823797479,0.5199776158037651,0.6106959003944247,0.572958254371311,0.49928813337068484,0.5738177839857107,0.7022275988679646,0.6477702007736078
rxn01073_c0,0.709528204285044,0.5854568237974376,0.5199776158037669,0.6106959003944232,0.5729582543713161,0.499288133370674,0.5738177839857107,0.7022275988679262,0.6477702007735995
rxn05034_c0,0.709528204285044,0.5854568237974376,0.5199776158037669,0.6106959003944232,0.5729582543713161,0.499288133370674,0.5738177839857107,0.7022275988679262,0.6477702007735995
rxn05733_c0,0.709528204285044,0.5854568237974376,0.5199776158037669,0.6106959003944232,0.5729582543713161,0.499288133370674,0.5738177839857107,0.7022275988679262,0.6477702007735995
rxn11040_c0,0.709528204285044,0.5854568237974376,0.5199776158037669,0.6106959003944232,0.5729582543713161,0.499288133370674,0.5738177839857107,0.7022275988679262,0.6477702007735995
rxn02276_c0,0.709528204285044,0.5854568237974376,0.5199776158037669,0.6106959003944232,0.5729582543713161,0.499288133370674,0.5738177839857107,0.7022275988679262,0.6477702007735995
rxn01871_c0,0.6747299093916818,0.4678385619137799,0.4715912615546517,0.5772606232497357,0.540923753588694,0.4992881333706722,0.49297739766969556,0.6662851762183472,0.5982776046073414
rxn04456_c0,0.709528204285042,0.585456823797464,0.5199776158038012,0.6106959003944232,0.5729582543713111,0.4992881333706854,0.5738177839857358,0.7022275988679567,0.647770200773616
rxn03108_c0,5.047918675072663e-16,1.5541780170462645e-16,1.4284935656955596e-15,-4.372221461622574e-17,2.6034860113692166e-16,-1.3262886148143563e-15,7.412367343001743e-16,-5.641210154337678e-16,-3.2620426475542507e-15
rxn05394_c0,0.7095282042850379,0.585456823797462,0.5199776158037709,0.610695900394427,0.5729582543713115,0.49928813337068834,0.5738177839857221,0.7022275988679527,0.6477702007736029
rxn14061_c0,0.0,-2.4548741295129467e-15,-1.315438640418154e-17,2.1121073340748554e-16,7.469631907186832e-16,5.2275079630558805e-18,-4.252868872213394e-16,-9.290953089991599e-16,4.888279997182153e-15
ureidogly_carbamoyl_xfer,0.7095282042850298,0.585456823797463,0.51997761580377,0.6106959003944225,0.5729582543713126,0.49928813337068384,0.5738177839857209,0.7022275988679506,0.6477702007736366
rxn01394_c0,0.7095282042850284,0.5854568237974834,0.5199776158037805,0.6106959003944193,0.5729582543713053,0.49928813337068856,0.5738177839857249,0.7022275988679525,0.6477702007736084
rxn01256_c0,3.03111232861402e-16,1.4181921834501195e-15,-1.315438640418154e-17,-3.5257280999830377e-15,5.477627488349202e-16,2.668047011142452e-16,1.8185265455135333e-16,1.7697344063511943e-15,-3.318464999543438e-15
rxn06078_c0,0.709528204285024,0.5854568237974598,0.5199776158037684,0.6106959003944196,0.5729582543713102,0.49928813337068484,0.5738177839857179,0.7022275988679518,0.6477702007735948
rxn01894_c0,0.7095282042850305,0.5854568237974834,0.5199776158037805,0.6106959003944147,0.5729582543713053,0.4992881333706818,0.5738177839857249,0.7022275988679113,0.6477702007736226
rxn01041_c0,0.7095282042850269,0.5854568237974834,0.5199776158037805,0.6106959003944147,0.5729582543713053,0.4992881333706818,0.5738177839857249,0.7022275988679113,0.6477702007736226
rxn00907_c0,3.470644729146256e-14,1.4932721404947462e-13,1.51951052481822e-13,-1.5676761716565202e-13,-1.6259424125945222e-13,-2.034679149452711e-14,1.0471077192101358e-13,-4.887874569960931e-13,2.9209531243541126e-13
rxn00649_c0,0.7095282042850325,0.5854568237974647,0.5199776158037724,0.6106959003944229,0.5729582543713092,0.4992881333706817,0.5738177839857169,0.7022275988679495,0.6477702007735877
rxn10220_c0,0.7095282042850269,0.5854568237974834,0.5199776158037805,0.6106959003944233,0.5729582543713053,0.4992881333706833,0.5738177839857249,0.7022275988679199,0.6477702007736226
rxn00113_c0,0.7064205605017666,0.5828925969663917,0.517659204338034,0.6093712058411281,0.5704155747094211,0.49708424928902256,0.5726757761943618,0.6991194331022511,0.6448894523383313
rxn03047_c0,0.7095282042850217,0.5854568237974402,0.5199776158037702,0.6106959003944281,0.572958254371302,0.4992881333706815,0.5738177839857281,0.7022275988679338,0.6477702007735466
rxn02400_c0,0.7095282042850269,0.5854568237974834,0.5199776158037805,0.6106959003944233,0.5729582543713053,0.4992881333706833,0.5738177839857249,0.7022275988679199,0.6477702007736226
rxn09102_c0,0.7095282042850269,0.5854568237974834,0.5199776158037805,0.6106959003944233,0.5729582543713053,0.4992881333706833,0.5738177839857249,0.7022275988679199,0.6477702007736226
rxn01351_c0,0.7095282042850269,0.5854568237974834,0.5199776158037805,0.6106959003944233,0.5729582543713053,0.4992881333706833,0.5738177839857249,0.7022275988679199,0.6477702007736226
rxn14422_c0,0.7095282042850269,0.5854568237974834,0.5199776158037805,0.6106959003944233,0.5729582543713053,0.4992881333706833,0.5738177839857249,0.7022275988679199,0.6477702007736226
EX_cpd00149_e0,2.585084833422046e-16,-4.93894333641061e-16,1.4284935656955596e-15,-2.1097898257592768e-16,5.105571826093962e-16,-2.652162595543631e-16,9.538742524577747e-17,-8.84201840854899e-16,1.2291330426311123e-14
rxn00657_c0,0.7095160197814632,0.5854467699324922,0.5199685250192382,0.610690717971511,0.5729482844109636,0.4992794920483132,0.573813317061239,0.7022154117535734,0.6477589051244813
rxn02449_c0,0.7095282042850479,0.5854568237974956,0.5199776158037709,0.6106959003944181,0.5729582543713091,0.4992881333706938,0.573817783985715,0.7022275988679679,0.6477702007735988
rxn10266_c0,0.7095282042850262,0.5854568237974834,0.5199776158037805,0.6106959003944247,0.5729582543713053,0.4992881333706863,0.5738177839857249,0.7022275988679342,0.6477702007736282
rxn08311_c0,-2.70701977083712e-16,-2.3774947922101416e-15,6.191292495458751e-16,-1.1032792947222908e-15,5.105571826093962e-16,-7.0153846110575475e-16,-6.352840194216144e-16,-5.035040767465148e-15,-1.0949471975735249e-15
rxn10267_c0,0.7095282042850257,0.5854568237974576,0.5199776158037628,0.6106959003944202,0.5729582543713119,0.4992881333706912,0.5738177839857126,0.7022275988679496,0.6477702007735914
rxn05327_c0,7.318384990050113e-16,-7.872042368725372e-16,6.191292495458751e-16,-7.446055821504518e-16,5.477627488349202e-16,1.8995355849010594e-16,-3.332393387363148e-16,3.605086124738729e-15,-1.8636646776143086e-15
rxn02866_c0,0.7095282042850373,0.5854568237974637,0.5199776158037756,0.6106959003944196,0.5729582543713104,,0.5738177839857262,0.7022275988679497,0.6403110929765244
EX_cpd00099_e0,1.9943021540995533e-17,-2.3774947922101416e-15,1.4284935656955596e-15,2.5902013797761903e-16,2.6034860113692166e-16,-3.8695860655831993e-31,-7.910824603127543e-16,2.5354149434223912e-15,-4.701605945273461e-16
rxn09979_c0,0.7095282042850355,0.5854568237974693,0.519977615803776,0.6106959003944249,0.5729582543713168,0.49928813337068784,0.5738177839857262,0.7022275988679489,0.6477702007736623
rxn05346_c0,1.5522754348835266e-17,3.4168686355813827e-18,1.406402023805694e-17,0.0,1.7380769382881862e-32,4.084658621847236e-31,-1.233795350939689e-17,0.0,3.0223276073233817e-33
rxn04604_c0,0.7095282042845183,0.5854568237972018,0.5199776158027719,0.61069590039356,0.5729582543712822,0.4992881333706734,0.5738177839857046,0.7022275988679786,0.6477702007730993
rxn08814_c0,0.7095282042850363,0.5854568237974722,0.5199776158037619,0.610695900394429,0.5729582543713104,0.4992881333706898,0.5738177839857016,0.7022275988679112,0.6477702007736361
rxn10229_c0,0.7095282042850363,0.5854568237974722,0.5199776158037619,0.610695900394429,0.5729582543713104,0.4992881333706898,0.5738177839857016,0.7022275988679112,0.6477702007736361
rxn00236_c0,0.7095282042850363,0.5854568237974722,0.5199776158037619,0.610695900394429,0.5729582543713104,0.4992881333706898,0.5738177839857016,0.7022275988679112,0.6477702007736361
rxn00251_c0,0.625722786030221,0.5664716602730708,0.5020741002512641,0.5567930310176323,0.5533201010866903,0.4724759472336409,0.5419593247188476,0.6174685939710305,0.6030399671438122
rxn03436_c0,2.378324018933222e-16,1.2676875383802835e-15,2.0879764750072256e-16,-4.3933534791521527e-16,0.5729582543713084,-1.3176820437188047e-15,-3.9696085209636935e-16,-1.6201754358333693e-16,0.6477702007735905
rxn35552_c0,0.7095282042850259,0.5854568237974596,0.5199776158037702,0.6106959003944208,0.5729582543713104,,0.5738177839857179,0.702227598867952,0.6403110929765253
rxn07978_c0,0.7095282042850305,0.5854568237974722,0.5199776158037619,0.6106959003944173,0.5729582543713104,0.4992881333706985,0.5738177839857305,0.7022275988679562,0.6477702007736039
rxn01439_c0,0.7095282042850305,0.5854568237974722,0.5199776158037619,0.6106959003944173,0.5729582543713104,0.4992881333706884,0.5738177839857305,0.7022275988679562,0.6477702007735976
rxn01299_c0,0.7085674224408626,0.5846640487062904,0.5192689842099633,0.6097537153514998,0.5721810856304145,0.49860674831549107,0.5729276363744195,0.7012775973124137,0.6468795259577871
rxn12405_c0,0.7095282042850246,0.5854568237974629,0.5199776158037747,0.6106959003944189,0.5729582543713175,0.4992881333706935,0.5738177839857067,0.702227598867913,0.6477702007736014
rxn05350_c0,-3.458783575455111e-16,-1.5900637310813596e-15,6.308596779887733e-16,4.293357651700971e-16,3.004822843624339e-16,-2.0679161149594606e-16,-1.8679061345712985e-16,2.4706051018286685e-16,4.00523946714663e-15
rxn00882_c0,0.7095282042850265,0.5854568237974629,0.5199776158037684,0.6106959003944353,0.5729582543713069,0.4992881333706864,0.5738177839857147,0.7022275988679537,0.6477702007736015
rxn00262_c0,0.7095282042850312,0.5854568237974722,0.5199776158037619,0.6106959003944149,0.5729582543713104,0.4992881333706822,0.573817783985758,0.7022275988679362,0.6477702007736043
rxn02475_c0,9.548084923025132e-17,-1.5900637310813596e-15,4.0609816704846777e-16,2.8884566842185427e-16,-1.1762347233932682e-16,1.1845237619499854e-15,1.741022989521318e-16,1.404760112785832e-15,-1.0933587896764575e-16
rxn02774_c0,0.0,0.0,0.0,0.0,0.0,0.0,0.0,0.0,0.0
rxn03437_c0,0.0,0.0,0.0,0.0,0.5729582543713154,0.0,0.0,0.0,0.6477702007735953
rxn07434_c0,0.7095282042850292,0.5854568237974637,0.519977615803771,0.6106959003944277,,0.49928813337068834,0.5738177839857218,0.7022275988679527,0.6311830652320566
rxn08642_c0,0.7095282042850305,0.5854568237974722,0.5199776158037619,0.6106959003944196,0.5729582543711457,0.4992881333706945,0.5738177839857089,0.7022275988679455,0.6477702007735929
rxn00313_c0,-1.8201893649455045e-16,-1.5900637310813596e-15,6.308596779887733e-16,4.2359451306746504e-16,-2.891957050842232e-15,-4.024737945600461e-15,2.3216930046311297e-15,9.746315086480932e-17,3.5418390264749067e-16
rxn09103_c0,0.7095282042850246,0.5854568237974598,0.5199776158037709,0.6106959003944209,0.5729582543713084,0.49928813337069033,0.5738177839857143,0.7022275988679537,0.6477702007735954
rxn07455_c0,0.7095282042850459,0.5854568237974722,0.5199776158037619,0.6106959003944225,0.5729582543713106,0.4992881333706916,0.573817783985712,0.7022275988679528,0.6477702007736
rxn08173_c0,0.24969222264255123,0.11259285537138888,0.044402252991978475,0.19827995991589872,0.1128955634623412,0.027131632407982227,0.17595009181618193,0.2496922226424917,0.17110073912196547
rxn01219_c0,0.7095282042850433,0.585456823797464,0.519977615803772,0.6106959003944205,0.5729582543713133,0.49928813337068245,0.5738177839857158,0.7022275988679376,0.647770200773585
rxn03068_c0,0.7095282042850339,0.5854568237974702,0.5199776158037547,0.6106959003944248,0.5729582543713118,0.49928813337068867,0.573817783985743,0.7022275988679444,0.6477702007736156
rxn05466_c0,0.6159384131960608,0.3839505618661021,0.4330960294893037,0.4514603550762668,0.5201207551613732,0.4449178386741148,0.12062233393068268,0.5851297152421789,0.5687825048479702
rxn00410_c0,0.7088980331048702,0.5849368472618366,0.5195074562924655,0.6104277521504723,0.5724426232720488,0.49884121527450914,0.5735866487520935,0.7015972984832352,0.6471860081809312
rxn14229_c0,0.7095282042850277,0.5854568237974803,0.5199776158037662,0.6106959003944176,0.5729582543713113,0.4992881333707003,0.5738177839857261,0.7022275988679504,0.647770200773568
rxn05730_c0,0.7095282042850347,0.5854568237974844,0.5199776158037707,0.6106959003944212,0.5729582543713111,0.49928813337070294,0.5738177839857234,0.7022275988679512,0.6477702007735874
EX_cpd00063_e0,5.566076229912486e-16,-7.899922117212292e-16,-2.1641991434996507e-16,-7.790944198107953e-17,-2.1750438780866624e-16,1.6087567385046657e-16,-6.577630955608789e-16,4.925007329081159e-17,-1.5023646553516105e-15
rxn00290_c0,0.7095282042850353,0.5854568237974606,0.5199776158037719,0.6106959003944233,0.5729582543713123,0.499288133370687,0.5738177839857161,0.702227598867954,0.6477702007735907
rxn01790_c0,-4.5955713739046e-13,-7.052035234221824e-18,-2.1264538629347382e-12,-5.740921992054314e-13,-2.4714938972932855e-13,-1.693599151705735e-13,1.1054449724400513e-12,1.0729120897045754e-12,4.314400160194281e-13
rxn02988_c0,1.1438737992160869e-12,3.6453582989412036e-13,3.616429386398025e-12,-7.658799629745664e-13,1.006214729513972e-12,-3.489251955854667e-13,-3.076670035636389e-13,2.4463452095193157e-12,9.540723672656819e-13
rxn00527_c0,0.7068409455268774,0.5832394715234225,0.5179728048740915,0.6095507472315974,0.5707595171755421,0.49738236980296796,0.5728305812815937,0.6995398718384808,0.6452791214243245
rxn08822_c0,1.4193440469706173e-15,5.614585692512269e-16,3.154460409086506e-17,1.8537225784294253e-15,3.671935995346191e-17,6.61441168368225e-17,1.6797021508155296e-15,8.312828880094942e-16,1.1763584348954333e-15
rxn08799_c0,0.7095282042850295,0.5854568237974598,0.5199776158037731,0.6106959003944177,0.572958254371306,0.4992881333706865,0.5738177839857133,0.7022275988679507,0.6477702007735964
rxn41452_c0,0.7095282042850268,0.5854568237974617,0.5199776158037707,0.610695900394427,0.572958254371314,0.499288133370687,0.5738177839857208,0.7022275988679451,0.6477702007736007
rxn11944_c0,0.7095282042850268,0.5854568237974617,0.5199776158037707,0.610695900394427,0.572958254371314,0.499288133370687,0.5738177839857208,0.7022275988679451,0.6477702007736007
rxn01706_c0,0.7095282042850268,0.5854568237974617,0.5199776158037707,0.610695900394427,0.572958254371314,0.499288133370687,0.5738177839857208,0.7022275988679451,0.6477702007736007
rxn00869_c0,0.7095282042850268,0.5854568237974617,0.5199776158037707,0.610695900394427,0.572958254371314,0.499288133370687,0.5738177839857208,0.7022275988679451,0.6477702007736007
rxn09562_c0,0.7095282042850268,0.5854568237974617,0.5199776158037707,0.610695900394427,0.572958254371314,0.499288133370687,0.5738177839857208,0.7022275988679451,0.6477702007736007
EX_cpd00227_e0,0.7095282042850268,0.5854568237974609,0.5199776158037609,0.610695900394427,0.5729582543713136,0.499288133370687,0.5738177839857193,0.7022275988679443,0.6477702007736007
rxn15341_c0,0.7095282042850268,0.5854568237974609,0.5199776158037609,0.610695900394427,0.5729582543713136,0.499288133370687,0.5738177839857193,0.7022275988679443,0.6477702007736007
EX_cpd00204_e0,-7.555155211817424e-16,6.176816374450065e-16,-3.740669580679072e-16,-1.669800461353331e-16,-6.185501270635503e-16,-1.924518513855086e-16,5.65675516143258e-16,-1.5700396788122883e-16,6.349872494718614e-16
rxn06526_c0,0.70952820428503,0.5854568237974654,0.5199776158037681,0.6106959003944243,0.5729582543713168,0.4992881333706793,0.5738177839857214,0.7022275988679516,0.6477702007735966
rxn00616_c0,0.7095282042850268,0.5854568237974609,0.5199776158037609,0.610695900394427,0.5729582543713136,0.49928813337068967,0.5738177839857208,0.7022275988679443,0.6477702007736007
rxn00119_c0,4.778040761860644e-16,4.63868551292552e-16,-5.860847134247281e-17,2.4811144756389556e-17,4.758857511434351e-17,2.7435485411053667e-16,-7.341627889041534e-17,2.4179870905644706e-16,-1.4974109482429999e-16
EX_cpd10516_e0,0.0,0.0,1.7997639014465966e-28,0.0,1.6907013599567349e-28,-9.292401509250418e-30,0.0,2.635831389704112e-29,0.0
rxn08807_c0,0.7095282042850283,0.5854568237974694,0.5199776158037699,0.6106959003944247,0.5729582543713112,0.49928813337068556,0.5738177839857225,0.7022275988679516,0.6477702007735997
rxn21857_c0,0.7095282042850268,0.5854568237974609,0.5199776158037609,0.610695900394427,0.5729582543713108,0.4992881333706878,0.5738177839857208,0.7022275988679507,0.6477702007735918
rxn01485_c0,0.7095282042850268,0.5854568237974609,0.5199776158037609,0.610695900394427,0.5729582543713108,0.4992881333706878,0.5738177839857208,0.7022275988679507,0.6477702007735918
rxn01392_c0,0.7095282042850268,0.5854568237974609,0.5199776158037609,0.610695900394427,0.5729582543713108,0.4992881333706878,0.5738177839857208,0.7022275988679507,0.6477702007735918
rxn07977_c0,0.7095282042850268,0.5854568237974609,0.5199776158037609,0.610695900394427,0.5729582543713108,0.4992881333706878,0.5738177839857208,0.7022275988679507,0.6477702007735918
rxn00351_c0,0.7095282042850268,0.5854568237974609,0.5199776158037609,0.610695900394427,0.5729582543713108,0.4992881333706878,0.5738177839857208,0.7022275988679507,0.6477702007735918
rxn35676_c0,0.7095282042850268,0.5854568237974609,0.5199776158037609,0.610695900394427,0.5729582543713108,0.4992881333706878,0.5738177839857208,0.7022275988679507,0.6477702007735918
rxn01753_c0,0.7095282042850268,0.5854568237974609,0.5199776158037609,0.610695900394427,0.5729582543713108,0.4992881333706878,0.5738177839857208,0.7022275988679507,0.6477702007735918
rxn00140_c0,0.7095282042850268,0.5854568237974609,0.5199776158037609,0.610695900394427,0.5729582543713108,0.4992881333706878,0.5738177839857208,0.7022275988679507,0.6477702007735918
rxn00993_c0,0.7095282042850268,0.5854568237974609,0.5199776158037609,0.610695900394427,0.5729582543713108,0.4992881333706878,0.5738177839857208,0.7022275988679507,0.6477702007735918
EX_cpd00161_e0,0.7095282042850268,0.5854568237974609,0.5199776158037609,0.610695900394427,0.5729582543713108,0.4992881333706878,0.5738177839857208,0.7022275988679507,0.6477702007735918
rxn01961_c0,0.7095282042850268,0.5854568237974609,0.5199776158037609,0.610695900394427,0.5729582543713108,0.4992881333706878,0.5738177839857208,0.7022275988679507,0.6477702007735918
rxn00558_c0,0.7095282042850268,0.5854568237974609,0.5199776158037609,0.610695900394427,0.5729582543713108,0.4992881333706878,0.5738177839857208,0.7022275988679507,0.6477702007735918
rxn00584_c0,0.7095282042850268,0.5854568237974609,0.5199776158037609,0.610695900394427,0.5729582543713108,0.4992881333706878,0.5738177839857208,0.7022275988679507,0.6477702007735918
rxn00838_c0,0.7080762510832589,0.5842587658419406,0.5188943620136681,0.6100777079855981,0.5717702268508873,0.4982584159062908,0.5732848965951978,0.7007753658217918,0.6464242091305583
rxn05460_c0,5.184522683173943e-16,3.4590050564601655e-17,1.4336188980902107e-16,4.522145152872871e-16,-5.919752143098358e-17,2.4402883406549985e-16,-4.957805062974264e-19,-4.201300999245962e-16,-3.528569677375366e-15
rxn00800_c0,0.7080762510832632,0.5842587658419431,0.5188943620136772,0.6100777079855915,0.5717702268508846,0.4982584159062871,0.5732848965951972,0.7007753658217957,0.6464242091305651
rxn04954_c0,0.7095282042850339,0.5854568237974673,0.5199776158037693,0.6106959003944322,0.5729582543713118,0.4992881333706798,0.5738177839857073,0.7022275988679458,0.6477702007735936
rxn10480_c0,7.534589096921934e-16,4.3825297893272077e-16,1.1004498672451158e-16,-2.278764807796757e-16,-3.8761328613897227e-16,-9.37268100789491e-17,3.9465785733652734e-16,7.423580950241997e-18,-5.4845789833288164e-17
rxn00184_c0,0.7095282042850298,0.5854568237974609,0.5199776158037661,0.6106959003944188,0.5729582543713081,0.4992881333706767,0.5738177839857161,0.7022275988679489,0.6477702007735965
rxn10060_c0,0.7095282042850459,0.5854568237974684,0.5199776158037664,0.6106959003944212,0.5729582543713108,0.49928813337068434,0.5738177839857129,0.7022275988679441,0.6477702007735939
rxn03891_c0,0.7095282042850459,0.5854568237974687,0.5199776158037664,0.6106959003944212,0.5729582543713108,0.49928813337068434,0.5738177839857129,0.7022275988679433,0.6477702007735939
rxn00083_c0,0.7095282042850459,0.5854568237974687,0.5199776158037664,0.6106959003944212,0.5729582543713108,0.49928813337068434,0.5738177839857129,0.7022275988679433,0.6477702007735939
EX_cpd00154_e0,0.7095282042850459,0.5854568237974687,0.5199776158037664,0.6106959003944212,0.5729582543713108,0.49928813337068434,0.5738177839857129,0.7022275988679433,0.6477702007735939
EX_cpd00221_e0,0.7095282042850459,0.5854568237974687,0.5199776158037664,0.6106959003944212,0.5729582543713108,0.49928813337068434,0.5738177839857129,0.7022275988679433,0.6477702007735939
rxn00695_c0,0.7095282042850459,0.5854568237974687,0.5199776158037664,0.6106959003944212,0.5729582543713108,0.49928813337068434,0.5738177839857129,0.7022275988679433,0.6477702007735939
rxn15395_c0,0.7085779528069476,0.584672737683885,0.5192686558540106,0.6102914603655882,0.5721807255143491,0.4986142163570483,0.5738177839857129,0.701277157109356,0.6468892877346498
rxn08849_c0,0.709528204285023,0.5854568237974598,0.5199776158037668,0.6106959003944237,0.5729582543713074,0.4992881333706791,0.5738177839857129,0.7022275988679424,0.6477702007735944
rxn05174_c0,0.7095282042850459,0.5854568237974687,0.5199776158037664,0.6106959003944212,0.5729582543713108,0.49928813337068434,0.5738177839857129,0.7022275988679433,0.6477702007735939
rxn03907_c0,-1.4766551303603664e-16,8.678462309844261e-16,3.386588484823573e-17,7.652988438790521e-17,4.758857511434351e-17,2.0464546881675367e-16,2.631052382243516e-16,-1.7150190566105013e-16,-6.957941318889328e-16
rxn00974_c0,0.7055933524937671,0.5366178427876498,0.4883750844597124,0.5782627592454755,0.5380756794104806,3.2468942003362145e-14,0.5545565160160064,0.7005050749790929,0.6438667354517975
rxn16149_c0,0.7095282042850306,0.5854568237974613,0.5199776158037398,0.6106959003944215,0.5729582543713112,0.4992881333706867,0.5738177839857356,0.7022275988679784,0.6477702007735948
rxn04453_c0,0.7095282042850217,0.5854568237974603,0.5199776158037662,0.6106959003944247,0.5729582543713122,0.4992881333706808,0.5738177839857276,0.7022275988679534,0.6477702007735935
rxn01213_c0,-6.246149353021146e-16,-3.564466652308655e-16,-3.0319367653610115e-16,-1.7932796833464296e-16,-5.621430321061775e-16,2.525487043189903e-16,-1.315526191121758e-16,-9.624872281539832e-17,-1.100747902681871e-16
rxn01913_c0,0.7095282042850272,0.5854568237974609,0.5199776158037624,0.6106959003944243,0.5729582543713075,0.4992881333706805,0.5738177839857198,0.7022275988679518,0.6477702007735724
rxn00819_c0,0.7095282042850217,0.5854568237974603,0.5199776158037662,0.6106959003944175,0.5729582543713122,0.49928813337068156,0.5738177839857276,0.7022275988679546,0.6477702007735919
rxn00467_c0,0.7076953587842194,0.5839444781303949,0.5186102042565376,0.609915324784525,0.5714585811295435,0.4979882945892469,0.5731449060302025,0.7003944105549847,0.6460711279084909
rxn11663_c0,-1.5256983222787644e-15,-9.8463558423445e-17,1.175671784008244e-17,4.8363073058877235e-16,2.0962851351085828e-16,1.1437992816896799e-16,-9.946489141840256e-16,-1.022849673237236e-17,-3.681445049724446e-16
rxn21864_c0,0.7095282042850306,0.5854568237974646,0.5199776158037747,0.6106959003944218,0.5729582543713095,0.4992881333706755,0.5738177839857193,0.7022275988679523,0.647770200773594
ec7211_c0,0.6036608666189983,0.46400836555900216,0.42053683551815935,0.5458427324122412,0.4845809984427054,0.4089021956712831,0.4683758865521813,0.5959023943378978,0.5349956639131367
rxn00980_c0,0.7095282042850358,0.5854568237974622,0.5199776158037601,0.6106959003944231,0.5729582543713057,0.49928813337067984,0.5738177839857234,0.702227598867948,0.6477702007736018
EX_cpd00100_e0,0.7095282042850362,0.5854568237974542,0.5199776158037652,0.6106959003944219,0.5729582543713061,0.4992881333706832,0.5738177839857089,0.7022275988679507,0.6477702007735976
rxn01466_c0,1.6208602250258065e-16,2.0866754279286374e-16,-3.3942179580590476e-16,-2.3664200110797947e-16,6.251967685271378e-17,5.430898110003875e-16,1.2941611489203586e-16,7.150925697789871e-16,-1.6296474526725837e-15
rxn08848_c0,0.7095282042850325,0.5854568237974572,0.5199776158037698,0.6106959003944272,0.572958254371309,0.49928813337068084,0.5738177839857191,0.7022275988679487,0.6477702007735986
rxn10261_c0,0.7095282042850362,0.5854568237974542,0.5199776158037652,0.6106959003944219,0.5729582543713061,0.49928813337068184,0.5738177839857089,0.7022275988679502,0.6477702007735976
rxn11960_c0,0.7095282042850362,0.5854568237974542,0.5199776158037652,0.6106959003944219,0.5729582543713061,0.49928813337068184,0.5738177839857089,0.7022275988679502,0.6477702007735976
rxn08127_c0,0.7095282042850362,0.5854568237974542,0.5199776158037652,0.6106959003944219,0.5729582543713061,0.49928813337068184,0.5738177839857089,0.7022275988679502,0.6477702007735976
rxn00691_c0,0.7095282042850362,0.5854568237974542,0.5199776158037652,0.6106959003944219,0.5729582543713061,0.49928813337068184,0.5738177839857089,0.7022275988679502,0.6477702007735976
rxn00361_c0,0.7095282042850362,0.5854568237974542,0.5199776158037652,0.6106959003944219,0.5729582543713061,0.49928813337068184,0.5738177839857089,0.7022275988679502,0.6477702007735976
rxn25278_c0,0.7095282042850362,0.5854568237974542,0.43586155818182853,0.6106959003944219,,0.49928813337068184,0.5738177839857089,0.7022275988679502,0.6216048141060923
rxn00851_c0,0.7095282042850362,0.5854568237974542,0.519977615803759,0.6106959003944219,0.57295825437103,0.49928813337068184,0.5738177839857089,0.7022275988679502,0.647770200773599
rxn02853_c0,0.7095282042850362,0.5854568237974542,0.5199776158037693,0.6106959003944219,0.5729582543713071,0.49928813337068184,0.5738177839857089,0.7022275988679502,0.6477702007735976
rxn43657_c0,4.636450043280974e-16,-4.541668519941176e-16,-5.4242617049473523e-17,-5.662094835122546e-16,5.77526805657327e-16,4.702906922390313e-16,1.2941611489203586e-16,5.832697690191385e-16,-4.62719741780103e-16
rxn02316_c0,0.7095282042850304,0.5854568237974614,0.5199776158037674,0.6106959003944259,0.5729582543713095,0.49928813337067823,0.5738177839857207,0.7022275988679518,0.6477702007735957
rxn00765_c0,0.7095282042850362,0.5854568237974542,0.5199776158037693,0.6106959003944219,0.5729582543713071,0.49928813337067485,0.5738177839857089,0.702227598867952,0.6477702007735976
rxn01560_c0,0.7095282042850362,0.5854568237974542,0.5199776158037693,0.6106959003944219,0.5729582543713071,0.49928813337067485,0.5738177839857089,0.702227598867952,0.6477702007735976
rxn21858_c0,0.7095282042850362,0.5854568237974542,0.5199776158037693,0.6106959003944219,0.5729582543713071,0.49928813337067485,0.5738177839857089,0.702227598867952,0.6477702007735976
rxn39978_c0,0.7095282042850362,0.5854568237974542,0.5199776158037693,0.6106959003944219,0.5729582543713071,0.49928813337067485,0.5738177839857089,0.702227598867952,0.6477702007735976
rxn03445_c0,6.538949670104716e-16,-3.404392707917481e-16,-3.293522881699685e-16,1.0150674871342304e-16,-1.1343847446826387e-16,-4.4170447455348046e-16,-2.353349717356266e-16,2.336872731718791e-16,-4.62719741780103e-16
rxn09498_c0,0.709528204285032,0.5854568237974651,0.5199776158037713,0.6106959003944228,0.5729582543713105,0.49928813337068334,1.0349518122344157e-14,0.7022275988679518,0.6477702007735998
rxn08350_c0,0.70952820428502,0.5854568237974542,0.5199776158037693,0.6106959003944219,0.5729582543713071,0.49928813337067485,0.573817783985781,0.7022275988679487,0.6477702007735976
rxn09202_c0,-2.210210480812463e-16,-2.6552741942294353e-16,-3.293522881699685e-16,4.5466170453741e-16,-4.507409099677993e-16,-1.2769350809402776e-16,4.51766767213102e-16,-5.638237585310264e-16,-4.627197417800965e-16
rxn10226_c0,0.7095282042850284,0.5854568237974602,0.5199776158037658,0.6106959003944198,0.5729582543713104,0.49928813337068034,0.5738177839857176,0.7022275988679461,0.6477702007735903
rxn05488_c0,0.70952820428502,0.5854568237974542,0.5199776158037693,0.6106959003944201,0.572958254371307,0.49928813337068184,0.5738177839857084,0.7022275988679504,0.6477702007736111
rxn05329_c0,-2.3303039788500863e-16,-5.060015591000004e-16,-3.3207450644112943e-16,1.8794782384311182e-16,-5.886361045660038e-17,1.1072842068468501e-16,5.575275680941217e-16,4.275104802137277e-16,2.7166140394728404e-15
rxn00568_c0,0.7095282042850299,0.5854568237974611,0.4697718915364979,0.610695900394424,0.5369144790307386,0.49928813337068384,0.5738177839857166,0.6377567169040232,0.647770200773588
rxn10262_c0,0.70952820428502,0.5854568237974542,0.5199776158037707,0.6106959003944202,0.572958254371296,0.49928813337068073,0.5738177839857084,0.7022275988679452,0.6477702007736111
rxn05251_c0,0.70952820428502,0.5854568237974542,0.5199776158037671,0.6106959003944202,0.5729582543713159,0.49928813337068073,0.5738177839857084,0.702227598867946,0.6477702007736111
rxn09201_c0,0.70952820428502,0.5854568237974542,0.5199776158037671,0.6106959003944202,0.5729582543713159,0.49928813337068073,0.5738177839857084,0.702227598867946,0.6477702007736111
rxn01484_c0,0.7090399566919975,0.5850539534347095,0.519613341640224,0.6104881640090191,0.5725587497285904,0.49894186709618904,0.5736387233116753,0.7017392501323944,0.647317575333376
cpd23538_trans,0.709528204285032,0.5854568237974583,0.5199776158037659,0.6106959003944146,0.5729582543713094,0.49928813337068667,0.5738177839857125,0.7022275988679434,0.647770200773595
rxn01343_c0,0.70952820428502,0.5854568237974542,0.5199776158037671,0.6106959003944222,0.5729582543713159,0.49928813337068073,0.5738177839857084,0.702227598867946,0.6477702007736111
rxn00504_c0,0.708175779308043,0.5843408901014246,0.5189686141402376,0.6101201246240298,0.5718516614835399,0.4983289997377592,0.5733214629672622,,0.643089033922887
rxn01301_c0,0.7095282042850447,0.5854568237974641,0.5199776158037703,0.6106959003944236,0.5729582543713105,0.49928813337068173,0.5738177839857151,0.7022275988679549,0.6477702007735965
rxn05126_c0,0.709528204285011,0.5854568237974509,0.5199776158037493,0.6106959003944239,0.572958254371309,0.4992881333706803,0.5738177839857399,0.702227598867944,0.6477702007735957
rxn08335_c0,0.709528204285011,0.5854568237974509,0.5199776158037493,0.6106959003944239,0.572958254371309,0.4992881333706803,0.5738177839857399,0.702227598867944,0.6477702007735957
rxn02473_c0,-2.542193690857115e-16,1.377983227557121e-15,3.8088134440930275e-15,-7.248873684814058e-17,9.941724891878077e-18,9.000870037645205e-17,3.8149991049409327e-16,-3.1864280813120925e-16,-4.627197417800797e-16
rxn02341_c0,-2.939889919877056e-29,0.0,-2.1262041735716654e-12,6.91456112080726e-14,2.8787989082669047e-13,1.728831777893444e-12,-6.472328346588698e-14,2.25177059423365e-12,-1.6379409907832704e-12
rxn08762_c0,0.709528204285036,0.5854568237974588,0.5199776158037697,0.6106959003944232,0.5729582543713095,0.49928813337068206,0.5738177839857164,0.7022275988679526,0.6477702007735732
rxn00675_c0,0.7095282042850247,0.5854568237974509,0.5199776158037493,0.6106959003944185,0.5729582543713105,0.49928813337068245,0.5738177839857399,0.7022275988679431,0.6477702007735888
rxn01053_c0,0.7095282042850247,0.5854568237974509,0.5199776158037493,0.6106959003944185,0.5729582543713105,0.49928813337068245,0.5738177839857399,0.7022275988679431,0.6477702007735888
EX_cpd00654_e0,0.7095282042850247,0.5854568237974509,0.5199776158037493,0.6106959003944185,0.5729582543713105,0.49928813337068245,0.5738177839857399,0.7022275988679431,0.6477702007735888
rxn05256_c0,0.7079838161159666,0.5841824944801569,0.5188254020844838,0.6100383089330342,0.5716945962389419,0.4981928626390419,0.5732509312357379,0.7006829151745829,0.6463385228195191
rxn05200_c0,0.709528204285036,0.5854568237974499,0.5199776158037708,0.610695900394423,0.572958254371308,0.49928813337068445,0.5738177839857117,0.7022275988679509,0.647770200773589
rxn02484_c0,0.7095282042850247,0.5854568237974505,0.5199776158037757,0.6106959003944185,0.5729582543713105,0.49928813337068245,0.5738177839857224,0.7022275988679432,0.6477702007735888
rxn21038_c0,0.7095282042850247,0.5854568237974505,0.5199776158037757,0.6106959003944185,0.5729582543713105,0.49928813337068245,0.5738177839857224,0.7022275988679432,0.6477702007735888
rxn06937_c0,6.26768520064558e-16,-3.394647571563844e-16,-1.6403482388277364e-16,4.522787628875827e-17,1.5854118511885384e-16,8.860776743836736e-17,-2.371491645093579e-16,4.4390784133396945e-16,7.042079691124077e-16
rxn15949_c0,0.0,0.0,0.0,0.0,0.0,0.0,0.0,-5.443662011353162e-29,0.0
rxn01280_c0,0.7095282042850322,0.5854568237974621,0.5199776158037709,0.6106959003944226,0.5729582543713151,0.4992881333706836,0.5738177839857153,0.7022275988679447,0.6477702007735912
rxn01123_c0,0.7095282042850247,0.5854568237974505,0.5199776158037757,0.6106959003944185,0.5729582543713105,0.4992881333706886,0.5738177839857224,0.7022275988679487,0.6477702007735888
rxn10852_c0,0.7095282042850247,0.5854568237974505,0.5199776158037757,0.6106959003944185,0.5729582543713105,0.4992881333706886,0.5738177839857224,0.7022275988679487,0.6477702007735888
rxn01334_c0,0.7095282042850247,0.5854568237974505,0.5199776158037757,0.6106959003944185,0.5729582543713105,0.4992881333706886,0.5738177839857224,0.7022275988679487,0.6477702007735888
rxn10253_c0,0.7095282042850247,0.5854568237974505,0.5199776158037757,0.6106959003944185,0.5729582543713105,0.4992881333706886,0.5738177839857224,0.7022275988679487,0.6477702007735888
rxn00881_c0,0.7095282042850247,0.5854568237974505,0.5199776158037757,0.6106959003944185,0.5729582543713105,0.4992881333706886,0.5738177839857224,0.7022275988679487,0.6477702007735888
rxn01101_c0,0.7060038126298561,0.5828143316772676,0.5167969296776413,0.6093306810116814,0.5694698619578287,0.4970169847551122,0.5738177839857224,0.6979633774393291,0.644801532307148
EX_cpd00129_e0,0.7095282042850191,0.5854568237974562,0.5199776158037691,0.6106959003944228,0.5729582543713096,0.49928813337069355,0.5738177839857224,,0.6388801286142418
rxn05328_c0,4.247112524572574e-16,-5.845855762131799e-17,2.235562865469019e-16,1.0657705344839824e-16,-9.499962134029505e-16,-7.225772679866842e-17,1.7141078523418474e-16,-8.561978998133108e-31,-4.0074506815595343e-16
rxn08549_c0,0.7095282042850221,0.5854568237974616,0.5199776158037733,0.6106959003944238,0.5729582543713091,0.4992881333706803,0.5738177839857179,0.7022275988680202,0.6477702007735956
rxn00762_c0,0.7095282042850122,0.585456823797473,0.5199776158037757,0.6106959003944185,0.5729582543713122,0.4992881333706809,0.5738177839857224,0.7022275988679492,0.6477702007736343
rxn02504_c0,1.7035015210433658e-14,-2.403927866058396e-16,2.0390102040639906e-16,2.7736507233046907e-16,-9.499962134029505e-16,1.022604325087965e-16,2.479042942546836e-13,1.420446602761559e-16,1.0782625204689612e-16
rxn03253_c0,0.7095282042850354,0.5854568237974594,0.5199776158037657,0.6106959003944217,0.5729582543713116,0.4992881333706849,0.5738177839857197,0.702227598867952,0.6477702007735939
rxn04938_c0,0.7095282042850288,0.585456823797473,0.5199776158037757,0.6106959003944185,0.5729582543713122,0.49928813337068517,0.5738177839857224,0.7022275988679495,0.6477702007736016
EX_cpd00069_e0,0.7095282042850288,0.585456823797473,0.5199776158037757,0.6106959003944185,0.5729582543713087,0.49928813337068517,0.5738177839857224,0.7022275988679544,0.6477702007736016
rxn01675_c0,0.7095282042850288,0.585456823797473,0.5199776158037757,0.6106959003944185,0.5729582543713087,0.49928813337068517,0.5738177839857224,0.7022275988679544,0.6477702007736016
EX_cpd00268_e0,0.7095282042850288,0.585456823797473,0.5199776158037757,0.6106959003944185,0.5729582543713087,0.49928813337068517,0.5738177839857224,0.7022275988679544,0.6477702007736016
rxn01637_c0,0.7095282042850288,0.585456823797473,0.5199776158037757,0.6106959003944185,0.5729582543713087,0.49928813337068517,0.5738177839857224,0.7022275988679544,0.6477702007736016
rxn03251_c0,0.7095282042850288,0.585456823797473,0.5199776158037757,0.6106959003944185,0.5729582543713087,0.49928813337068517,0.5738177839857224,0.7022275988679544,0.6477702007736016
rxn03951_c0,0.7095282042850288,0.585456823797473,0.5199776158037757,0.6106959003944185,0.5729582543713087,0.49928813337068517,0.5738177839857224,0.7022275988679544,0.6477702007736016
rxn02934_c0,0.7095282042850288,0.585456823797473,0.5199776158037757,0.6106959003944185,,0.49928813337068517,0.5738177839857224,0.7022275988679544,0.631183065232063
rxn08846_c0,0.7095282042850288,0.585456823797473,0.5199776158037757,0.6106959003944185,0.5729582543712769,0.49928813337068517,0.5738177839857224,0.7022275988679544,0.6477702007736001
rxn00831_c0,0.7095282042850288,0.585456823797473,0.5199776158037757,0.6106959003944185,0.5729582543713111,0.49928813337068517,0.5738177839857224,0.7022275988679544,0.6477702007736016
EX_cpd00156_e0,0.7095282042850288,0.585456823797473,,0.6106959003944185,0.5729582543713111,0.49928813337068517,0.5738177839857224,0.7022275988679544,0.62768211479161
rxn05322_c0,2.9909197334273758e-16,-2.403927866058396e-16,-1.0123809714429569e-30,2.432990322202917e-16,1.0045560608788709e-16,-3.1387486025602577e-16,6.87035704552892e-18,2.5875035297169815e-16,5.1890798013912354e-15
rxn01316_c0,0.7095282042850339,0.5854568237974611,0.51997761580376,0.6106959003944211,0.5729582543713104,0.49928813337067973,0.5738177839857153,0.7022275988679496,0.647770200773598
rxn01121_c0,0.7095282042850335,0.585456823797473,0.5199776158037722,0.6106959003944185,0.5729582543713111,0.49928813337068517,0.5738177839857224,0.7022275988679627,0.647770200773605
rxn15373_c0,0.7095282042850335,0.585456823797473,0.5199776158037722,0.6106959003944185,0.5729582543713111,0.49928813337068517,0.5738177839857224,0.7022275988679627,0.647770200773605
EX_cpd00007_e0,2.0174413793260666e-16,1.2303742704797465e-13,,-2.534661018191461e-12,,2.0332315997939097e-14,4.8003040832793664e-17,1.9325824538731542e-14,9.076488673602214e-15
rxn10256_c0,0.7095282042849701,0.5854568237967216,0.5199776158037698,0.6106959003945603,0.5729582543713058,0.4992881333706968,0.5738177839863735,0.7022275988679414,0.6477702007731551
rxn46694_c0,0.709528204285031,0.585456823797449,0.5199776158037686,0.6106959003944248,0.5729582543713108,0.49928813337068284,0.5738177839857243,0.702227598867943,0.6477702007735991
rxn08661_c0,0.709528204285031,0.585456823797449,0.5199776158037686,0.6106959003944248,0.5729582543713108,0.49928813337068284,,0.702227598867943,0.639109180392929
rxn00654_c0,0.709528204285031,0.585456823797449,0.5199776158037686,0.6106959003944248,0.5729582543713108,0.49928813337068284,0.5738177839857213,0.702227598867943,0.6477702007736172
rxn02003_c0,0.709528204285031,0.585456823797449,0.5199776158037686,0.6106959003944248,0.5729582543713108,0.49928813337068284,0.5738177839857,0.702227598867943,0.6477702007735991
rxn00438_c0,-3.678679368018302e-17,1.768846968921139e-16,-8.323812550379692e-17,1.4452304742117375e-19,-1.8337082177089482e-16,2.5555103453340013e-17,5.234810180415895e-16,1.3654010487547456e-17,6.904493888429968e-17
rxn05148_c0,0.7095282042850286,0.5854568237974651,0.5199776158037649,0.6106959003944231,0.5729582543713125,0.4992881333706849,0.5738177839857199,0.7022275988679566,0.6477702007735623
EX_cpd00142_e0,0.7095282042850277,0.585456823797449,0.5199776158037686,0.6106959003944248,0.5729582543713108,0.4992881333706842,0.5738177839857229,0.7022275988679499,0.6477702007735847
rxn10206_c0,0.7095282042850277,0.585456823797449,0.5199776158037686,0.6106959003944248,0.5729582543713108,0.4992881333706842,0.5738177839857229,0.7022275988679499,0.6477702007735847
rxn21430_c0,0.7095282042850277,0.585456823797449,0.5199776158037686,0.6106959003944248,0.5729582543713108,0.4992881333706842,0.5738177839857229,0.7022275988679499,0.6477702007735847
rxn01573_c0,0.7095282042850277,0.585456823797449,0.5199776158037686,0.6106959003944248,0.5729582543713108,0.4992881333706842,0.5738177839857218,0.7022275988679499,0.6477702007735847
rxn10161_c0,0.7095282042850277,0.585456823797449,0.5199776158037686,0.6106959003944248,0.5729582543713108,0.4992881333706842,0.5738177839857057,0.7022275988679499,0.6477702007735847
rxn05287_c0,0.7095282042850277,0.585456823797449,0.5199776158037686,0.6106959003944248,0.5729582543713108,0.4992881333706842,0.5738177839857057,0.7022275988679499,0.6477702007735847
rxn02213_c0,2.0333982854752956e-15,7.968444385221438e-17,2.9020446879629173e-16,-3.5965383708269553e-16,-1.8337082177089482e-16,-2.0841748001061023e-16,4.3598428520189275e-15,3.02413186060377e-17,-8.813337524167606e-16
rxn09210_c0,4.160605985742222e-15,-5.0456591317264944e-30,-1.0449328094472045e-29,-5.269029753635183e-30,0.0,2.1377778659818126e-29,-2.4530766284653372e-15,-1.9801744547529542e-30,-2.0411356267133772e-30
rxn01274_c0,0.7095282042850253,0.5854568237974638,0.5199776158037699,0.6106959003944233,0.5729582543713111,0.4992881333706824,0.5738177839857147,0.702227598867953,0.6477702007736132
EX_cpd00266_e0,0.7095282042850277,0.585456823797449,0.5199776158037686,0.610695900394421,0.5729582543713108,0.49928813337068284,0.5738177839857106,0.7022275988679492,0.6477702007735991
rxn02596_c0,0.7095282042850277,0.585456823797449,0.5199776158037686,0.610695900394421,0.5729582543713108,0.49928813337068284,0.5738177839857106,0.702227598867947,0.6477702007735991
rxn02169_c0,0.7095282042850277,0.585456823797449,0.5199776158037686,0.610695900394421,0.5729582543713108,0.49928813337068284,0.5738177839857106,0.702227598867947,0.6477702007735991
rxn42709_c0,3.650494734929704e-16,3.9031147309693086e-16,-1.2164298929458492e-16,2.8598604543953087e-16,-1.0214752907807187e-15,2.6689946394921988e-17,-2.8446617630705177e-16,2.6464079447144554e-16,1.3449733333086788e-16
rxn01521_c0,0.7095282042850231,0.5854568237974626,0.5199776158037686,0.6106959003944241,0.5729582543712975,0.4992881333706827,0.5738177839857127,0.7022275988679554,0.6477702007736854
rxn05312_c0,0.70952820428505,0.585456823797449,0.5199776158037686,0.6106959003944212,0.5729582543713108,0.4992881333706863,0.5738177839857106,0.7022275988679612,0.6477702007735702
EX_cpd00797_e0,0.70952820428505,0.585456823797449,0.5199776158037686,0.6106959003944212,0.5729582543713108,0.4992881333706863,0.5738177839857106,0.7022275988679612,0.6477702007735702
rxn05377_c0,0.70952820428505,0.585456823797449,0.5199776158037686,0.6106959003944212,0.5729582543713108,0.4992881333706863,0.5738177839857106,0.7022275988679612,0.6477702007735702
rxn00086_c0,0.70952820428505,0.585456823797449,0.5199776158037686,0.6106959003944212,0.5729582543713108,0.4992881333706863,0.5738177839857106,0.7022275988679612,0.6477702007735702
rxn08816_c0,0.70952820428505,0.585456823797449,0.5199776158037686,0.6106959003944212,0.5729582543713108,0.4992881333706863,0.5738177839857106,0.7022275988679612,0.6477702007735702
rxn01987_c0,0.70952820428505,0.585456823797449,0.5199776158037686,0.6106959003944212,0.5729582543713108,0.4992881333706863,0.5738177839857106,0.7022275988679612,0.6477702007735702
rxn08841_c0,0.70952820428505,0.585456823797449,0.5199776158037686,0.6106959003944212,0.5729582543713108,0.4992881333706863,0.5738177839857106,0.7022275988679612,0.6477702007735702
rxn08811_c0,0.70952820428505,0.585456823797449,0.5199776158037686,0.6106959003944212,0.5729582543713108,0.4992881333706863,0.5738177839857106,0.7022275988679612,0.6477702007735702
rxn03892_c0,0.70952820428505,0.585456823797449,0.5199776158037686,0.6106959003944212,0.5729582543713108,0.4992881333706863,0.5738177839857106,0.7022275988679612,0.6477702007735702
rxn06864_c0,0.70952820428505,0.585456823797449,0.5199776158037686,0.6106959003944212,0.5729582543713108,0.4992881333706863,0.5738177839857106,0.7022275988679612,0.6477702007735702
rxn00912_c0,2.335374171856274e-13,1.6932646325981347e-16,-1.5190120753507631e-12,1.445775774542828e-12,2.8894637998180583e-13,1.4877687919074032e-12,1.0224614437406097e-12,1.5837979196342608e-13,-6.06535238625136e-13
rxn01226_c0,0.7095282042851104,0.5854568237974637,0.5199776158037731,0.6106959003944191,0.572958254371312,0.4992881333706785,0.5738177839856407,0.7022275988679579,0.6477702007735991
rxn02867_c0,0.7095282042850277,0.585456823797449,0.5199776158037686,0.6106959003944212,0.5729582543713108,,0.5738177839857106,0.7022275988679473,0.6403110929764979
rxn03504_c0,0.7095282042850277,0.585456823797449,0.5199776158037686,0.6106959003944212,0.5729582543713108,0.4992881333706988,0.5738177839857106,0.7022275988679473,0.6477702007735997
rxn05250_c0,0.7095282042850262,0.5854568237974883,0.5199776158037754,0.6106959003944153,0.572958254371315,0.49928813337068756,0.5738177839857089,0.7022275988679487,0.6477702007735863
rxn05760_c0,0.7094977438107284,0.5854316897824835,0.519954889438429,0.6106829445013531,0.5729333301210033,0.4992665306255934,0.5738066168049011,0.7021971318750121,0.6477419623898485
rxn14419_c0,0.7095282042850237,0.5854568237974637,0.5199776158037661,0.6106959003944243,0.572958254371314,0.49928813337068495,0.5738177839856607,0.7022275988679586,0.6477702007735933
EX_cpd00209_e0,0.7095282042850263,0.5854568237974658,0.5199776158037778,0.6106959003944241,0.5729582543713144,0.499288133370682,0.5738177839857161,0.7022275988679464,0.6477702007736239
rxn01391_c0,0.7095282042850263,0.5854568237974658,0.5199776158037778,0.6106959003944241,0.5729582543713144,0.499288133370682,0.5738177839857161,0.7022275988679464,0.6477702007736239
rxn03408_c0,0.7095282042850231,0.5854568237958752,0.5199776158036813,0.610695900393358,0.5729582543708809,0.4992881333707768,0.5738177839857167,0.7022275988676894,0.6477702007735957
rxn00330_c0,0.7095282042850233,0.5854568237974582,0.5199776158037533,0.6106959003947596,0.5729582543713116,0.448728279365767,0.5399227074078135,0.7022275988679513,0.646583089981569
rxn01117_c0,-3.432923332774815e-16,4.291807776114582e-18,-4.675378275909032e-16,4.766789128894366e-16,-9.855052108293456e-17,-5.650437228813949e-17,-3.585382553924088e-16,1.7752025757098318e-16,6.894805485948863e-17
rxn09069_c0,0.7095282042850244,0.5854568237974586,0.5199776158037694,0.6106959003944175,0.5729582543713092,0.4992881333706851,0.5738177839857178,0.7022275988679474,0.6477702007735956
rxn09107_c0,0.7095282042850395,0.5854568237974582,0.5199776158037533,0.6106959003944291,0.5729582543713116,0.4992881333706703,0.5738177839857305,0.7022275988679686,0.647770200773598
rxn10255_c0,0.7095282042850395,0.5854568237974582,0.5199776158037533,0.6106959003944291,0.5729582543713116,0.4992881333706703,0.5738177839857305,0.7022275988679686,0.647770200773598
rxn10199_c0,0.7095282042850395,0.5854568237974582,0.5199776158037533,0.6106959003944291,0.5729582543713116,0.4992881333706703,0.5738177839857305,0.7022275988679686,0.647770200773598
rxn09108_c0,0.7095282042850395,0.5854568237974582,0.5199776158037533,0.6106959003944291,0.5729582543713116,0.4992881333706703,0.5738177839857305,0.7022275988679686,0.647770200773598
rxn02895_c0,1.4246518851703939e-13,-5.977459625324812e-14,-2.961720779231925e-13,1.4826887322843271e-13,-1.5011340916667125e-14,-2.4644706362295564e-13,1.4487345242247576e-13,2.873020492814437e-13,1.9026325308623146e-13
rxn02271_c0,0.7095282042849989,0.5854568237974637,0.5199776158037696,0.6106959003944284,,0.49928813337068845,0.573817783985719,0.7022275988679496,0.6311830652320546
rxn01834_c0,0.7095282042850288,0.5854568237974582,0.5199776158037533,0.6106959003944337,0.5729582543712869,0.49928813337070244,0.5738177839857262,0.702227598867946,0.647770200773597
rxn00748_c0,0.7095282042850288,0.5854568237974582,0.5199776158037533,0.6106959003944337,0.5729582543713078,0.49928813337070244,0.5738177839857262,0.702227598867946,0.647770200773584
rxn04989_c0,0.7095282042850288,0.5854568237974582,0.5199776158037533,0.6106959003944337,0.5729582543713078,0.49928813337070244,0.5738177839857262,0.702227598867946,0.647770200773584
rxn05326_c0,7.133894690803942e-16,-3.5610593613218947e-16,-1.289081957045605e-15,3.5981690575070317e-16,-1.6837162468016063e-16,-2.178203994555314e-16,-7.79643293453784e-16,2.1827375550338552e-17,-5.986874865175105e-17
rxn05129_c0,0.709528204285032,0.5854568237974626,0.5199776158037662,0.6106959003944226,0.5729582543713099,0.49928813337068234,0.5738177839857205,0.70222759886795,0.647770200773595
rxn03435_c0,-3.143183700067834e-16,-2.1143780356819938e-16,-7.756168761364166e-16,-3.5981690575070283e-16,0.5729582543713078,-1.3974338705026856e-16,-6.269779901243647e-16,-9.290953089991589e-16,0.6477702007735915
rxn01504_c0,0.7095282042850352,0.5854568237974613,0.5199776158037694,0.6106959003944219,0.5729582543713078,,0.5738177839857205,0.7022275988679533,0.6403110929765191
rxn08441_c0,0.709528204285028,0.5854568237974582,0.5199776158037533,0.6106959003944084,0.5729582543713078,0.4992881333706675,0.5738177839857085,0.7022275988679603,0.6477702007735954
rxn08668_c0,0.709528204285028,0.5854568237974582,0.5199776158037533,0.6106959003944084,0.5729582543713078,0.4992881333706713,0.5738177839857085,0.7022275988679603,0.6477702007735915
rxn05206_c0,0.709528204285028,0.5854568237974582,0.5199776158037533,0.6106959003944084,0.5729582543713078,0.4992881333706713,0.5738177839857085,0.7022275988679603,0.6477702007735915
rxn05333_c0,-4.919539734406589e-16,6.07704514622878e-16,-4.675378275909032e-16,2.82069471193241e-16,6.533653496652693e-16,2.0501123916157296e-15,-2.5343281700507833e-16,-1.5328769433069861e-15,-3.6871934531554512e-16
rxn05361_c0,0.7095282042850263,0.5854568237974581,0.5199776158037672,0.6106959003944251,0.5729582543713126,0.4992881333706896,0.5738177839857197,0.7022275988679499,0.6477702007735942
rxn08820_c0,0.709528204285028,0.5854568237974582,0.5199776158037533,0.6106959003944229,0.5729582543713108,0.49928813337068323,0.5738177839857085,0.702227598867948,0.6477702007735915
rxn15296_c0,0.709528204285028,0.5854568237974582,0.5199776158037533,0.6106959003944229,0.5729582543713108,0.49928813337068323,0.5738177839857085,0.702227598867948,0.6477702007735915
rxn08941_c0,0.709528204285028,0.5854568237974582,0.5199776158037533,0.6106959003944229,0.5729582543713108,0.49928813337068323,0.5738177839857085,0.702227598867948,0.6477702007735915
EX_cpd00071_e0,0.709528204285028,0.5854568237974582,0.5199776158037533,0.6106959003944229,0.5729582543713108,0.49928813337068323,0.5738177839857085,0.702227598867948,0.6477702007735915
rxn01204_c0,0.709528204285028,0.5854568237974582,0.5199776158037533,0.6106959003944229,0.5729582543713108,0.49928813337068323,0.5738177839857085,0.702227598867948,0.6477702007735915
rxn00515_c0,0.709528204285028,0.5854568237974582,0.5199776158037533,0.6106959003944229,0.5729582543713108,0.49928813337068323,0.5738177839857085,0.702227598867948,0.6477702007735915
rxn01208_c0,-4.503614381299782e-16,1.270718767470113e-16,-4.675378275909032e-16,1.5305257206958447e-16,5.675084074344699e-18,0.49928813337068323,-8.174125078382856e-16,6.636869208602532e-17,0.6477702007735915
rxn01225_c0,0.7095282042850317,0.5854568237974666,0.519977615803767,0.6106959003944222,0.5729582543713057,0.49928813337068323,0.5738177839857204,0.7022275988679493,0.6477702007735915
rxn09240_c0,0.709528204285028,0.5854568237974582,0.5199776158037533,0.6106959003944132,0.5729582543713108,0.49928813337068323,0.5738177839857226,0.7022275988679403,0.6477702007735915
rxn21034_c0,0.709528204285028,0.5854568237974582,0.5199776158037533,0.6106959003944132,0.5729582543713108,0.49928813337068323,0.5738177839857226,0.7022275988679403,0.6477702007735915
rxn06777_c0,0.709528204285028,0.5854568237974582,0.5199776158037533,0.6106959003944132,0.5729582543713108,0.49928813337068323,0.5738177839857226,0.7022275988679403,0.6477702007735915
rxn00686_c0,-1.527528280001735e-15,6.07704514622878e-16,-7.756168761364166e-16,3.5473505482917653e-16,5.675084074344699e-18,-1.7062964493248732e-16,8.681836156528462e-14,-2.0653745164703165e-13,4.538038447918854e-16
rxn01517_c0,0.7095282042850273,0.5854568237974661,0.519977615803771,0.6106959003944227,0.5729582543713101,0.4992881333706854,0.5738177839857228,0.7022275988679496,0.6477702007735954
rxn03264_c0,0.709528204285028,0.5854568237974582,0.5199776158037533,0.610695900394416,0.5729582543713108,0.4992881333706855,0.5738177839857188,0.7022275988679556,0.6477702007735859
rxn01019_c0,-2.3818238834130002e-15,1.270718767470113e-16,-4.675378275909032e-16,3.598169057507031e-16,5.675084074344699e-18,1.4468840860939436e-15,4.431611486105592e-16,-4.709742927161558e-15,7.626402271120084e-16
rxn08084_c0,0.7095282042850268,0.585456823797464,0.5199776158037639,0.6106959003944227,0.5729582543713078,0.499288133370685,0.573817783985718,0.7022275988679437,0.6477702007735945
EX_cpd00001_e0,0.38794255246489545,0.40746129869674386,0.32707844998856334,0.3864128680680528,0.4192072394757223,0.3767904088488754,0.34688785146415096,0.5074320450105991,0.4223101017757805
rxn00868_c0,0.7095282042850208,0.5854568237974551,0.5199776158037692,0.6106959003944201,0.5729582543713096,0.49928813337068595,0.5738177839857077,0.7022275988679462,0.6477702007735973
rxn01575_c0,0.7095282042850052,0.5854568237974672,0.5199776158037773,0.6106959003944208,0.572958254371313,0.4992881333706877,0.5738177839857272,0.7022275988679506,0.6477702007735895
rxn00641_c0,0.7095282042850052,0.5854568237974672,0.5199776158037737,0.610695900394421,0.572958254371313,0.4992881333706839,0.5738177839857239,0.7022275988679514,0.6477702007736015
rxn00747_c0,-1.3175649478804612e-13,2.590016244829627e-14,2.444347696275236e-14,1.1590816913625285e-14,1.101257835153072e-14,1.1142364803912953e-15,1.551340730346761e-14,2.8090071691181775e-14,9.723483789763832e-14
rxn04113_c0,0.7095282042850203,0.5854568237974617,0.5199776158037703,0.6106959003944207,0.5729582543713108,0.49928813337068306,0.5738177839857207,0.7022275988679311,0.6477702007735873
rxn00689_c0,0.7095282042850272,0.5854568237974672,0.5199776158037659,0.6106959003944158,0.5729582543713116,0.4992881333706829,0.5738177839857138,0.7022275988679385,0.6477702007735949
rxn08234_c0,-6.812498882350749e-17,-8.179403329050834e-17,-2.2509286331279653e-16,-2.5497093006014952e-17,-2.6532048601120633e-16,5.447460883023902e-17,2.1612820888965298e-16,8.410443002145463e-16,-2.418300145111809e-16
EX_cpd00012_e0,0.7095282042850285,0.5854568237974619,0.5199776158037687,0.6106959003944199,0.5729582543713085,0.499288133370688,0.573817783985716,0.7022275988679507,0.6477702007735957
rxn03004_c0,0.7095282042850272,0.5854568237974672,0.5199776158037659,0.6106959003944195,0.5729582543713116,0.4992881333706719,0.5738177839857138,0.702227598867932,0.6477702007735949
rxn09197_c0,0.7095282042850272,0.5854568237974672,0.5199776158037659,0.6106959003944195,0.5729582543713116,0.4992881333706719,0.5738177839857138,0.702227598867932,0.6477702007735949
rxn09205_c0,0.7095282042850272,0.5854568237974672,0.5199776158037659,0.6106959003944195,0.5729582543713116,0.4992881333706719,0.5738177839857138,0.702227598867932,0.6477702007735949
rxn00007_c0,0.7095282042850272,0.5854568237974672,0.5199776158037659,0.6106959003944195,0.5729582543713116,0.4992881333706719,0.5738177839857138,0.702227598867932,0.6477702007735949
rxn02476_c0,2.6924396668188856e-16,1.7098700029021832e-17,-9.999652274014137e-16,5.022619137691151e-16,-1.7584843517741854e-16,-3.5620441055732786e-16,3.715228722304236e-15,-1.4928111215704163e-15,-2.418300145111809e-16
rxn08806_c0,0.7095282042850344,0.58545682379746,0.5199776158037693,0.6106959003944238,0.5729582543712936,0.4992881333707368,0.5738177839857145,0.7022275988679589,0.6477702007735935
EX_cpd00013_e0,0.6159384131960547,0.3839505618659667,0.4330960294894219,0.45146035507626325,0.5201207551613741,0.44491783867411744,0.12062233393067523,0.5851297152421785,0.5687825048479515
EX_cpd00085_e0,0.7095282042850279,0.5854568237974561,0.519977615803763,0.610695900394428,0.572958254371295,0.49928813337068373,0.5738177839857275,0.7022275988679569,0.6477702007736104
rxn00189_c0,0.70952820428503,0.5854568237974623,0.5199776158037798,0.6106959003944185,0.5729582543713058,0.4992881333706807,0.5738177839857184,0.702227598867949,0.6477702007735907
rxn00863_c0,-3.1315145758668586e-16,-1.7757919112489733e-17,-8.888562630817306e-16,-1.2994524885641893e-16,-2.8482790512830815e-16,-3.315506742566351e-16,-2.071629533975289e-16,-2.9652733607395706e-16,6.832751906418555e-16
rxn03901_c0,0.7095282042850283,0.5854568237974663,0.5199776158037677,0.6106959003940975,0.5729582543713087,0.4992881333706829,0.5738177839857184,0.702227598867948,0.6477702007735933
rxn00369_c0,0.7095282042850334,0.5854568237974623,0.5199776158037798,0.6106959003944225,0.5729582543713058,0.4992881333706807,0.5738177839857151,0.7022275988679564,0.6477702007736172
rxn08850_c0,0.7095282042850334,0.5854568237974623,0.5199776158037798,0.6106959003944225,0.5729582543713058,0.4992881333706807,0.5738177839857151,0.7022275988679564,0.6477702007736172
rxn00205_c0,0.7095282042850334,0.5854568237974623,0.5199776158037798,0.6106959003944225,0.5729582543713058,0.4992881333706807,0.5738177839857151,0.7022275988679564,0.6477702007736172
rxn05240_c0,0.7095282042850334,0.5854568237974623,0.5199776158037798,0.6106959003944225,0.5729582543713058,,0.5738177839857151,0.7022275988679564,0.6343298060558447
rxn03246_c0,0.7095282042850334,0.5854568237974623,0.5199776158037798,0.6106959003944225,0.5729582543713058,0.49928813337072453,0.5738177839857151,0.7022275988679564,0.647770200773594
rxn00506_c0,0.7095282042850334,0.5854568237974623,0.5199776158037798,0.6106959003944225,0.5729582543713058,0.4992881333706807,0.5738177839857151,0.7022275988679564,0.6477702007735711
rxn45861_c0,0.7095282042850334,0.5854568237974623,0.5199776158037798,0.6106959003944225,0.5729582543713058,0.4992881333706807,0.5738177839857151,0.7022275988679564,0.6477702007735711
rxn00209_c0,1.888866017725343e-15,-1.241202183885919e-15,-3.479995682029803e-16,5.269856171862488e-16,5.3784084015442345e-17,-1.9717887022311238e-16,6.232477126916509e-16,4.3230341102086226e-19,1.3946363190466698e-16
rxn03638_c0,0.7095282042850294,0.5854568237974646,0.5199776158037681,0.6106959003944264,0.5729582543713095,0.4992881333706838,0.5738177839857149,0.7022275988679475,0.6477702007736486
rxn04600_c0,0.7095282042850334,0.5854568237974623,0.5199776158037798,0.6106959003944225,0.5729582543713058,0.4992881333706949,0.5738177839857151,0.7022275988679454,0.6477702007736018
rxn05457_c0,0.7095282042850334,0.5854568237974623,0.5199776158037798,0.6106959003944225,0.5729582543713058,0.4992881333706949,0.5738177839857151,0.7022275988679454,0.6477702007736018
rxn00470_c0,0.7094551035402817,0.5853965057867327,0.5199230758641945,0.6106648071745707,0.5728984398133475,0.4992362899228301,0.5737909834819761,0.702154482526041,0.6477024327885439
rxn08352_c0,0.7095282042850227,0.5854568237974567,0.5199776158037744,0.6106959003944226,0.5729582543713116,0.49928813337069866,0.5738177839857151,0.7022275988679504,0.6477702007735935
rxn08308_c0,0.7095282042850212,0.5854568237974536,0.5199776158037782,0.6106959003944191,0.5729582543713058,0.49928813337066713,0.5738177839857151,0.7022275988679471,0.6477702007735939
rxn10221_c0,0.7095282042850212,0.5854568237974536,0.5199776158037782,0.6106959003944191,0.5729582543713058,0.49928813337066713,0.5738177839857151,0.7022275988679471,0.6477702007735939
rxn00347_c0,0.709528204285024,0.585456823797451,0.5199776158035367,0.6106959003944191,0.5729582543713055,0.49928813337066086,0.5738177839857139,0.7022275988679473,0.6477702007735935
rxn03990_c0,0.7095282042850092,0.585456823797452,0.5199776158037652,0.6106959003944149,0.5729582543713085,0.4992881333706888,0.5738177839857292,0.7022275988679121,0.6477702007735923
rxn00379_c0,0.707983816115951,0.584182494480158,0.5188254020845001,0.6100383089330308,0.5716945962389405,0.4981928626390488,0.5732509312357275,0.7006829151745531,0.6463385228195232
rxn03250_c0,0.7095282042850241,0.5854568237974513,0.5199776158037862,0.6106959003944158,0.5729582543713065,0.4992881333706883,0.5738177839857335,0.7022275988679505,0.6477702007735835
rxn00867_c0,0.7095282042850092,0.585456823797452,0.5199776158037652,0.6106959003944149,0.5729582543713085,0.4992881333706888,0.5738177839857292,0.7022275988679121,0.6477702007735923
rxn05684_c0,0.7095282042850092,0.585456823797452,0.5199776158037652,0.6106959003944149,0.5729582543713085,0.4992881333706888,0.5738177839857292,0.7022275988679121,0.6477702007735923
rxn02288_c0,-4.489406501156792e-16,-8.894089086381017e-17,2.7785949470867863e-16,3.4689929148983015e-17,2.631201037039756e-17,-3.2826863344437454e-16,2.954686969351204e-16,2.962497840482036e-15,-4.498018801609011e-16
rxn00303_c0,0.7095282042850314,0.5854568237974599,0.5199776158037716,0.6106959003944258,0.5729582543713104,0.4992881333706807,0.5738177839857247,0.702227598867949,0.6477702007735952
rxn08792_c0,0.7095282042850267,0.585456823797452,0.5199776158037652,0.6106959003944149,0.5729582543713085,0.499288133370659,0.5738177839857128,0.7022275988679307,0.6477702007735907
fe3_reduction,-2.752052224937545e-16,-8.894089086381017e-17,-5.305160825617085e-13,-1.324338810002545e-16,-4.636133039781413e-13,1.349689139595234e-15,-1.9011694782955578e-13,-5.382852921954091e-16,-7.479927386936112e-16
rxn02937_c0,2.1010724633426658e-14,4.75661603399861e-14,-1.9904021125304784e-14,2.4195392213964804e-14,-2.303317520723395e-14,3.418623101354601e-14,5.979155875564231e-14,2.281331588957888e-14,4.302739532686873e-15
rxn41965_c0,0.7095282042850268,0.5854568237974622,0.5199776158037686,0.6106959003944252,0.5729582543713102,0.49928813337069744,0.5738177839857189,0.7022275988679421,0.647770200773593
EX_cpd00081_e0,0.7095282042850267,0.585456823797452,0.5199776158037652,0.6106959003944149,0.5729582543713085,0.499288133370659,0.5738177839857128,0.7022275988679487,0.6477702007735966
rxn02275_c0,0.7095282042850267,0.585456823797452,0.5199776158037652,0.6106959003944149,0.5729582543713085,0.499288133370659,0.5738177839857128,0.7022275988679487,0.6477702007735966
rxn00781_c0,-1.498314490641423e-14,-4.6710219179000455e-14,-1.0619393094624525e-14,-1.217390384208638e-14,-2.0664761559973228e-14,-8.383135313222106e-14,9.91704466997054e-15,6.313073880506026e-15,1.846224050853817e-14
rxn00950_c0,0.7095282042850308,0.5854568237974603,0.5199776158037678,0.6106959003944198,0.57295825437131,0.4992881333706815,0.5738177839857184,0.702227598867941,0.6477702007735933
rxn00441_c0,0.6191127051313331,0.585456823797452,0.5199776158037652,0.6106959003944149,0.5729582543713085,0.499288133370659,0.5738177839857128,0.6109457096366913,0.6089446666572423
rxn01669_c0,0.709503835696358,0.5854367164128033,0.5199594345525609,0.6106855356359872,0.5729383147975812,0.49927085102503443,0.573808850206295,0.7022032250621084,0.6477476098696501
rxn00478_c0,0.7095282042849783,0.585456823797455,0.519977615803766,0.6106959003944059,0.5729582543713111,0.4992881333706831,0.5738177839857284,0.7022275988679471,0.6477702007735959
rxn01451_c0,0.709528204285032,0.585456823797452,0.5199776158037652,0.6106959003944149,0.5729582543713085,0.499288133370659,0.5738177839857128,0.7022275988679536,0.6477702007736111
rxn08294_c0,0.709528204285032,0.585456823797452,0.5199776158037652,0.6106959003944149,0.5729582543713085,0.499288133370659,0.5738177839857128,0.7022275988679536,0.6477702007736111
rxn05491_c0,0.709528204285032,0.585456823797452,0.5199776158037652,0.6106959003944149,0.5729582543713085,0.499288133370659,0.5738177839857128,0.7022275988679536,0.6477702007736111
rxn05242_c0,0.709528204285032,0.585456823797452,,0.6106959003944149,0.5729582543713085,0.499288133370659,0.5738177839857128,0.7022275988679536,0.6276821147916192
rxn08847_c0,0.709528204285032,0.585456823797452,0.5199776158037777,0.6106959003944149,0.5729582543713085,0.499288133370659,0.5738177839857128,0.7022275988679536,0.647770200773599
rxn08043_c0,-7.071059351496564e-16,3.158904901094503e-16,-6.046440189819671e-16,2.0181373929822055e-16,0.5729582543713085,1.0965728977208626e-15,2.874231613753009e-16,-7.605873444975892e-16,0.6477702007735903
rxn00650_c0,0.7095038356963571,0.5854367164128162,0.5199594345525629,0.6106855356359941,0.5729383147975812,0.4992708510250209,0.5738088502063016,0.7022032250621005,0.6477476098696376
rxn16776_c0,0.7095282042850176,0.585456823797473,0.5199776158037482,0.6106959003944197,0.5729582543713078,0.49928813337067257,0.5738177839857139,0.702227598867947,0.6477702007735997
rxn10236_c0,0.7095282042850448,0.585456823797452,0.5199776158037442,0.610695900394419,0.5729582543713085,0.49928813337068373,0.573817783985721,0.7022275988679414,0.6477702007735903
EX_cpd00034_e0,4.59821775742825e-16,-8.894089086381017e-17,-6.440566998832126e-16,3.2810129630167763e-17,9.954443995558928e-17,8.681016285067026e-16,9.286727493775884e-17,-2.907511439068143e-16,1.3366197528533952e-16
EX_cpd00418_e0,0.7095282042850294,0.5854568237974612,0.519977615803775,0.6106959003946778,0.5729582543713109,0.4992881333706814,0.573817783985714,0.7022275988679506,0.6477702007735957
rxn11551_c0,0.709528204285015,0.585456823797452,0.5199776158037442,0.6106959003944222,0.5729582543713085,0.499288133370659,0.573817783985721,0.7022275988679504,0.6477702007735903
rxn05390_c0,0.709528204285015,0.585456823797452,0.5199776158037442,0.6106959003944222,0.5729582543713085,0.499288133370659,0.573817783985721,0.7022275988679504,0.6477702007735903
rxn03407_c0,0.709528204285015,0.585456823797452,0.5199776158037442,0.6106959003944222,0.5729582543713085,0.499288133370659,0.573817783985721,0.7022275988679504,0.6477702007735903
rxn10205_c0,0.709528204285015,0.585456823797452,0.5199776158037442,0.6106959003944222,0.5729582543713085,0.499288133370659,0.573817783985721,0.7022275988679504,0.6477702007735903
rxn24134_c0,0.709528204285015,0.585456823797452,0.5199776158037442,0.6106959003944222,0.5729582543713085,0.499288133370659,0.573817783985721,0.7022275988679504,0.6477702007735903
rxn03397_c0,-4.824457958319939e-16,3.158904901094503e-16,-4.414397652186385e-17,2.0948827009411228e-16,-1.4827804474899848e-16,-2.3849375089528397e-15,3.5290629740236153e-16,-1.599946461389268e-16,-4.498018801609009e-16
rxn05294_c0,0.0,0.0,0.0,0.0,0.0,0.0,0.0,0.0,0.0
rxn09111_c0,0.7095282042850308,0.5854568237974638,0.519977615803772,0.6106959003944284,0.5729582543713113,0.499288133370682,0.5738177839857184,0.702227598867949,0.6477702007735894
rxn01519_c0,-9.575421975900003e-17,-8.894089086381017e-17,8.870629023684016e-16,5.726739449382663e-17,2.631201037039756e-17,-4.657606873782852e-16,-1.0108264841095767e-15,-1.5261298701807071e-18,1.0153166892642903e-15
rxn09234_c0,0.7095282042850277,0.5854568237974622,0.5199776158037697,0.6106959003944246,0.5729582543713113,0.4992881333706844,0.5738177839857207,0.7022275988679485,0.6477702007735915
rxn00377_c0,0.7095282042850203,0.585456823797452,0.5199776158037442,0.610695900394419,0.5729582543713085,0.499288133370659,0.573817783985721,0.702227598867946,0.6477702007736095
rxn00360_c0,0.7095282042850203,0.585456823797452,0.5199776158037442,0.610695900394419,0.5729582543713085,0.499288133370659,0.573817783985721,0.702227598867946,0.6477702007736095
rxn00175_c0,0.7095282042850203,0.585456823797452,0.5199776158037442,0.610695900394419,0.5729582543713085,0.499288133370659,0.573817783985721,0.702227598867946,0.6477702007736095
rxn08818_c0,0.7095282042850203,0.585456823797452,0.5199776158037442,0.6106959003944267,0.5729582543713085,0.499288133370659,0.573817783985721,0.702227598867946,0.6477702007736095
rxn03893_c0,-1.681013949373114e-16,-2.567425433299787e-17,2.937791634067005e-16,3.137222561164264e-17,-1.166085670945318e-16,1.4913675554435783e-15,1.3718850296667677e-16,-3.323242541818409e-17,-7.140728877941003e-16
rxn01329_c0,0.7095282042850275,0.5854568237974584,0.5199776158037689,0.6106959003944248,0.572958254371315,0.4992881333706821,0.5738177839857213,0.7022275988679423,0.6477702007736057
rxn00804_c0,0.7095282042850254,0.5854568237974683,0.5199776158037442,0.6106959003944267,0.5729582543713085,0.4992881333706629,0.573817783985721,0.7022275988679489,0.6477702007735922
rxn00693_c0,4.162278155787832e-16,2.3833948186042973e-16,-2.062038440143906e-17,1.3068055385114775e-16,-1.4827804474899848e-16,-2.0314322334606255e-15,9.286727493775884e-17,2.728865957534051e-17,9.754356659338714e-15
rxn01639_c0,0.7095282042850282,0.5854568237974648,0.5199776158037751,0.6106959003944218,0.5729582543713061,0.4992881333706813,0.5738177839857178,0.7022275988679509,0.6477702007735934
rxn39964_c0,0.7095282042850254,0.5854568237974683,0.5199776158037442,0.610695900394423,0.5729582543713085,0.4992881333706867,0.573817783985721,0.7022275988679475,0.6477702007735728
EX_cpd00166_e0,0.7095282042850254,0.5854568237974683,0.5199776158037442,0.610695900394423,0.5729582543713085,0.4992881333706867,0.573817783985721,0.7022275988679475,0.6477702007735728
rxn14420_c0,0.7095282042850254,0.5854568237974683,0.5199776158037442,0.610695900394423,0.5729582543713085,0.4992881333706867,0.573817783985721,0.7022275988679475,0.6477702007735728
EX_cpd00363_e0,0.7095282042850246,0.5854568237974745,0.5199776158037764,0.6106959003944231,0.5729582543713098,0.4992881333706809,0.5738177839857161,0.7022275988679532,0.6477702007735915
rxn00104_c0,0.7095282042850246,0.5854568237974745,0.5199776158037764,0.6106959003944231,0.5729582543713098,0.4992881333706809,0.5738177839857161,0.7022275988679532,0.6477702007735915
rxn00224_c0,1.5781382885623652e-15,7.437430621322485e-17,-1.1376641411643262e-15,1.2891032751395736e-16,-5.748228950932107e-16,2.382984835368373e-16,-3.423883523210467e-17,-4.908809908711843e-16,-1.6452888324737063e-16
rxn08300_c0,0.7095282042850302,0.5854568237974623,0.5199776158037659,0.6106959003944228,0.5729582543713106,0.4992881333706884,0.5738177839857205,0.7022275988679482,0.6477702007736
rxn00856_c0,0.7095282042850167,0.5854568237974612,0.5199776158037764,0.6106959003944451,0.5729582543713096,0.4992881333706836,0.5738177839857184,0.7022275988679523,0.6477702007735869
rxn07432_c0,0.7095282042850167,0.5854568237974612,0.5199776158037764,0.6106959003944451,0.5729582543713096,,0.5738177839857184,0.7022275988679523,0.6403110929765159
rxn00816_c0,0.7095282042850167,0.5854568237974612,0.5199776158037764,0.6106959003944451,0.5729582543713096,0.4992881333706728,0.5738177839857184,0.7022275988679523,0.6477702007736025
EX_cpd00971_e0,0.7095282042850167,0.5854568237974612,0.5199776158037764,0.6106959003944451,0.5729582543713096,0.4992881333706795,0.5738177839857184,0.7022275988679523,0.6477702007735869
rxn03958_c0,2.5007866289432544e-16,7.437430621322485e-17,2.568533782450536e-16,-3.998946627714424e-15,-3.237143522762476e-16,5.564743163271593e-17,-2.0845758608819549e-16,9.391037400062854e-17,4.3185283381804945e-16
rxn00704_c0,0.7095282042850299,0.5854568237974632,0.5199776158037707,0.6106959003944703,0.5729582543713067,0.4992881333706817,0.5738177839857173,0.7022275988679588,0.6477702007736015
rxn00320_c0,0.7095282042850249,0.5854568237974612,0.5199776158037764,0.6106959003944422,0.5729582543713096,0.49928813337067957,0.5738177839857106,0.7022275988679499,0.6477702007735869
rxn05145_c0,0.7095282042850249,0.5854568237974612,0.5199776158037764,0.6106959003944422,0.5729582543713096,0.49928813337067957,0.5738177839857106,0.7022275988679499,0.6477702007735869
rxn08297_c0,0.7095282042850249,0.5854568237974612,0.5199776158037764,0.6106959003944422,0.5729582543713096,0.49928813337067957,0.5738177839857106,0.7022275988679499,0.6477702007735869
rxn08556_c0,0.7095282042850249,0.5854568237974612,0.5199776158037764,0.6106959003944422,0.5729582543713096,0.49928813337067957,0.5738177839857106,0.7022275988679499,0.6477702007735869
rxn10260_c0,0.7095282042850249,0.5854568237974612,0.5199776158037764,0.6106959003944422,0.5729582543713096,0.49928813337067957,0.5738177839857106,0.7022275988679499,0.6477702007735869
rxn01896_c0,0.7095282042850249,0.5854568237974612,0.5199776158037764,0.6106959003944422,0.5729582543713096,0.49928813337067957,0.5738177839857106,0.7022275988679499,0.6477702007735869
rxn08975_c0,0.7095282042850249,0.5854568237974612,0.5199776158037764,0.6106959003944422,0.5729582543713096,0.49928813337067957,0.5738177839857106,0.7022275988679499,0.6477702007735869
rxn08440_c0,0.7095282042850249,0.5854568237974612,0.5199776158037764,0.6106959003944422,0.5729582543713096,0.49928813337067957,0.5738177839857106,0.7022275988679499,0.6477702007735869
rxn01833_c0,0.7095282042850249,0.5854568237974612,0.5199776158037764,0.6106959003944422,0.5729582543713096,0.49928813337067957,0.5738177839857106,0.7022275988679499,0.6477702007735869
rxn00611_c0,0.7095282042850249,0.5854568237974612,0.5199776158037764,0.6106959003944422,0.5729582543713096,0.49928813337067957,0.5738177839857106,0.7022275988679499,0.6477702007735869
rxn08971_c0,0.7095282042850249,0.5854568237974612,0.5199776158037764,0.6106959003944252,0.5729582543713096,0.49928813337067957,0.5738177839857151,0.7022275988679499,0.6477702007735869
rxn00242_c0,0.7095282042850249,0.5854568237974612,0.5199776158037764,0.6106959003944252,0.5729582543713096,0.49928813337067957,0.5738177839857151,0.7022275988679499,0.6477702007735869
rxn01029_c0,0.7095282042850249,0.5854568237974612,0.5199776158037764,0.6106959003944252,0.5729582543713096,0.49928813337067957,0.5738177839857151,0.7022275988679499,0.6477702007735869
rxn00727_c0,0.7095282042850249,0.5854568237974612,0.5199776158037764,0.6106959003944252,0.5729582543713096,0.49928813337067957,0.5738177839857151,0.7022275988679499,0.6477702007735869
rxn03167_c0,4.139329965877335e-16,-1.5545804102380488e-16,1.1370170726591714e-17,-1.7359042835731963e-16,-3.237143522762476e-16,-2.0670905420728825e-16,1.9963241617438907e-13,6.769603027723315e-16,4.3185283381804945e-16
rxn00206_c0,0.7095282042850274,0.5854568237974632,0.5199776158037703,0.6106959003944216,0.5729582543713122,0.49928813337073796,0.5738177839857213,0.7022275988679487,0.6477702007735882
rxn01631_c0,0.7095282042850211,0.5854568237974612,0.5199776158037764,0.6106959003944252,0.5729582543713096,0.4992881333706921,0.5738177839857214,0.7022275988679518,0.6477702007735902
rxn00533_c0,0.7095282042850211,0.5854568237974611,0.5199776158037764,0.6106959003944252,0.5729582543713096,0.4992881333706921,0.5738177839857214,0.7022275988679518,0.6477702007735902
rxn08296_c0,0.7095282042850364,0.5854568237974613,0.5199776158037764,0.6106959003944322,0.5729582543713096,0.4992881333706921,0.5738177839857195,0.7022275988679533,0.647770200773598
rxn10228_c0,0.7095282042850364,0.5854568237974613,0.5199776158037764,0.6106959003944322,0.5729582543713096,0.4992881333706921,0.5738177839857195,0.7022275988679533,0.647770200773598
rxn00598_c0,0.7095282042850364,0.5854568237974613,0.5199776158037764,0.6106959003944322,0.5729582543713096,0.4992881333706921,0.5738177839857195,0.7022275988679533,0.647770200773598
rxn47974_c0,0.7073906749475806,0.5836930727173445,0.5183829044027506,0.609785367429948,0.5712092923008858,0.4977722204493065,0.573599286709678,0.7000896794739472,0.6457886949548384
rxn00902_c0,-6.449227359165201e-16,-3.7069735938117803e-16,7.525939346195674e-16,2.4450271305370346e-17,-2.4043147779543504e-17,0.4992881333706697,-1.0811573772962174e-15,-2.406587511742637e-16,0.6477702007735789
rxn00336_c0,0.7078060053639529,0.5840357765378883,0.5186927495524056,0.6099625050813097,0.5722735612973409,1.4995929295858098e-15,0.5738177839857184,0.7005050749789938,0.6477702007735799
rxn01281_c0,0.7095282042850093,0.5854568237974642,0.5199776158037653,0.6106959003944314,0.5729582543713102,0.4992881333706814,0.5738177839857187,0.7022275988679516,0.6477702007736029
rxn08812_c0,0.7095282042850553,0.5854568237974681,0.5199776158037607,0.6106959003944217,0.5729582543713064,0.4992881333706864,0.5738177839857187,0.7022275988679597,0.6477702007736029
rxn00289_c0,0.7095282042850553,0.5854568237974681,0.43586155818203265,0.6106959003944217,,0.4992881333706864,0.5738177839857187,0.7022275988679597,0.6216048141060975
rxn08442_c0,0.7095282042850553,0.5854568237974681,0.5199776158037914,0.6106959003944217,0.572958254371314,0.4992881333706864,0.5738177839857187,0.7022275988679597,0.6477702007735963
rxn00525_c0,0.7095282042850553,0.5854568237974681,0.5199776158037684,0.6106959003944217,0.5729582543713079,0.4992881333706864,0.5738177839857187,0.7022275988679597,0.6477702007735845
EX_cpd00992_e0,0.7095282042850553,0.5854568237974681,0.5199776158037684,0.6106959003944217,0.5729582543713079,0.4992881333706864,0.5738177839857187,0.7022275988679597,0.6477702007735845
rxn05343_c0,-2.6386127073651834e-16,5.774561118152865e-16,-5.224284163498585e-16,7.24676628210103e-16,-3.769692913020739e-16,6.387884650411531e-17,-1.3072518684733101e-15,1.4616363690725357e-16,-2.284208613009442e-16
rxn02235_c0,0.7095282042850294,0.5854568237974611,0.5199776158037671,0.6106959003944283,0.5729582543713128,0.4992881333706815,0.5738177839857178,0.7022275988679537,0.6477702007735987
rxn08076_c0,0.7095282042850413,0.5854568237974681,0.5199776158037684,0.6106959003943998,0.5729582543713079,0.4992881333706803,0.5738177839857187,0.7022275988679475,0.6477702007735845
rxn03241_c0,0.7095282042850413,0.5854568237974681,0.5199776158037684,0.6106959003943998,0.5729582543713079,0.4992881333706803,0.5738177839857187,0.7022275988679475,0.6477702007735845
rxn01512_c0,-3.7973178242138467e-16,-7.788628793066005e-16,4.073569742474396e-16,-7.752828984597695e-17,-4.59122282510241e-16,-5.945134957514365e-17,6.706956814398968e-16,-9.690436120342482e-17,8.656063198883864e-16
rxn01653_c0,0.7095282042850313,0.5854568237974636,0.5199776158037698,0.6106959003944229,0.5729582543713087,0.4992881333706869,0.5738177839857168,0.7022275988679509,0.6477702007735922
rxn05124_c0,0.7095282042850398,0.5854568237974681,0.5199776158037684,0.6106959003944257,0.5729582543713079,0.4992881333706852,0.5738177839857187,0.702227598867949,0.6477702007735845
rxn05298_c0,,0.5854568237974681,0.5199776158037684,0.6106959003944257,0.5729582543713079,0.4992881333706852,0.5738177839857187,0.702227598867949,0.4355607075654065
rxn02373_c0,0.7076953587842287,0.5839444781304027,0.51861020425654,0.609915324784533,0.5714585811295391,0.49798829458924965,0.573144906030194,0.7003944105549793,0.6460711279085002
rxn00162_c0,0.7095282042850247,0.585456823797458,0.5199776158037667,0.6106959003944257,0.5729582543713089,0.4992881333706815,0.5738177839857244,0.7022275988679583,0.6477702007735933
rxn01509_c0,0.7095282042850455,0.5854568237974681,0.5199776158037684,0.6106959003944257,0.5729582543713079,0.4992881333706852,0.5738177839857187,0.702227598867949,0.6477702007735746
rxn05197_c0,0.7095282042850455,0.5854568237974681,0.5199776158037684,0.6106959003944257,0.5729582543713079,0.4992881333706852,0.5738177839857187,0.702227598867949,0.6477702007735746
rxn00194_c0,0.7095282042850455,0.5854568237974681,0.5199776158037684,0.6106959003944257,0.5729582543713079,0.4992881333706852,0.5738177839857187,0.702227598867949,0.6477702007735746
rxn02166_c0,0.7095282042850455,0.5854568237974681,0.5199776158037684,0.6106959003944257,0.5729582543713079,0.4992881333706852,0.5738177839857187,0.702227598867949,0.6477702007735746
rxn10235_c0,0.7095282042850455,0.5854568237974681,0.5199776158037684,0.6106959003944257,0.5729582543713079,0.4992881333706852,0.5738177839857187,0.702227598867949,0.6477702007735746
rxn08766_c0,0.7095282042850455,0.5854568237974681,0.5199776158037684,0.6106959003944257,0.5729582543713079,0.4992881333706852,0.5738177839857187,0.702227598867949,0.6477702007735746
rxn00903_c0,0.709528204285022,0.5854568237974616,0.5199776158037744,0.6106959003944205,0.5729582543713058,0.49928813337066924,0.5738177839857224,0.7022275988679443,0.6477702007736221
rxn00728_c0,0.7095282042850127,0.5854568237974616,0.5199776158037751,0.6106959003944227,0.5729582543713081,0.49928813337066924,0.5738177839857224,0.7022275988679388,0.6477702007736221
rxn02767_c0,0.7095282042850127,0.5854568237974616,0.5199776158037751,0.6106959003944227,0.5729582543713081,0.49928813337066924,0.5738177839857224,0.7022275988679388,0.6477702007736221
rxn01201_c0,0.7095282042850127,0.5854568237974616,0.5199776158037751,0.6106959003944227,0.5729582543713081,0.49928813337066924,0.5738177839857224,0.7022275988679388,0.6477702007736221
rxn08444_c0,0.7095282042850127,0.5854568237974616,0.5199776158037751,0.6106959003944227,0.5729582543713081,0.49928813337066924,0.5738177839857224,0.7022275988679388,0.6477702007736221
rxn02314_c0,0.7095282042850127,0.5854568237974616,0.5199776158037751,0.6106959003944227,0.5729582543713081,0.49928813337066924,0.5738177839857224,0.7022275988679388,0.6477702007736221
rxn05458_c0,0.7095282042850127,0.5854568237974616,0.5199776158037751,0.6106959003944227,0.5729582543713081,0.49928813337066924,0.5738177839857018,0.7022275988679388,0.6477702007736221
rxn08800_c0,0.7095282042850127,0.5854568237974616,0.5199776158037751,0.6106959003944227,0.5729582543713081,0.49928813337066924,0.5738177839857018,0.7022275988679388,0.6477702007736221
rxn08307_c0,0.7095282042850127,0.5854568237974616,0.5199776158037751,0.6106959003944227,0.5729582543713081,0.49928813337066924,0.5738177839857018,0.7022275988679388,0.6477702007736221
cpd01042_transport,2.23161276908857e-16,-5.358000363551061e-16,9.897562467575354e-17,6.822087538505672e-17,5.264257336605412e-16,6.121362630992156e-16,4.83596355447166e-16,4.980622970490164e-16,-3.6106931829731413e-16
rxn02297_c0,0.709528204285029,0.5854568237974624,0.5199776158037711,0.6106959003944229,0.5729582543713099,0.499288133370685,0.5738177839857174,0.7022275988679547,0.6477702007735966
rxn05040_c0,-3.806982948252692e-17,2.93857900318652e-16,2.5136405040536234e-17,-7.028661758618321e-16,-4.601879810691646e-16,1.3302419019656308e-16,-4.133888367405322e-17,-4.564490487350008e-16,-3.506881711008085e-16
rxn00507_c0,0.7095282042850285,0.5854568237974591,0.5199776158037684,0.610695900394421,0.5729582543713122,0.4992881333706847,0.5738177839857159,0.7022275988679465,0.6477702007735959
rxn05373_c0,0.7095282042850124,0.5854568237974616,0.5199776158037751,0.6106959003944198,0.5729582543713081,0.4992881333706824,0.5738177839857018,0.7022275988679458,0.6477702007735948
rxn05461_c0,-2.918073849562404e-16,2.4175531654158716e-17,5.600908950519762e-17,-8.073109573364595e-15,5.264257336605412e-16,1.1938447062699668e-17,1.897689905150098e-16,-1.2764689250013107e-15,-2.2160022143225524e-16
rxn03909_c0,0.0,0.0,0.0,0.0,0.0,0.0,0.0,0.0,0.0
rxn02312_c0,0.7095282042850288,0.5854568237974612,0.519977615803764,0.6106959003944262,0.5729582543713112,0.499288133370684,0.5738177839857203,0.7022275988679492,0.6477702007735955
rxn00839_c0,0.7095282042850277,0.5854568237974616,0.5199776158037751,0.6106959003944206,0.5729582543713081,0.4992881333706806,0.5738177839857018,0.7022275988679434,0.6477702007735973
rxn10770_c0,0.7095282042850277,0.5854568237974616,0.5199776158037751,0.6106959003944206,0.5729582543713081,0.4992881333706806,0.5738177839857018,0.7022275988679434,0.6477702007735973
rxn00337_c0,1.3334012199231956e-15,-5.358000363551061e-16,-4.20926814273212e-15,-2.0980388599704186e-16,-2.2351581088286044e-15,6.429058369640576e-16,-1.0484335652181708e-15,8.89543580473606e-16,-1.855473626138376e-15
DM_cpd02701_c0,0.7095282042853268,0.5854568237958218,0.5199776158039784,0.6106959003936905,0.5729582543713158,0.4992881333707663,0.5738177839857205,0.7022275988674063,0.6477702007735966
rxn01981_c0,0.709528204285031,0.5854568237974684,0.5199776158037613,0.6106959003944157,0.5729582543713109,0.49928813337069095,0.5738177839857092,0.702227598867949,0.6477702007735963
rxn02405_c0,-2.4758292915528773e-16,-5.989401013423415e-16,6.0111911328139735e-16,4.872939114339383e-16,-4.519551505156731e-16,1.0882857238349573e-15,-6.394520453986669e-16,-9.296077449300325e-16,1.0532750906955076e-16
rxn34493_c0,0.7095282042850294,0.5854568237974637,0.5199776158037733,,0.5729582543713089,0.49928813337068084,0.5738177839857215,0.7022275988679499,0.6203317064546671
rxn01188_c0,0.709528204285037,0.5854568237974684,0.5199776158037613,0.6106959003944193,0.5729582543713109,0.4992881333707014,0.5738177839857157,0.7022275988679575,0.6477702007735955
rxn06591_c0,7.195370733802674e-16,2.1791513425247892e-16,-4.1627958479304003e-17,2.643630852965662e-15,-4.519551505156731e-16,5.640560494369205e-16,4.917861673500482e-17,-6.091979622199928e-16,7.665635178459106e-17
rxn02782_c0,0.7095282042850324,0.5854568237974627,0.5199776158037687,0.6106959003944222,0.5729582543713077,0.4992881333706782,0.5738177839857184,0.702227598867951,0.6477702007735894
rxn00214_c0,0.7095282042850277,0.5854568237974684,0.5199776158037613,0.6106959003944139,0.5729582543713109,0.4992881333706803,0.5738177839857201,0.7022275988679574,0.6477702007735905
rxn01137_c0,1.4662662952406902e-13,-3.9854506483007575e-16,5.056772420715069e-16,-1.305520565667258e-16,-1.8319320398855542e-16,-1.1177540476524943e-13,-4.72568239482973e-16,5.884995334576016e-14,0.0
rxn03147_c0,4.295093463835935e-14,4.0458060626685985e-14,-2.2080112524584002e-14,-1.5596057994227483e-14,2.6922892771356994e-14,-4.298318948286629e-14,2.7628603068094827e-14,4.5573967807007e-14,7.822201037763045e-14
rxn01678_c0,0.7095282042850299,0.5854568237974607,0.5199776158037674,0.6106959003944149,0.5729582543713088,0.4992881333706819,0.5738177839857251,0.7022275988679507,0.6477702007735985
rxn00898_c0,0.7095282042850317,0.5854568237974644,0.519977615803781,0.6106959003944256,0.5729582543713095,0.49928813337067374,0.5738177839857225,0.70222759886795,0.647770200773594
EX_cpd00311_e0,0.7095282042850317,0.5854568237974644,0.519977615803781,0.6106959003944256,0.5729582543713095,0.49928813337067374,0.5738177839857225,0.70222759886795,0.647770200773594
rxn01520_c0,-1.5045186600498265e-15,-1.1719536154626964e-16,-4.569998509541406e-16,9.46764006839486e-16,2.8127323081371524e-16,-1.823199030661563e-15,9.960006878513789e-17,3.0194821584043454e-16,-1.4080347095128893e-16
rxn05365_c0,0.7095282042850249,0.5854568237974674,0.5199776158037683,0.6106959003944267,0.572958254371307,0.499288133370682,0.5738177839857185,0.7022275988679559,0.6477702007735983
rxn09207_c0,0.7095282042850317,0.5854568237974644,0.519977615803781,0.6106959003944323,0.5729582543713095,0.49928813337068617,0.5738177839857157,0.7022275988679522,0.647770200773594
EX_cpd00254_e0,5.328814894193661e-16,-1.1719536154626964e-16,5.699303108642365e-16,-5.540500714535818e-16,1.9537728717097048e-16,-1.3504267976131064e-16,-6.871513376858351e-16,-8.905983890172061e-16,-1.4080347095128893e-16
rxn00328_c0,0.7095282042850376,0.5854568237974643,0.5199776158037679,0.610695900394428,0.5729582543713132,0.49928813337068584,0.5738177839857213,0.7022275988679565,0.647770200773601
rxn00678_c0,0.7095282042850317,0.5850514412554358,0.5149288162579825,0.6106959003944308,0.5674209297864236,0.499288133370694,0.5738177839857251,0.7022275988679522,0.647770200773594
rxn11946_c0,-7.923983435665869e-16,-3.4228556136947885e-16,-7.109617398675325e-16,1.8702216329506642e-16,3.4350616280042193e-16,9.739469888198918e-16,5.45311315566282e-16,1.5671964406945068e-15,-7.708899174847324e-16
rxn08119_c0,0.7095282042850313,0.5854568237974663,0.519977615803769,0.6106959003944212,0.5729582543713152,0.4992881333706815,0.5738177839857187,0.7022275988679526,0.6477702007735924
rxn00810_c0,0.7095282042850317,0.5854568237974532,0.519977615803781,0.6106959003944323,0.5729582543713095,0.4992881333706606,0.5738177839857157,0.7022275988679522,0.647770200773594
rxn00904_c0,0.7095282042850317,0.5854568237974532,0.519977615803781,0.6106959003944323,0.5729582543713095,0.4992881333706606,0.5738177839857157,0.7022275988679522,0.647770200773594
rxn01973_c0,3.170152704963427e-16,3.518082889504497e-17,-2.2222600217769896e-15,-8.895359940938982e-16,-1.8098125996522477e-15,6.2764051374615695e-16,-2.803200602260562e-15,6.909836566965503e-16,-1.822839461895927e-16
rxn01068_c0,0.702932873604662,0.5800147831164856,0.5154641382064411,0.6078774869514891,0.5706403984480827,0.49461102578641253,0.5713875624945635,0.696176442418652,0.6449064908906695
rxn00577_c0,0.7095282042850077,0.5854568237974743,0.5199776158037662,0.6106959003944193,0.5729582543713096,0.4992881333706678,0.5738177839857207,0.7022275988679589,0.6477702007735914
rxn02877_c0,0.7095282042850316,0.5854568237974532,0.519977615803781,0.6106959003944136,0.5729582543713095,0.49928813337068445,0.5738177839857302,0.7022275988679564,0.6477702007735955
rxn10207_c0,0.7095282042850316,0.5854568237974532,0.519977615803781,0.6106959003944136,0.5729582543713095,0.49928813337068445,0.5738177839857302,0.7022275988679564,0.6477702007735955
rxn05494_c0,0.7095282042850316,0.5854568237974532,0.519977615803781,0.6106959003944136,0.5729582543713095,0.49928813337068445,0.5738177839857302,0.7022275988679564,0.6477702007735955
rxn10233_c0,0.7095282042850316,0.5854568237974532,0.519977615803781,0.6106959003944136,0.5729582543713095,0.49928813337068445,0.5738177839857302,0.7022275988679564,0.6477702007735955
rxn15947_c0,5.454572682423432e-16,-1.6694231070914155e-17,-7.137323914087349e-16,3.8218397118083727e-16,4.678163022151344e-16,-4.938962304680799e-16,3.0257134030203607e-16,-1.9128350275671475e-16,1.8398726303574233e-17
rxn01257_c0,2.2195357925289412e-14,0.0,-1.032203812531044e-13,0.0,-1.2807595996111182e-30,1.5172986101939323e-44,2.4769378031971296e-13,-1.8120410335459298e-13,7.279108505517698e-15
rxn03136_c0,2.410199426071174e-14,-1.5012531869012388e-14,3.0166366450294607e-14,2.883870002854613e-14,1.5347995164554952e-14,2.0245338211695616e-14,1.5226499332605727e-16,-5.655497850938395e-15,6.466979903421287e-14
rxn03991_c0,0.7095282042850275,0.5854568237974629,0.5199776158037677,0.610695900394425,0.572958254371312,0.4992881333706837,0.573817783985717,0.7022275988679572,0.6477702007735977
rxn09296_c0,0.7095282042850284,0.5854568237974532,0.519977615803781,0.6106959003944237,0.5729582543713095,0.4992881333706479,0.5738177839857276,0.702227598867952,0.6477702007735955
rxn12224_c0,6.795351343259501e-16,1.7889142239725257e-17,-4.569998509541406e-16,-3.7015529195980313e-16,6.692809360613336e-16,4.3865166746267545e-17,-2.656300772110035e-16,5.902158181887326e-17,1.8398726303574233e-17
rxn01302_c0,0.7095282042850327,0.5854568237974656,0.5199776158037671,0.6106959003944217,0.5729582543713158,0.49928813337067945,0.573817783985722,0.7022275988679533,0.6477702007735957
rxn01757_c0,0.7095282042850284,0.5854568237974532,0.519977615803781,0.6106959003944249,0.5729582543713095,0.4992881333706786,0.5738177839857302,0.702227598867951,0.6477702007735983
rxn01445_c0,0.7095282042850284,0.5854568237974532,0.519977615803781,0.6106959003944249,0.5729582543713095,0.4992881333706786,0.5738177839857302,0.702227598867951,0.6477702007735983
rxn00293_c0,4.163291186770071e-16,3.518082889504497e-17,5.646522995504792e-17,-4.492428731059545e-16,2.5545260442199167e-16,9.403779695579345e-16,3.664397485957887e-16,-7.3883506823015e-16,-2.9595854941782385e-16
rxn01145_c0,0.7095282042850248,0.5854568237974642,0.5199776158037691,0.6106959003944187,0.5729582543713131,0.49928813337068834,0.5738177839857191,0.7022275988679493,0.6477702007735907
rxn00355_c0,0.7095282042850284,0.5854568237974532,0.519977615803781,0.6106959003944155,0.5729582543713095,0.4992881333706739,0.5738177839857276,0.702227598867935,0.6477702007735983
rxn00056_c0,0.7095282042850284,0.5854568237974532,0.519977615803781,0.6106959003944155,0.5729582543713095,0.4992881333706739,0.5738177839857276,0.702227598867935,0.6477702007735983
rxn23589_c0,0.7095282042850284,0.5854568237974532,0.519977615803781,0.6106959003944155,0.5729582543713095,0.4992881333706739,0.5738177839857276,0.702227598867935,0.6477702007735983
rxn01545_c0,0.7095282042850284,0.5854568237974532,0.519977615803781,0.6106959003944155,0.5729582543713095,0.4992881333706739,0.5738177839857276,0.702227598867935,0.6477702007735983
rxn00713_c0,0.7095282042850284,0.5854568237974532,0.519977615803781,0.6106959003944155,0.5729582543713095,0.4992881333706739,0.5738177839857276,0.702227598867935,0.6477702007735983
rxn21860_c0,0.7095282042850284,0.5854568237974532,0.519977615803781,0.6106959003944155,0.5729582543713095,0.4992881333706739,0.5738177839857276,0.702227598867935,0.6477702007735983
rxn00926_c0,0.7094672859516946,0.5854065579253859,0.5199321650595792,0.6106699891579968,0.5729084080390517,0.49924492974978046,0.5737954500587584,0.7021666675256469,0.6477137264680181
rxn05381_c0,0.7095282042850348,0.5854568237974518,0.5199776158037733,0.610695900394418,0.5729582543713074,0.49928813337067585,0.5738177839857184,0.7022275988679583,0.6477702007735868
rxn01672_c0,0.7095282042850284,0.5854568237974532,0.519977615803781,0.6106959003944155,0.5729582543713095,0.4992881333706739,0.5738177839857276,0.702227598867935,0.6477702007735983
rxn08015_c0,0.7095282042850284,0.5854568237974532,0.519977615803781,0.6106959003944155,0.5729582543713095,0.4992881333706739,0.5738177839857276,0.702227598867935,0.6477702007735983
cadaverine_amino_xfer,0.7095282042850284,0.5854568237974532,0.519977615803781,0.6106959003944155,0.5729582543713095,0.4992881333706739,0.5738177839857276,0.702227598867935,0.6477702007735983
rxn05616_c0,6.795351343259501e-16,-5.127760438155358e-17,5.646522995504792e-17,-1.7093598891701306e-17,6.89729979996849e-16,3.154678014264314e-16,-2.132380867742283e-16,-2.414938567837062e-16,-1.9899882579265453e-16
rxn08842_c0,0.7095282042850272,0.5854568237974633,0.5199776158037651,0.6106959003944287,0.572958254371307,0.4992881333706904,0.5738177839857174,0.7022275988679478,0.6477702007735956
rxn08548_c0,0.7095282042850284,0.5854568237974532,0.519977615803781,0.6106959003944237,0.5729582543713095,0.49928813337068445,0.5738177839857302,0.702227598867935,0.6477702007735983
EX_cpd00009_e0,-2.6610847483792018e-14,-2.020645989355562e-13,2.242866660629977e-13,2.2255836533022538e-14,-2.079517726662305e-15,3.52841708295168e-14,2.063631570150396e-13,-3.701575782097007e-13,7.532432103480674e-14
rxn09114_c0,0.7095282042850336,0.5854568237974604,0.5199776158037681,0.610695900394419,0.5729582543713088,0.4992881333706783,0.5738177839857173,0.7022275988679828,0.6477702007736085
rxn10202_c0,0.7095282042850254,0.585456823797453,0.5199776158037716,0.6106959003944293,0.5729582543713071,0.499288133370661,0.5738177839857278,0.702227598867934,0.6477702007735969
rxn08838_c0,0.7095282042850254,0.585456823797453,0.5199776158037716,0.6106959003944293,0.5729582543713071,0.499288133370661,0.5738177839857278,0.702227598867934,0.6477702007735969
rxn02789_c0,7.346975744385927e-16,-8.312708560225515e-19,-1.027733970243551e-15,-7.913741874601203e-16,1.2368669016870335e-16,0.499288133370661,6.935158982846303e-16,-8.89599223249192e-16,0.6477702007735969
rxn06865_c0,0.0,0.0,0.0,0.0,0.0,-7.88200822519895e-16,0.0,0.0,-6.767710289207545e-16
rxn22083_c0,0.7095282042850323,0.5854568237974638,0.5199776158037702,0.6106959003944239,0.5729582543713088,0.49928813337068784,0.5738177839857191,0.7022275988679515,0.6477702007736038
rxn05618_c0,-8.619054582905812e-16,-8.192575932953482e-19,-5.473718690354278e-16,2.0208370471704695e-16,-1.777569772930371e-16,-4.878871556087148e-17,9.591962563846355e-17,3.067225082114671e-17,5.814414528002213e-16
rxn00412_c0,0.7095282042850265,0.585456823797466,0.5199776158037706,0.6106959003944239,0.5729582543713101,0.4992881333706814,0.5738177839857174,0.7022275988679495,0.6477702007735939
rxn00222_c0,0.7095282042850254,0.585456823797453,0.5199776158037716,0.6106959003944185,0.5729582543713071,0.4992881333706852,0.5738177839857278,0.702227598867954,0.6477702007735969
rxn39451_c0,6.734710190970276e-16,-1.1159272134778163e-17,-2.0428410611865143e-15,1.2410794416882664e-17,9.563849896925827e-16,-1.9891802686427272e-16,-3.118007037959649e-15,6.01327539957009e-16,2.5060269032779067e-16
rxn05514_c0,0.0,0.0,0.0,0.0,2.0446130283367008e-32,-4.209529862734974e-31,0.0,-2.184576182360528e-29,0.0
rxn00299_c0,0.7095282042850244,0.585456823797463,0.5199776158037691,0.6106959003944228,0.5729582543713074,0.49928813337067984,0.5738177839857156,0.7022275988679458,0.6477702007735971
rxn00988_c0,0.7095282042850345,0.585456823797453,0.519977615803773,0.6106959003944274,0.5729582543713087,0.49928813337067335,0.57381778398572,0.7022275988679598,0.6477702007735986
rxn02277_c0,0.7095282042850345,0.585456823797453,0.519977615803773,0.6106959003944274,0.5729582543713087,0.49928813337067335,0.57381778398572,0.7022275988679598,0.6477702007735986
rxn02933_c0,0.7095282042850345,0.585456823797453,0.519977615803773,0.6106959003944274,,0.49928813337067335,0.57381778398572,0.7022275988679598,0.6311830652320614
rxn00834_c0,-3.3851099153516185e-16,-1.1159272134778163e-17,-8.959757340030609e-16,-4.705155166723673e-16,3.651778688508156e-30,-3.1724954814255374e-16,9.104089103670014e-15,4.810620319656074e-16,-1.9001439034174066e-16
rxn10570_c0,0.7095282042850332,0.5854568237974613,0.5199776158037666,0.6106959003944288,0.5729582543715317,0.49928813337068645,0.5738177839857207,0.7022275988679499,0.6477702007735963
rxn00991_c0,0.709528204285031,0.585456823797453,0.519977615803773,0.6106959003944253,0.5729582543713119,,0.5738177839857203,0.7022275988679408,0.6403110929765301
EX_cpd00041_e0,0.709528204285031,0.585456823797453,0.519977615803773,,0.5729582543713119,0.49928813337033306,0.5738177839857203,0.7022275988679408,0.6203317064546674
EX_cpd00438_e0,0.709528204285031,0.585456823797453,0.519977615803773,0.6106959003944246,0.5729582543713119,0.49928813337067507,0.5738177839857203,0.7022275988679408,0.6477702007735952
rxn03838_c0,0.709528204285031,0.585456823797453,0.519977615803773,0.6106959003944202,0.5729582543713119,0.49928813337067507,0.5738177839857203,0.7022275988679408,0.6477702007735952
rxn00363_c0,0.709528204285031,0.585456823797453,0.519977615803773,0.6106959003944202,0.5729582543713119,0.49928813337067507,0.5738177839857203,0.7022275988679408,0.6477702007735952
rxn00248_c0,0.709528204285031,0.5854568237974715,0.519977615803773,0.6106959003944202,0.5729582543713123,0.49928813337067507,0.5738177839857158,0.7022275988679408,0.6477702007735952
rxn08040_c0,0.709528204285031,0.5854568237974478,0.519977615803773,0.6106959003944202,0.5729582543713064,0.49928813337067507,0.5738177839857108,0.7022275988679408,0.6477702007735952
rxn08813_c0,0.709528204285031,0.5854568237974478,0.519977615803773,0.6106959003944202,0.5729582543713064,0.49928813337067507,0.5738177839857108,0.7022275988679408,0.6477702007735952
rxn15334_c0,0.709528204285031,0.5854568237974478,0.519977615803773,0.6106959003944202,0.5729582543713064,0.49928813337067507,0.5738177839857108,0.7022275988679408,0.6477702007735952
rxn10222_c0,0.709528204285031,0.5854568237974478,0.519977615803773,0.6106959003944202,0.5729582543713064,0.49928813337067507,0.5738177839857108,0.7022275988679408,0.6477702007735952
rxn08557_c0,0.709528204285031,0.5854568237974478,0.519977615803773,0.6106959003944202,0.5729582543713064,0.49928813337067507,0.5738177839857108,0.7022275988679408,0.6477702007735952
rxn14333_c0,-4.591495422855277e-17,-5.779772744907232e-16,-1.9892321630573486e-15,3.991761071045657e-16,5.5819763719e-17,8.156496051377481e-16,2.1550707416658735e-16,1.7955701295895534e-15,-3.09235053946303e-16
rxn00366_c0,0.7095282042850299,0.5854568237974657,0.5199776158037726,0.6106959003944248,0.5729582543713098,0.4992881333706838,0.5738177839857189,0.7022275988679503,0.6477702007735979
EX_cpd00048_e0,1.4089007987235605e-15,2.4186786725214188e-14,-1.1167246159538613e-14,2.2513195077709964e-14,-2.6165410257060636e-15,-2.5066821758390637e-16,1.2706240673221121e-14,-7.381871372864295e-17,1.1486158214097335e-14
rxn00785_c0,0.7015840935115965,0.5789018569431195,0.5136615016168783,0.6072978234932582,0.566030909610031,0.4936546164213935,0.5691436646194458,0.6937594575794048,0.640406880230415
rxn01286_c0,0.7095282042850213,0.5854568237974553,0.5199776158037589,0.610695900394418,0.5729582543713108,0.4992881333706849,0.5738177839856976,0.7022275988679526,0.6477702007735963
rxn05340_c0,2.7379178928770013e-17,-7.539547211005723e-16,-1.519578648482046e-16,6.781373745562265e-17,2.5722768806967935e-17,-2.085253804514808e-16,-9.423257217838966e-17,2.784191823771044e-16,2.3732723112604955e-16
EX_cpd01080_e0,0.7095282042850296,0.5854568237974619,0.5199776158037684,0.6106959003944219,0.5729582543713087,0.499288133370682,0.5738177839857184,0.7022275988679513,0.6477702007735949
rxn01501_c0,0.7095282042850153,0.5854568237974686,0.5199776158037801,0.610695900394428,0.5729582543713133,0.4992881333706871,0.5738177839857276,0.7022275988679516,0.6477702007736033
rxn00102_c0,-1.81771164536673e-14,1.7871517210313563e-14,2.7468445135802526e-14,1.4477740023512247e-14,1.3800024012604632e-15,,1.7550158461994655e-14,5.601960456769314e-15,1.907244729398421e-14
EX_cpd00035_e0,0.709528204285046,,0.5199776158037646,0.6106959003944232,0.5729582543713128,0.4992881333706901,0.5738177839857138,0.7022275988678885,0.627091915199904
rxn10163_c0,0.7095282042850242,0.5854568237974289,0.5199776158037801,0.6106959003944236,0.5729582543713133,0.49928813337068806,0.5738177839857276,0.7022275988679572,0.6477702007735928
rxn01603_c0,-1.4999401554789035e-15,2.4442115412714047e-16,5.670965326513062e-16,4.3455046620422057e-13,3.8869507663727594e-17,6.2462636358987555e-15,2.0135857652946705e-13,4.810620319656072e-16,-7.841889033815184e-16
rxn08312_c0,0.709528204285031,0.5854568237974621,0.5199776158037697,0.6106959003944241,0.5729582543713133,0.49928813337067507,0.5738177839857177,0.70222759886795,0.6477702007735987
rxn02143_c0,0.7095282042850242,0.5854568237974612,0.5199776158037801,0.6106959003944149,0.5729582543713133,0.49928813337067635,0.5738177839857087,0.702227598867935,0.6477702007735928
rxn00064_c0,0.7095282042850242,0.5854568237974612,0.5199776158037801,0.6106959003944149,0.5729582543713133,0.49928813337067635,0.5738177839857087,0.702227598867935,0.6477702007735928
rxn43611_c0,0.7095282042850242,0.5854568237974612,0.5199776158037801,0.6106959003944149,0.5729582543713133,0.49928813337067635,0.5738177839857087,0.702227598867935,0.6477702007735928
rxn01480_c0,0.7095282042850242,0.5854568237974612,0.5199776158037646,0.6106959003944149,0.5729582543713133,0.49928813337067635,0.5738177839857087,0.702227598867935,0.6477702007735928
rxn01964_c0,0.7095282042850242,0.5854568237974612,0.5199776158037789,0.6106959003944149,0.5729582543713133,0.49928813337067635,0.5738177839857087,0.702227598867935,0.6477702007735948
rxn01643_c0,2.258838550766255e-15,1.6182019635435806e-16,1.3447244057801724e-16,2.093577703416682e-16,-2.7872295331910664e-15,6.967281685424871e-16,-9.294992156561175e-16,9.254338541087763e-16,9.39836535577583e-16
rxn00199_c0,0.7095282042850284,0.5503860264513054,0.4883750844597257,0.5884167979253301,0.5380756794104798,0.46915883716371953,0.5545565160160039,0.702227598868316,0.6477702007735975
rxn01141_c0,0.7095282042850231,0.5854568237974759,0.5199776158037864,0.6106959003944199,0.5729582543713105,0.4992881333706972,0.5738177839857143,0.7022275988679421,0.647770200773598
rxn01802_c0,0.7095282042850231,0.5854568237974703,0.5199776158037622,0.6106959003944198,0.5729582543713079,0.49928813337069017,0.5738177839857266,0.7022275988679421,0.647770200773598
rxn01827_c0,0.7095282042850231,0.5854568237974703,0.5199776158037622,0.6106959003944198,0.5729582543713079,0.49928813337069017,0.5738177839857266,0.7022275988679421,0.647770200773598
rxn26398_c0,0.7095282042850231,0.5854568237974703,0.5199776158037622,0.6106959003944198,0.5729582543713079,0.49928813337069017,0.5738177839857266,0.7022275988679421,0.647770200773598
rxn03842_c0,0.7095282042850231,0.5854568237974703,0.5199776158037622,0.6106959003944198,0.5729582543713079,0.49928813337069017,0.5738177839857266,0.7022275988679421,0.647770200773598
EX_cpd00092_e0,0.7095282042850231,0.5854568237974703,0.5199776158037622,0.6106959003944198,0.5729582543713079,0.49928813337069017,0.5738177839857266,0.7022275988679421,0.647770200773598
EX_cpd00075_e0,0.7095282042850231,0.5854568237974703,0.4697718915364946,0.6106959003944198,0.536914479030736,0.49928813337069017,0.5738177839857266,0.6377567169040195,0.647770200773598
rxn03182_c0,-3.791404573899914e-17,7.753097720522546e-16,7.907031712723258e-17,-7.262877856086706e-16,2.5674503995245456e-17,3.028988263706535e-16,-1.1557921436894786e-15,1.3922037233307858e-15,-4.639174552246712e-16
rxn08310_c0,0.7095282042850333,0.5854568237974633,0.5199776158037579,0.610695900394421,0.5729582543713202,0.4992881333706818,0.5738177839857209,0.7022275988679484,0.6477702007736001
rxn00100_c0,-3.7469063609188374e-13,-5.717227952555343e-16,-2.126252085476853e-12,1.3298933719217457e-12,-6.612220556881946e-13,-1.8429940418908992e-13,6.816515052048684e-13,-1.487298480176641e-14,1.5611531335511442e-12
rxn00797_c0,0.7095282042850375,0.5854568237974603,0.519977615803773,0.6106959003944211,0.5729582543713088,0.4992881333706902,0.5738177839857156,0.7022275988679503,0.6477702007735597
rxn10224_c0,0.7095282042850306,0.5854568237974703,0.5199776158037674,0.6106959003944239,0.5729582543713074,0.4992881333706811,0.5738177839857171,0.702227598867953,0.647770200773598
rxn05006_c0,8.059282712332632e-19,-4.19115061571021e-16,-5.794972075679868e-17,1.3431302993921785e-16,-1.3764930461090933e-16,8.348388645197169e-16,2.0154734365662666e-17,-3.947325573281057e-16,-4.639174552246712e-16
rxn09209_c0,0.7095282042850306,0.5854568237974642,0.5199776158037681,0.6106959003944277,0.5729582543713099,0.4992881333706837,0.5738177839857194,0.7022275988679489,0.6477702007736023
rxn00463_c0,0.7095282042850306,0.5854568237974703,0.5199776158037674,0.6106959003944239,0.5729582543713074,0.499288133370681,0.5738177839857266,0.7022275988679483,0.647770200773598
rxn00717_c0,0.7095282042850306,0.5854568237974703,0.5199776158037674,0.6106959003944239,0.5729582543713074,0.499288133370681,0.5738177839857266,0.7022275988679483,0.647770200773598
rxn00165_c0,0.7095282042850306,0.5854568237974703,0.5199776158037674,0.6106959003944239,0.5729582543713074,0.499288133370681,0.5448668094100301,0.7022275988679483,0.647770200773598
rxn22385_c0,0.7095282042850306,0.5854568237974703,0.5199776158037674,0.6106959003944239,0.5729582543713074,0.499288133370681,0.5738177839857383,0.7022275988679483,0.647770200773598
rxn01739_c0,2.4774847479726197e-16,7.753097720522546e-16,-1.4440032267550219e-15,-2.4123880541026355e-16,4.001554350869685e-16,-1.5134714330727694e-16,3.685361274212409e-15,-1.4492749109853425e-16,-4.639174552246712e-16
rxn00777_c0,-8.118633627053779e-15,-5.498684069400169e-15,1.4964036370515685e-14,1.1525632835817382e-14,-6.32321453860093e-15,1.6006674393408148e-14,6.204144128816758e-15,1.3724535545898451e-14,2.898559134488227e-15
rxn08843_c0,0.7095282042850192,0.5854568237974576,0.5199776158037756,0.6106959003944251,0.5729582543713101,0.4992881333706836,0.5738177839857189,0.7022275988679474,0.6477702007735919
rxn00872_c0,0.7095282042850268,0.5854568237974507,0.5199776158037712,0.6106959003944252,0.5729582543713156,0.49928813337068123,0.5738177839857108,0.7022275988679483,0.6477702007735845
rxn02508_c0,1.510772075638539e-16,-1.0408202583872521e-16,4.9724885801438805e-17,-2.815627401351945e-16,3.4435139081543424e-16,2.784978862993391e-16,3.7472680950855046e-16,7.791479197518351e-16,-4.443997868892049e-16
rxn02144_c0,0.7095282042850322,0.585456823797462,0.5199776158037696,0.6106959003944178,0.5729582543713139,0.4992881333706822,0.573817783985721,0.7022275988679483,0.6477702007735967
rxn03080_c0,-4.603082057255152e-16,3.3299595174963953e-16,4.1529635557163137e-16,1.6698506264142287e-16,3.4435139081543424e-16,2.3983721893098e-16,9.4541629952581e-16,-7.035224836814027e-16,-2.679270117474037e-16
rxn21861_c0,0.7095282042850241,0.5854568237974574,0.5199776158037689,0.6106959003944177,0.5729582543713079,0.49928813337068106,0.5738177839857179,0.7022275988679441,0.6477702007735976
rxn03422_c0,0.7095282042850268,0.5854568237974507,0.5199776158037712,0.6106959003944252,0.5729582543713156,0.49928813337068534,0.5738177839857125,0.7022275988679476,0.6477702007735845
rxn02270_c0,0.7095282042850268,0.5854568237974507,0.5199776158037712,0.6106959003944252,,0.49928813337068534,0.5738177839857125,0.7022275988679476,0.6311830652320463
rxn14412_c0,0.7095282042850218,0.585456823793451,0.5199776158037568,0.6106959003944228,0.5729582543713105,0.49928813337067696,0.5738177839857638,0.7022275988679462,0.6477702007736043
rxn01800_c0,0.7095282042850254,0.5854568237974708,0.5199776158037703,0.6106959003944199,0.572958254371309,0.4992881333706858,0.5738177839857205,0.7022275988679497,0.6477702007735908
rxn14044_c0,0.7095282042850254,0.5854568237974708,0.5199776158037703,0.6106959003944199,0.572958254371309,0.4992881333706858,0.5738177839857205,0.7022275988679497,0.6477702007735908
rxn03012_c0,0.7095282042850254,0.5854568237974708,0.5199776158037703,0.6106959003944199,0.572958254371309,0.4992881333706858,0.5738177839857205,0.7022275988679497,0.6477702007735908
rxn00187_c0,0.7050198681579869,0.5817368361583506,0.5166143586106272,0.6087722078106819,0.5692696224923751,0.49609095339070075,0.5721592506336284,0.6977185999534687,0.6435911547006726
rxn00943_c0,0.7095282042850282,0.5854568237974657,0.5199776158037619,0.6106959003944274,0.5729582543713102,0.49928813337068695,0.5738177839857048,0.7022275988679525,0.6477702007735961
rxn12191_c0,0.7095282042850237,0.5854568237974708,0.5199776158037683,0.6106959003944199,0.5729582543713112,0.4992881333706858,0.5738177839857205,0.7022275988679497,0.6477702007735938
rxn09110_c0,0.7095282042850237,0.5854568237974708,0.5199776158037683,0.6106959003944199,0.5729582543713112,0.4992881333706858,0.5738177839857205,0.7022275988679497,0.6477702007735938
bio1_biomass,0.0,0.0,0.0,0.0,0.0,0.0,0.0,0.0,0.0
rxn00692_c0,0.7066062158862695,0.583183880942808,0.5172411283127,0.6095219809439163,0.5699570453582797,0.49733459242421385,6.0432163961766825e-15,0.6985589201317306,0.6452166720556992
rxn00745_c0,0.7095282042850486,0.5854568237974641,0.5199776158037691,0.6106959003944155,0.5729582543713084,0.4992881333706823,0.5738177839857179,0.7022275988679543,0.6477702007735985
rxn00107_c0,0.7095282042850258,0.5854568237974708,0.5199776158037683,0.6106959003944199,0.5729582543713112,0.49928813337067673,0.5738177839857153,0.7022275988679476,0.6477702007735938
rxn03164_c0,0.7095282042850258,0.5854568237974708,0.5199776158037683,0.6106959003944199,0.5729582543713112,0.49928813337067673,0.5738177839857153,0.7022275988679476,0.6477702007735938
rxn03130_c0,8.822801560016502e-16,8.254878515413272e-16,5.739524879349182e-17,-1.5350619485010753e-16,-2.8585628005202287e-16,1.3075968584900843e-16,6.186571271710039e-16,-6.459592339096292e-16,2.619037482415539e-16
rxn02939_c0,0.0,0.0,0.0,0.0,0.0,0.0,0.0,0.0,0.0
rxn03084_c0,1.2890868365715678e-14,5.23230514725814e-14,-8.467452319276438e-14,-3.2591265298346634e-15,-2.5524369957841264e-15,1.7669420399523716e-14,2.1203731250172318e-14,-3.047177782479665e-14,4.970877965942869e-14
rxn01629_c0,7.016418042331893e-16,1.021333499629893e-31,7.306760201094861e-16,1.2525498076528607e-16,1.5639999993719e-16,-2.5854672784552745e-17,-2.993299373943528e-16,-8.895992232491915e-16,2.1071401631013903e-16
rxn00420_c0,0.706003812629871,0.5828143316772815,0.5167969296776341,0.6093306810117091,0.5694698619578309,0.4970169847551114,0.5738177839857259,0.6979633774393328,0.6448015323071625
rxn00179_c0,0.7076953587842244,0.583944478130369,0.5186102042565306,0.6099153247845177,0.5714585811295392,0.4979882945892346,0.5731449060301901,0.7003944105549814,0.6460711279084865
rxn00883_c0,0.7095282042850395,0.5854568237974717,0.5199776158037688,0.6106959003944168,0.5729582543713054,0.4992881333706786,0.5738177839857251,0.7022275988679554,0.6477702007736224
rxn08044_c0,0.7095282042850258,0.5854568237974708,0.5199776158037707,0.6106959003944236,0.5729582543713112,0.4992881333706855,0.5738177839857156,0.702227598867948,0.6477702007735938
EX_cpd11640_e0,0.7095282042850258,0.5854568237974708,0.5199776158037707,0.6106959003944236,0.5729582543713112,0.4992881333706855,0.5738177839857156,0.702227598867948,0.6477702007735938
rxn05682_c0,0.7095282042850258,0.5854568237974708,0.5199776158037707,0.6106959003944236,0.5729582543713112,0.4992881333706855,0.5738177839857156,0.702227598867948,0.6477702007735938
rxn01673_c0,0.7095282042850258,0.5854568237974708,0.5199776158037707,0.6106959003944236,0.5729582543713112,0.4992881333706855,0.5738177839857156,0.702227598867948,0.6477702007735938
rxn00513_c0,0.7095282042850258,0.585456823797471,0.5199776158037707,0.6106959003944208,0.5729582543713112,0.4992881333706855,0.5738177839857156,0.702227598867948,0.6477702007735938
rxn02518_c0,0.7095282042850258,0.585456823797471,0.5199776158037707,0.6106959003944208,0.5729582543713112,0.4992881333706855,0.5738177839857156,0.702227598867948,0.6477702007735938
rxn01747_c0,0.7095282042850258,0.585456823797471,0.5199776158037707,0.6106959003944208,0.5729582543713112,0.4992881333706855,0.5738177839857156,0.702227598867948,0.6477702007735938
rxn05386_c0,0.7095282042850258,0.585456823797471,0.5199776158037707,0.6106959003944208,0.5729582543713112,0.4992881333706855,0.5738177839857156,0.702227598867948,0.6477702007735938
rxn03419_c0,0.7095282042850258,0.585456823797471,0.5199776158037707,0.6106959003944208,0.5729582543713112,0.4992881333706855,0.5738177839857156,0.702227598867948,0.6477702007735938
DM_cpd15302_c0,0.7095282042850257,0.5854568237974636,0.5199776158037689,0.6106959003944208,0.5729582543713017,0.4992881333706786,0.5738177839857089,0.7022275988679356,0.6477702007735783
rxn01045_c0,0.7095282042850257,0.5854568237974636,0.5199776158037674,0.6106959003944208,0.5729582543713017,0.4992881333706786,0.5738177839857089,0.7022275988679356,0.6477702007735783
rxn05109_c0,0.7095282042850257,0.5854568237974636,0.5199776158037751,0.6106959003944208,0.5729582543713017,0.4992881333706786,0.5738177839857089,0.7022275988679356,0.6477702007735783
rxn00216_c0,0.7095282042850257,0.5854568237974636,0.5199776158037751,0.6106959003944208,0.5729582543713017,0.4992881333706786,0.5738177839857089,0.7022275988679356,0.6477702007735783
rxn01069_c0,0.7095282042850257,0.5854568237974636,0.5199776158037751,0.6106959003944208,0.5729582543713017,0.4992881333706786,0.5738177839857089,0.7022275988679356,0.6477702007735783
EX_cpd00378_e0,0.7095282042850257,0.5854568237974636,0.5199776158037751,0.6106959003944208,0.5729582543713017,0.4992881333706786,0.5738177839857089,0.7022275988679356,0.6477702007735783
rxn01477_c0,0.7095282042850257,0.5854568237974636,0.5199776158037751,0.6106959003944208,0.5729582543713017,0.4992881333706786,0.5738177839857089,0.7022275988679356,0.6477702007735783
rxn01352_c0,0.7095282042850257,0.5854568237974636,0.5199776158037751,0.6106959003944208,0.5729582543713017,0.4992881333706786,0.5738177839857089,0.7022275988679356,0.6477702007735783
rxn00062_c0,0.7475971576821362,0.6403684154197052,0.5758815930958068,0.6378309083399214,0.628599443853005,0.5546301368433377,0.5987095887039471,0.7577219694412473,0.7035293568867632
rxn04934_c0,0.7095282042850246,0.5854568237974636,0.5199776158037751,0.6106959003944208,0.5729582543713017,0.4992881333706786,0.5738177839857089,0.7022275988679356,0.6477702007735783
EX_cpd00106_e0,0.7095282042850285,0.5854568237974636,0.5199776158037751,0.6106959003944208,0.5729582543713017,0.4992881333706786,0.5738177839857089,0.7022275988679356,0.6477702007735783
rxn03236_c0,0.7095282042850285,0.5854568237974636,0.5199776158037751,0.6106959003944208,0.5729582543713017,0.4992881333706786,0.5738177839857089,0.7022275988679356,0.6477702007735783
rxn03174_c0,0.7095282042850285,0.5854568237974636,0.5199776158037751,0.6106959003944208,0.5729582543713017,0.4992881333706786,0.5738177839857089,0.7022275988679356,0.6477702007735783
rxn39829_c0,0.7095282042850285,0.5854568237974636,0.5199776158037751,0.6106959003944208,0.5729582543713017,0.4992881333706786,0.5738177839857089,0.7022275988679356,0.6477702007735783
rxn03641_c0,0.7095282042850285,0.5854568237974636,0.5199776158037751,0.6106959003944208,0.5729582543713017,0.4992881333706786,0.5738177839857089,0.7022275988679356,0.6477702007735783
rxn01457_c0,0.7095282042850285,0.5854568237974636,0.5199776158037751,0.6106959003944208,0.5729582543713017,0.4992881333706786,0.5738177839857089,0.7022275988679356,0.6477702007735783
rxn05303_c0,0.7095282042850285,0.5854568237974636,0.5199776158037751,0.6106959003944208,0.5729582543713017,0.4992881333706786,0.5738177839857089,0.7022275988679356,0.6477702007735783
rxn05249_c0,0.7095282042850285,0.5854568237974636,0.5199776158037751,0.6106959003944208,0.5729582543713017,0.4992881333706786,0.5738177839857089,0.7022275988679356,0.6477702007735783
rxn01791_c0,1.1186865949054605e-12,4.772757342044617e-16,-2.12637166882096e-12,7.025358801112402e-13,1.7969301903461507e-13,-1.7260915812687946e-12,2.7875444322628148e-12,2.492293154841116e-13,2.785339283593349e-13
rxn08845_c0,0.709528204285028,0.585456823797459,0.5199776158037719,0.6106959003944222,0.5729582543713073,0.4992881333706839,0.573817783985719,0.7022275988679478,0.6477702007735946
rxn00719_c0,0.7095282042850191,0.5854568237974636,0.5199776158037751,0.6106959003944208,0.5729582543713017,0.4992881333706833,0.5738177839857213,0.7022275988679438,0.6477702007735783
rxn02675_c0,0.7095282042850191,0.5854568237974636,0.5199776158037751,0.6106959003944208,0.5729582543713017,0.4992881333706833,0.5738177839857213,0.7022275988679438,0.6477702007735783
rxn00362_c0,0.7095282042850191,0.5854568237974636,0.5199776158037751,0.6106959003944208,0.5729582543713017,0.4992881333706833,0.5738177839857213,0.7022275988679438,0.6477702007735783
rxn03433_c0,0.7095282042850191,0.5854568237974636,0.43586155818193467,0.6106959003944208,0.5729582543713017,0.4992881333706833,0.5738177839857213,0.7022275988679438,0.6383120022157794
rxn00827_c0,0.7095282042850191,0.5854568237974636,0.5199776158037572,0.6106959003944208,0.5729582543713017,0.4992881333706833,0.5738177839857213,0.7022275988679438,0.6477702007735987
rxn00338_c0,-4.2598001079427237e-13,-4.2099173772915246e-13,4.465773436361846e-13,-8.36161069973312e-13,-3.126449907153205e-12,2.8176322178888996e-13,1.932862350359291e-12,-8.674370410176549e-13,6.245963025714634e-13
rxn03043_c0,0.709528204284957,0.5854568237974644,0.5199776158037676,0.6106959003944269,0.5729582543713106,0.49928813337068445,0.573817783985715,0.7022275988679513,0.6477702007735924
rxn10259_c0,0.7095282042850345,0.5854568237974636,0.519977615803777,0.6106959003944208,0.5729582543713017,0.49928813337068023,0.5738177839857089,0.7022275988679427,0.6477702007735783
rxn00231_c0,0.7095282042850345,0.5854568237974636,0.519977615803777,0.6106959003944208,0.5729582543713017,0.49928813337068023,0.5738177839857089,0.7022275988679427,0.6477702007735783
rxn02503_c0,4.748353592538637e-16,4.87971946417235e-16,2.9518694473581293e-16,-5.082944833501316e-16,-4.0695394181801614e-17,4.624670561553139e-16,2.0054146747232696e-13,-2.0274672824949378e-16,-3.562843952349113e-15
rxn02320_c0,-2.2622143651388276e-13,-1.509571157121818e-15,-6.299928705126526e-16,-1.6416915642296162e-13,-1.5471062161673521e-16,4.308101783222642e-16,-6.544250143864303e-14,-7.938047175900917e-14,-1.7842651546996794e-16
rxn00327_c0,0.7095282042850306,0.5854568237974643,0.5199776158037718,0.6106959003944253,0.5729582543713079,0.49928813337068423,0.573817783985719,0.7022275988679548,0.6477702007735943
rxn00348_c0,0.709528204285027,0.5854568237974636,0.519977615803777,0.6106959003944208,0.5729582543713017,0.49928813337068023,0.5738177839857213,0.7022275988679448,0.647770200773597
rxn00679_c0,0.7095282042850345,0.5854568237974636,0.4358615581819962,0.6106959003944208,,0.49928813337068023,0.5738177839857213,0.7022275988679438,0.6216048141060903
rxn01705_c0,0.7095282042850345,0.5854568237974636,0.5199776158037565,0.6106959003944208,0.5729582543713082,0.49928813337068023,0.5738177839857213,0.7022275988679438,0.6477702007736015
rxn00122_c0,5.987485809852317e-16,3.3415886026478096e-16,1.1010842131812739e-15,3.348650232566475e-16,-4.069539418179119e-17,1.586491495659055e-16,1.245508132992171e-16,-4.932146468794947e-16,1.0363186785446233e-15
lipoyl_synth,0.709528204285029,0.5854568237974578,0.5199776158037687,0.6106959003944215,0.5729582543713142,0.4992881333706868,0.5738177839857159,0.702227598867962,0.647770200773596
rxn09247_c0,0.7095282042850356,0.5854568237974636,0.5199776158037754,0.6106959003944236,0.5729582543713067,0.4992881333706803,0.5738177839857089,0.7022275988679421,0.6477702007735863
rxn01832_c0,0.7095282042850356,0.5854568237974636,0.5199776158037754,0.6106959003944236,0.5729582543713067,0.4992881333706803,0.5738177839857089,0.7022275988679421,0.6477702007735863
rxn05120_c0,0.7095282042850356,0.5854568237974636,0.5199776158037754,0.6106959003944236,0.5729582543713067,0.4992881333706803,0.5738177839857089,0.7022275988679421,0.6477702007735863
rxn01510_c0,0.709528204285027,0.5854568237970921,0.5199776158037182,0.610695900394421,0.5729582543713122,0.4992881333704832,0.5738177839857138,0.7022275988677864,0.6477702007736035
rxn00237_c0,-7.561771716578684e-17,-3.867818057204725e-16,-1.299913796189317e-15,-2.9702623036657874e-16,-7.15295048457328e-17,-6.329063383383268e-17,7.397125911820065e-15,-2.4550841111367435e-15,4.1289300724087614e-16
rxn08262_c0,0.7095282042850265,0.5854568237974637,0.5199776158037643,0.6106959003944218,0.5729582543713111,0.4992881333706821,0.5738177839857157,0.7022275988679396,0.6477702007736018
rxn44001_c0,0.7095282042850374,0.5854568237974578,0.5199776158037795,0.6106959003944206,0.572958254371314,0.49928813337068567,0.5738177839857194,0.702227598867953,0.6477702007736004
rxn05195_c0,1.4501934676044394e-15,-1.862899888786082e-16,4.178294344894234e-16,-3.5331602514073714e-16,2.42117951756711e-17,-2.1762943581914017e-16,7.504725243792343e-17,-1.3218951750897952e-15,2.0680095253492076e-16
rxn08013_c0,0.0,0.0,8.15555251641538e-29,0.0,2.0759850526507088e-45,3.276196309469132e-14,0.0,0.0,0.0
rxn05937_c0,0.7095282042850238,0.5854568237974633,0.5199776158037689,0.6106959003944207,0.5729582543713091,0.49928813337068373,0.5738177839857214,0.7022275988679534,0.6477702007735917
rxn00802_c0,9.609802360856456e-17,2.1839372736170453e-17,5.106804199315175e-16,3.663756374600393e-16,2.42117951756711e-17,-1.4159076525459947e-16,-1.315526191121759e-16,-9.290953089991587e-16,6.259571355002392e-17
rxn00786_c0,1.3245366064631835e-14,7.793315262128514e-15,2.89192019538884e-14,1.251691532267869e-15,2.9678428771275224e-15,1.3868551940211182e-15,5.709794404460964e-15,4.910009910892083e-14,-1.2947758099977876e-14
rxn45550_c0,0.7095282042850284,0.5854568237974592,0.5199776158037648,0.6106959003944206,0.5729582543713094,0.4992881333706846,0.5738177839857184,0.7022275988679567,0.6477702007735934
rxn01100_c0,-3.2020839498592757e-14,-2.4173046785459366e-14,6.223337299256356e-14,2.2961977105011155e-14,1.9046076286815343e-14,2.8737903858308694e-15,4.893757430972944e-14,-4.167503794819309e-14,5.292143519619598e-16
rxn10254_c0,0.7095282042850277,0.5854568237974619,0.5199776158037663,0.6106959003944318,0.572958254371308,0.4992881333706808,0.573817783985719,0.7022275988679272,0.6477702007735938
rxn16573_c0,0.7095282042850184,0.5854568237974578,0.5199776158037744,0.6106959003944284,0.5729582543713004,0.4992881333706844,0.573817783985723,0.7022275988679438,0.6477702007735918
rxn05468_c0,-3.572705370778254e-17,-5.082109682744893e-31,,-2.575878507313642e-13,,-3.0281995605331846e-15,-1.4066651266083413e-29,-6.166597317922218e-16,2.0917058706153906e-15
rxn00653_c0,0.7095282042847928,0.5854568237979396,0.5199776158037251,0.6106959003943945,0.5729582543713194,0.49928813337066497,0.5738177839392159,0.7022275988679438,0.6477702007709923
rxn10223_c0,0.7095282042850296,0.5854568237974891,0.5199776158037596,0.6106959003944225,0.5729582543713081,0.4992881333706848,0.5738177839857177,0.7022275988679527,0.6477702007735864
rxn00931_c0,0.7095282042850296,0.5854568237974891,0.5199776158037596,0.6106959003944225,0.5729582543713081,0.4992881333706849,0.5738177839857177,0.7022275988679527,0.6477702007735864
rxn02770_c0,0.7095282042850296,0.5854568237974891,0.5199776158037596,0.6106959003944225,0.5729582543713081,0.4992881333706841,0.5738177839857105,0.7022275988679527,0.6477702007735864
rxn00615_c0,0.7095282042850296,0.5854568237974891,0.5199776158037596,0.6106959003944225,0.5729582543713081,0.4992881333706841,0.5738177839857105,0.7022275988679527,0.6477702007735864
rxn08854_c0,0.7095282042850296,0.5854568237974891,0.5199776158037596,0.6106959003944225,0.5729582543713081,0.4992881333706841,0.5738177839857105,0.7022275988679527,0.6477702007735864
rxn03843_c0,5.435548527404399e-16,-1.571828556918969e-15,-4.3621058192330406e-16,-6.142404733190115e-16,-6.054576047254609e-17,5.54713091601667e-16,9.366133698792723e-17,2.480085087153842e-16,1.830549495608778e-16
mmal_sald_redox,0.7095282042850323,0.5854568237974594,0.5199776158037678,0.6106959003944183,0.5729582543713023,0.49928813337068323,0.5738177839857127,0.7022275988679485,0.6477702007735967
cpd00992_trans,0.7095282042850296,0.5854568237974891,0.5199776158037596,0.6106959003944225,0.5729582543713081,0.499288133370686,0.5738177839857102,0.7022275988679506,0.6477702007735864
rxn05579_c0,0.7095282042850296,0.5854568237974891,0.5199776158037596,0.6106959003944225,0.5729582543713081,0.499288133370686,0.5738177839857102,0.7022275988679506,0.6477702007735864
rxn05341_c0,9.896087214048713e-16,5.694338812132242e-16,3.9861536255294776e-16,3.2407924554898203e-16,-1.6344570927543637e-16,-7.496989836782107e-16,1.494568586841787e-16,2.813019652024833e-16,-2.1571823133327623e-16
rxn09448_c0,0.709528204285023,0.5854568237974629,0.5199776158037672,0.6106959003944249,0.572958254371308,0.4992881333706871,0.5738177839857184,0.7022275988679496,0.647770200773593
EX_cpd00305_e0,0.7095282042850272,0.5854568237974891,0.5199776158037596,0.6106959003944185,0.5729582543713081,0.49928813337068545,0.5738177839857321,0.7022275988679708,0.6477702007735858
rxn16609_c0,0.7095282042850272,0.5854568237974891,0.5199776158037596,0.6106959003944185,0.5729582543713081,0.49928813337068545,0.5738177839857321,0.7022275988679708,0.6477702007735858
rxn00048_c0,-1.1524861536952348e-16,5.694338812132242e-16,-1.3009524680630094e-16,-7.048179187903284e-17,-6.054576047254609e-17,-3.51043276613804e-16,-3.3915392448460254e-16,6.980272579389096e-16,-7.609106003127905e-16
rxn05528_c0,0.7095282042850259,0.5854568237974612,0.5199776158037696,0.6106959003944219,0.5729582543713128,0.4992881333706803,0.5738177839857208,0.7022275988679466,0.6477702007735966
rxn09101_c0,0.7095282042850272,0.5854568237974891,0.5199776158037596,0.6106959003944185,0.5729582543713081,0.4992881333706846,0.5738177839857321,0.7022275988679503,0.6477702007735858
rxn01011_c0,0.7095282042850272,0.5854568237974891,0.5199776158037596,0.6106959003944185,0.5729582543713081,0.4992881333706846,0.5738177839857321,0.7022275988679503,0.6477702007735858
rxn02304_c0,4.0426791977886127e-16,-3.737703952194907e-16,-4.3621058192330406e-16,-7.048179187903284e-17,-6.054576047254609e-17,3.6201728436723545e-16,5.454942686052144e-16,-4.617065499674503e-15,-1.7744674486655005e-16
DM_cpd00323_c0,0.7095282042850355,0.5854568237974641,0.5199776158037689,0.6106959003944264,0.572958254371313,0.49928813337067984,0.5738177839857209,0.7022275988679504,0.6477702007735976
rxn00726_c0,0.7091814394908119,0.5851706958975693,0.519718898889692,0.6105483760683358,0.5726745161322719,0.4990422066261292,0.5736906247983768,0.7018807615059581,0.6474487346712304
rxn09199_c0,0.7095282042850288,0.5854568237974468,0.5199776158037649,0.610695900394427,0.5729582543713128,0.4992881333706802,0.5738177839857094,0.7022275988679518,0.6477702007736023
rxn08552_c0,0.7095282042850272,0.5854568237974891,0.5199776158037596,0.6106959003944185,0.5729582543713081,0.4992881333706846,0.5738177839857321,0.7022275988679506,0.6477702007735858
rxn09211_c0,0.7095282042850272,0.5854568237974891,0.5199776158037596,0.6106959003944185,0.5729582543713081,0.4992881333706846,0.5738177839857321,0.7022275988679506,0.6477702007735858
rxn00952_c0,0.7095282042850272,0.5854568237974891,0.5199776158037596,0.6106959003944185,0.5729582543713081,0.4992881333706846,0.5738177839857321,0.7022275988679506,0.6477702007735858
rxn00409_c0,0.7059432359615394,0.5824987396009651,0.5173031359713237,0.6091672154635134,0.5700250531398292,0.4967457528688492,0.5724998814441234,0.6986420539859172,0.6444470127313384
rxn14011_c0,4.360795046494222e-16,2.1472016820350205e-16,1.008404098328958e-15,3.3770333344736376e-16,-4.888098027092716e-16,-2.581816499580154e-16,-8.769871599017027e-16,1.0741103627716752e-15,-3.18252179541683e-17
rxn10270_c0,0.709528204285028,0.5854568237974603,0.5199776158037738,0.6106959003944226,0.5729582543713104,0.4992881333706817,0.5738177839857218,0.7022275988679697,0.6477702007735991
rxn00500_c0,0.7095282042850259,0.5854568237974632,0.5199776158037802,0.610695900394418,0.5729582543713081,0.4992881333706838,0.573817783985716,0.7022275988679407,0.6477702007735889
rxn08306_c0,0.7095282042850259,0.5854568237974632,0.5199776158037802,0.610695900394418,0.5729582543713081,0.4992881333706838,0.573817783985716,0.7022275988679407,0.6477702007735889
rxn40439_c0,0.7095282042850259,0.5854568237974632,0.5199776158037802,0.610695900394418,0.5729582543713081,0.4992881333706838,0.573817783985716,0.7022275988679407,0.6477702007735889
rxn08839_c0,0.7095282042850259,0.5854568237974632,0.5199776158037802,0.610695900394418,0.5729582543713081,0.4992881333706838,0.573817783985716,0.7022275988679407,0.6477702007735889
rxn00946_c0,0.7095282042850259,0.5854568237974632,0.5199776158037802,0.610695900394418,0.5729582543713081,0.4992881333706838,0.573817783985716,0.7022275988679407,0.6477702007735889
rxn02175_c0,-1.6162280204355664e-13,-1.2392972619089272e-14,-2.1262622268080435e-12,1.0632096463084733e-12,-2.47255001460726e-13,1.3931228131930197e-12,3.3781962571883313e-12,9.461281925287469e-13,-1.7388997359746634e-12
rxn00474_c0,0.7095282042850264,0.585456823797461,0.5199776158037683,0.6106959003944177,0.5729582543713112,0.4992881333706855,0.5738177839857158,0.7022275988679583,0.6477702007735917
rxn00770_c0,-2.921310022114808e-14,3.894486752349686e-14,9.612267530345036e-14,-4.185510871842798e-14,3.2559773472984624e-15,9.460482308460402e-15,-2.4605790968995467e-15,-1.584351217829588e-15,-2.7600247950839858e-14
rxn03406_c0,0.7095282042850282,0.5854568237974632,0.519977615803769,0.6106959003944219,0.5729582543713088,0.49928813337068473,0.5738177839857181,0.7022275988679699,0.6477702007735949
rxn05202_c0,0.7095282042850293,0.5854568237974632,0.5199776158037692,0.610695900394418,0.5729582543713081,0.4992881333706845,0.573817783985716,0.7022275988679478,0.6477702007736007
rxn05348_c0,-1.1552414108250737e-15,7.93649590412225e-18,1.6586588893102925e-16,3.5575699284214227e-16,1.6695391449242943e-16,2.4199172861913705e-16,-1.876582630590785e-16,-1.4006630056145398e-16,-1.1225340244177537e-17
rxn08823_c0,0.7095282042850288,0.5854568237974588,0.519977615803772,0.6106959003944219,0.5729582543713162,0.49928813337068534,0.5738177839857135,0.702227598867941,0.6477702007735959
rxn01857_c0,0.7095282042850293,0.5854568237974632,0.5199776158037692,0.610695900394418,0.5729582543713081,0.4992881333706802,0.573817783985716,0.7022275988679407,0.6477702007736007
rxn08821_c0,0.7095282042850293,0.5854568237974632,0.5199776158037692,0.610695900394418,0.5729582543713081,0.4992881333706802,0.573817783985716,0.7022275988679407,0.6477702007736007
rxn09208_c0,0.7095282042850293,0.5854568237974632,0.5199776158037692,0.610695900394418,0.5729582543713081,0.4992881333706802,0.573817783985716,0.7022275988679407,0.6477702007736007
rxn00239_c0,0.7095282042850293,0.5854568237974632,0.5199776158037692,0.610695900394418,0.5729582543713081,0.4992881333706802,0.573817783985716,0.7022275988679407,0.6477702007736007
rxn02889_c0,0.7095282042850305,0.5854568237974602,0.5199776158037692,0.6106959003944289,0.5729582543713085,,0.5738177839857126,0.7022275988679286,0.6403110929765239
EX_cpd00211_e0,0.7095282042850305,0.5854568237974602,0.5199776158037692,0.6106959003944289,0.5729582543713085,0.4992881333706807,0.5738177839857126,0.7022275988679286,0.6477702007735933
rxn03908_c0,3.8670776884056634e-16,7.27126546556721e-16,-1.844401594254078e-17,-9.018400547616402e-16,-1.9790605478477374e-16,-3.985178410636574e-17,1.5393658063490165e-16,-8.895992232491913e-16,-2.5981780165682805e-18
rxn04704_c0,0.7095282042850267,0.5854568237974627,0.5199776158037669,0.6106959003944288,0.5729582543713078,0.49928813337069916,0.5738177839857226,0.7022275988679503,0.6477702007735977
rxn02834_c0,2.470381068729274e-16,-5.951731547264023e-16,2.845915044215249e-16,1.4781015107742662e-16,-3.361903134369947e-16,8.076946422598453e-17,3.9003382793773946e-16,-3.846281550407124e-16,1.980189825778799e-16
rxn09128_c0,0.0,0.0,0.0,0.0,0.0,0.0,0.0,0.0,0.0
rxn01674_c0,0.7095282042850265,0.58545682379746,0.5199776158037672,0.610695900394426,0.57295825437131,0.499288133370687,0.5738177839857254,0.7022275988679445,0.6477702007736014
EX_cpd00107_e0,0.7095282042850305,0.585456823797462,0.5199776158037697,0.6106959003944289,0.5729582543713025,,0.5738177839857225,0.7022275988679573,0.634329806055822
rxn00612_c0,0.7095282042850305,0.585456823797462,0.5199776158037697,0.6106959003944289,0.5729582543713025,0.49928813337068023,0.5738177839857226,0.7022275988679573,0.6477702007735939
rxn06023_c0,0.709528204285032,0.5854568237974411,0.5199776158037697,0.6106959003944289,0.5729582543713025,0.49928813337069194,0.5738177839857158,0.7022275988679573,0.6477702007735956
cpd15380_transport,-5.543242755690214e-16,3.085121905943581e-16,6.260386543725186e-16,-7.653291557402275e-17,3.5761874559428044e-16,-1.9492579145469177e-17,-3.445590812837864e-16,-9.267594421601243e-17,9.070359633846085e-17
rxn03159_c0,0.0,0.0,0.0,0.0,0.0,0.0,0.0,0.0,0.0
rxn01476_c0,0.7095282042850267,0.5854568237974596,0.5199776158037693,0.6106959003944195,0.572958254371313,0.4992881333706869,0.5738177839857205,0.7022275988679487,0.647770200773595
rxn00371_c0,0.709528204285032,0.5854568237974411,0.5199776158037697,0.6106959003944289,0.5729582543713025,0.49928813337068445,0.5738177839857249,0.7022275988679482,0.6477702007735956
rxn24718_c0,0.709528204285032,0.5854568237974538,0.5199776158037753,0.610695900394419,0.5729582543713063,0.4992881333706757,0.5738177839857065,0.7022275988679482,0.6477702007735979
rxn19704_c0,1.9336372472366624e-16,-2.0464047911914785e-16,1.0694976948443378e-15,-1.0788314810316389e-16,-4.707750569939907e-16,2.00225293196927e-16,4.231605834425275e-16,-1.1985001353192033e-16,-2.5827230525715045e-16
rxn00674_c0,0.7095282042850315,0.5854568237974629,0.5199776158037736,0.6106959003944248,0.5729582543713094,0.4992881333706941,0.5738177839857261,0.7022275988679506,0.6477702007735986
rxn00947_c0,0.7095282042850278,0.5854568237974538,0.5199776158037753,0.610695900394419,0.5729582543713063,0.4992881333706851,0.5738177839857065,0.7022275988679612,0.6477702007735979
rxn02911_c0,0.7095282042850278,0.5854568237974538,0.5199776158037753,0.610695900394419,0.5729582543713063,0.4992881333706851,0.5738177839857065,0.7022275988679612,0.6477702007735979
rxn06076_c0,2.9896800137396027e-17,-6.972042538481102e-16,-2.6826291488631086e-16,-1.452386169855765e-16,-4.707750569939907e-16,-3.222954368275577e-16,1.873776922065422e-16,-5.38424952400351e-16,-2.1899682955920774e-16
rxn01115_c0,0.7095282042850269,0.5854568237974642,0.5199776158037697,0.6106959003944232,0.5729582543713115,0.49928813337068173,0.5738177839857226,0.7022275988679465,0.6477702007735953
rxn00022_c0,0.7095282042850264,0.5854568237974705,0.5199776158037679,0.610695900394419,0.5729582543713133,0.4992881333706757,0.5738177839857073,0.7022275988679482,0.6477702007736053
rxn00350_c0,0.7095038356963564,0.5854367164128211,0.5199594345525641,0.6106855356359918,0.5729383147975861,0.4992708510250484,0.5738088502062894,0.7022032250621035,0.6477476098696522
rxn12510_c0,-3.3616698748209253e-13,-3.281932065262012e-12,-2.1275122009010018e-12,-3.7715703078207844e-13,1.7711506043058494e-12,2.3756430510420367e-14,3.2363047341289245e-12,-1.834317935676164e-13,-4.90348510979486e-13
rxn46124_c0,0.7095282042850272,0.5854568237974623,0.5199776158037815,0.6106959003944196,0.5729582543713071,0.49928813337068023,0.5738177839857159,0.7022275988679478,0.6477702007736058
rxn03052_c0,0.7095282042850342,0.5854568237974705,0.5199776158037788,0.610695900394419,0.5729582543713133,0.4992881333706757,0.5738177839857073,0.7022275988679482,0.6477702007736053
rxn16823_c0,5.668351210152985e-16,1.4101019029831536e-16,-9.158198130329862e-16,-1.3639168414174722e-17,-1.4804719573694217e-16,-2.600721598896074e-16,-1.9673637917009366e-16,-1.8641325073276194e-16,-1.9175850144006793e-16
EX_cpd03424_e0,0.7095282042850265,0.5854568237974599,0.5199776158037719,0.6106959003944237,0.5729582543713075,0.49928813337068206,0.5738177839857218,0.7022275988679461,0.6477702007735938
rxn10263_c0,0.7095282042850342,0.5854568237974705,0.5199776158037788,0.610695900394419,0.5729582543713133,0.4992881333706757,0.5738177839857073,0.7022275988679612,0.6477702007736053
rxn08126_c0,0.7095282042850342,0.5854568237974705,0.5199776158037788,0.610695900394419,0.5729582543713133,0.4992881333706757,0.5738177839857073,0.7022275988679612,0.6477702007736053
rxn11732_c0,0.7095282042850342,0.5854568237974705,0.5199776158037788,0.610695900394419,0.5729582543713133,0.4992881333706757,0.5738177839857073,0.7022275988679612,0.6477702007736053
EX_cpd00246_e0,0.7095282042850342,0.5854568237974705,0.5199776158037788,0.610695900394419,0.5729582543713133,0.4992881333706757,0.5738177839857073,0.7022275988679612,0.6477702007736053
rxn02264_c0,-4.109420442198961e-16,-3.668123226180606e-16,3.1447544702620345e-16,-1.0788314810316389e-16,1.2205570386057092e-17,2.4434856648121555e-16,1.6044147534559883e-16,-1.138476830455321e-16,-3.8351700288013907e-16
rxn05469_c0,0.7095282042850268,0.5854568237974642,0.5199776158037762,0.6106959003944264,0.5729582543713151,0.49928813337068323,0.5738177839857221,0.7022275988679493,0.6477702007735994
rxn00459_c0,-8.932442050375776e-15,3.6886046454180917e-14,4.7678126469949175e-14,-2.7944030332034814e-14,-2.7412838423292943e-16,-1.4499248366698497e-14,-3.177153159542287e-14,7.387584991855131e-16,5.4075897406099866e-14
rxn00183_c0,0.7095282042850393,0.5854568237974614,0.5199776158037682,0.6106959003944207,0.5729582543713105,0.4992881333706827,0.5738177839857167,0.702227598867939,0.6477702007735967
rxn06510_c0,0.7095282042850151,0.5854568237974705,0.5199776158037631,0.610695900394419,0.5729582543713133,0.4992881333706757,0.5738177839857078,0.7022275988679482,0.6477702007735856
EX_cpd00054_e0,0.7095282042850151,0.5854568237974705,0.5199776158037631,0.610695900394419,0.5729582543713133,0.4992881333706757,0.5738177839857078,0.7022275988679482,0.6477702007735856
rxn05030_c0,4.0795889400037373e-16,7.253215584244385e-17,-2.1597128086087977e-16,-1.3639168414174722e-17,2.6335669373746096e-16,1.2958150336638653e-16,2.3204566972800967e-16,-3.445881598202858e-16,-2.0185249126522756e-15
rxn00543_c0,0.7095282042850255,0.5854568237974617,0.5199776158037668,0.6106959003944238,0.5729582543713099,0.4992881333706853,0.573817783985716,0.7022275988679555,0.6477702007735954
rxn00076_c0,0.7095282042850151,0.5854568237974705,0.5199776158037631,0.610695900394419,0.5729582543713133,0.4992881333706757,0.5738177839857078,0.7022275988679497,0.6477702007735856
rxn08793_c0,0.7095282042850151,0.5854568237974705,0.5199776158037631,0.610695900394419,0.5729582543713133,0.4992881333706757,0.5738177839857078,0.7022275988679497,0.6477702007735856
rxn05339_c0,1.265296633393437e-15,2.3537798149184277e-16,-1.6805343303844854e-16,4.438834344232193e-16,-1.599424664806887e-17,-6.364811158938048e-17,8.339308620967101e-17,-1.473102259230815e-15,-5.482598387666139e-16
rxn39188_c0,0.7095282042850242,0.5854568237974631,0.5199776158037692,0.6106959003944216,0.572958254371311,0.49928813337068395,0.5738177839857161,0.7022275988679443,0.6477702007735966
rxn00985_c0,0.709528204285048,0.5854568237974705,0.5199776158037631,0.610695900394419,0.5729582543713133,0.4992881333706851,0.5738177839857078,0.7022275988679485,0.6477702007735856
EX_cpd00205_e0,2.7181714851550492e-17,-2.0201451349941659e-16,-1.6805343303844854e-16,2.960756759347981e-17,-4.944276212813058e-16,-7.52565088308065e-17,-6.293160814490464e-16,2.4372434576706276e-16,-4.536012144633097e-16
rxn05324_c0,-5.993951986034774e-16,0.0,0.0,5.908207299836762e-17,0.0,5.300599031318491e-14,1.910539210257032e-16,2.358682295520709e-13,-1.3641805041747787e-16
rxn03421_c0,0.7095282042850279,0.5854568237974614,0.5199776158037728,0.6106959003944152,0.5729582543713102,0.4992881333706812,0.5738177839857159,0.7022275988679479,0.6477702007735957
rxn08336_c0,0.7095282042850237,0.5854568237974705,0.5199776158037631,0.6106959003944289,0.5729582543713133,0.4992881333706851,0.5738177839857183,0.7022275988679513,0.6477702007735966
rxn14418_c0,0.709528204285034,0.5854568237974705,0.5199776158037631,0.6106959003944289,0.5729582543713133,0.49928813337065214,0.5738177839857183,0.7022275988679569,0.64777020077361
rxn10258_c0,0.709528204285034,0.5854568237974705,0.5199776158037631,0.6106959003944289,0.5729582543713133,0.49928813337065214,0.5738177839857183,0.7022275988679569,0.64777020077361
rxn00241_c0,0.709528204285034,0.5854568237974705,0.5199776158037631,0.6106959003944289,0.5729582543713133,0.49928813337065214,0.5738177839857183,0.7022275988679569,0.64777020077361
rxn03039_c0,0.709528204285034,0.5854568237974705,0.5199776158037631,0.6106959003944289,0.5729582543713133,0.49928813337065214,0.5738177839857183,0.7022275988679569,0.64777020077361
rxn02803_c0,0.709528204285034,0.5854568237974705,0.5199776158037631,0.6106959003944289,0.5729582543713133,0.49928813337065214,0.5738177839857183,0.7022275988679569,0.64777020077361
rxn01740_c0,-7.211957262159096e-16,-3.72167043807726e-17,-1.398398763224595e-15,-5.793784434015183e-16,-1.1613135790716682e-15,-1.963301912168165e-15,2.796197139077339e-15,1.2809329691546287e-16,4.343011779860339e-15
rxn01315_c0,0.7095282042850309,0.5854568237974637,0.5199776158037683,0.610695900394394,0.5729582543713081,0.49928813337068606,0.5738177839857154,0.7022275988679422,0.6477702007735882
rxn00758_c0,0.7095282042850237,0.5854568237974705,0.5199776158037631,0.6106959003944289,0.5729582543713133,0.49928813337067746,0.5738177839857183,0.7022275988679537,0.6477702007735966
rxn01355_c0,0.7095282042850237,0.5850514412554436,0.5149288162579633,0.6106959003944289,0.5674209297864278,0.49928813337067746,0.5738177839857183,0.7022275988679537,0.6477702007735966
rxn09176_c0,0.6891032048225404,0.5686034341236887,0.5047465662145874,0.6018802612235119,0.5562519009028789,0.4848058681293571,0.5662101814979159,0.6818044586547835,0.6288436013453568
rxn09330_c0,0.7095282042850274,0.5854568237974416,0.5199776158037702,0.6106959003944249,0.5729582543713094,0.49928813337068856,0.5738177839857221,0.7022275988679466,0.6477702007735879
rxn05248_c0,0.7095282042850233,0.5854568237974704,0.5199776158037711,0.6106959003944239,0.5729582543713063,0.4992881333706821,0.5738177839857147,0.7022275988679537,0.6477702007735966
rxn01366_c0,0.7095282042850233,0.5854568237974704,0.5199776158037711,0.6106959003944239,0.5729582543713063,0.4992881333706821,0.5738177839857147,0.7022275988679537,0.6477702007735966
rxn03087_c0,-2.5354162467237253e-16,-5.08805006140298e-16,1.0078298631630783e-15,1.0705953932616441e-15,-1.5494124725891551e-15,-4.993952424098019e-15,4.164955347337489e-16,4.191016776970121e-16,-7.085447965994514e-16
rxn02093_c0,0.709528204285028,0.5854568237974671,0.5199776158037728,0.6106959003944207,0.5729582543713099,0.49928813337068845,0.5738177839857158,0.7022275988679458,0.6477702007735953
rxn00126_c0,-7.688118171047425e-16,-5.08805006140298e-16,1.3697976969967268e-15,-1.2259872024554015e-16,-4.122055311927596e-16,-4.655031356008335e-14,2.989676617030171e-16,2.586737135338584e-16,-7.939333757092316e-15
rxn08070_c0,0.7095282042850302,0.5854568237974624,0.51997761580377,0.6106959003944211,0.5729582543713131,0.4992881333707127,0.573817783985717,0.7022275988679483,0.6477702007736004
rxn01122_c0,0.7095282042850304,0.5854568237974704,0.5199776158037711,0.61069590039442,0.5729582543713063,0.4992881333706821,0.5738177839857147,0.7022275988679509,0.6477702007735966
rxn08078_c0,0.7095282042850304,0.5854568237974704,0.5199776158037711,0.61069590039442,0.5729582543713063,0.4992881333706821,0.5738177839857147,0.7022275988679509,0.6477702007735966
rxn00011_c0,0.674729909391672,0.4678385619137965,0.4715912615546397,0.5772606232499696,0.5409237535886856,0.4992881333706817,0.4929773976698622,0.6662851762183696,0.5982776046073477
rxn08893_c0,0.7095282042850133,0.5854568237974496,0.5199776158037682,0.6106959003944267,0.5729582543713105,0.49928813337068595,0.5738177839857085,0.7022275988679544,0.6477702007735922
EX_cpd00030_e0,7.161383016649733e-17,-8.023791056833387e-16,1.289856877035918e-15,1.624863133388766e-16,7.53973593988302e-17,4.838264709264406e-16,3.0657677244565255e-16,-3.9010587142807563e-16,2.422045879691299e-17
rxn03062_c0,0.0,0.0,0.0,0.0,0.0,0.49928813337068834,0.0,0.0,0.6477702007736003
rxn05338_c0,-4.781445242284092e-16,0.0,0.0,4.0145851212851267e-16,0.0,-4.770275591452487e-16,-5.975969907622924e-16,9.093959883818154e-14,-1.6016885056134516e-15
rxn08810_c0,0.709528204285029,0.5854568237974668,0.5199776158037729,0.61069590039443,0.5729582543713105,0.49928813337068245,0.5738177839857168,0.7022275988679512,0.6477702007735977
rxn05226_c0,0.7095282042850264,0.5854568237974673,0.5199776158037757,0.6106959003944284,0.5729582543713049,0.49928813337070005,0.5738177839857291,0.7022275988679543,0.6477702007735966
rxn00587_c0,0.7095282042850264,0.5854568237974673,0.5199776158037757,0.6106959003944284,0.5729582543713049,0.49928813337070005,0.5738177839857291,0.7022275988679543,0.6477702007735966
rxn08756_c0,0.7095282042850264,0.5854568237974673,0.5199776158037757,0.6106959003944284,0.5729582543713049,0.49928813337069994,0.5738177839857291,0.7022275988679542,0.6477702007735966
rxn08691_c0,0.7095282042850264,0.5854568237974643,0.5199776158037688,0.6106959003944284,0.5729582543713168,0.4992881333706919,0.573817783985688,0.7022275988679596,0.6477702007735996
rxn05317_c0,0.7095282042850264,0.5854568237974643,0.5199776158037688,0.6106959003944284,0.5729582543713168,0.4992881333706919,0.573817783985688,0.7022275988679596,0.6477702007735996
rxn05205_c0,0.7095282042850264,0.5854568237974643,0.5199776158037688,0.6106959003944284,0.5729582543713168,0.4992881333706919,0.573817783985688,0.7022275988679596,0.6477702007735996
rxn05957_c0,0.7095282042850264,0.5854568237974643,0.5199776158037688,0.6106959003944284,0.5729582543713168,0.4992881333706919,0.573817783985688,0.7022275988679596,0.6477702007735996
rxn14425_c0,0.7095282042850264,0.5854568237974643,0.5199776158037688,0.6106959003944284,0.5729582543713168,0.4992881333706919,0.573817783985688,0.7022275988679596,0.6477702007735996
rxn05734_c0,0.7095282042850264,0.5854568237974643,0.5199776158037688,0.6106959003944284,0.5729582543713168,0.4992881333706919,0.573817783985688,0.7022275988679596,0.6477702007735996
rxn00132_c0,0.7095282042850264,0.5854568237974643,0.5199776158037688,0.6106959003944284,0.5729582543713168,0.4992881333706919,0.573817783985688,0.7022275988679596,0.6477702007735996
rxn00508_c0,0.7095282042850264,0.5854568237974643,0.5199776158037688,0.6106959003944284,0.5729582543713168,0.4992881333706919,0.573817783985688,0.7022275988679596,0.6477702007735996
rxn03394_c0,-4.035521203467156e-16,-2.1511873005701235e-16,6.522481638977541e-16,6.80993892934628e-17,6.736372774899394e-16,1.2073345757644814e-15,-2.5938692492608318e-17,-1.1634639174907659e-15,4.342847283127231e-16
rxn08123_c0,0.7095282042850324,0.5854568237974593,0.5199776158037714,0.610695900394421,0.5729582543713082,0.499288133370686,0.5738177839857218,0.7022275988679484,0.6477702007735907
EX_cpd00127_e0,0.7095282042850264,0.5854568237974643,0.5199776158037688,0.6106959003944193,0.5729582543713168,0.4992881333706818,0.573817783985688,0.7022275988679643,0.6477702007735996
rxn02404_c0,-6.171683639792186e-16,8.723495461631307e-16,-4.1029775517836847e-17,-9.973020415806012e-17,-1.3985361939980732e-16,-2.598632558327794e-16,-1.2891256320371524e-17,2.37743112303198e-16,6.262784883789738e-16
rxn09012_c0,0.7095282042850294,0.5854568237974642,0.519977615803774,0.6106959003944243,0.572958254371316,0.4992881333706836,0.5738177839857147,0.7022275988679474,0.6477702007735923
rxn03384_c0,0.7095282042850247,0.5854568237974643,0.5199776158037688,0.6106959003944311,0.5729582543713168,0.49928813337070005,0.573817783985688,0.7022275988679526,0.6477702007735996
rxn03248_c0,0.7095282042850247,0.5854568237974643,0.5199776158037688,0.6106959003944311,0.5729582543713168,0.49928813337070005,0.573817783985688,0.7022275988679526,0.6477702007735996
rxn00322_c0,0.7095282042850247,0.5854568237974643,0.5199776158037688,0.6106959003944311,0.5729582543713168,0.49928813337070005,0.573817783985688,0.7022275988679526,0.6477702007735996
rxn00629_c0,0.7095282042850247,0.5854568237974643,0.5199776158037688,0.6106959003944311,0.5729582543713168,0.49928813337070005,0.573817783985688,0.7022275988679526,0.6477702007735996
rxn02949_c0,0.7095282042850247,0.5854568237974643,0.43586155818210653,0.6106959003944311,0.5729582543713168,0.49928813337070005,0.573817783985688,0.7022275988679526,0.638312002215797
rxn02944_c0,0.7095282042850247,0.5854568237974643,0.5199776158038067,0.6106959003944311,0.5729582543713168,0.49928813337070005,0.573817783985688,0.7022275988679526,0.6477702007735994
rxn05736_c0,0.7095282042850247,0.5854568237974643,0.5199776158037644,0.6106959003944311,0.5729582543713168,0.49928813337070005,0.573817783985688,0.7022275988679526,0.6477702007735957
rxn09113_c0,-2.7967019202693306e-16,-1.3768967777875283e-15,2.2528561724756374e-17,-1.6621630051459247e-16,2.4478521139710545e-16,6.307052184047887e-16,-1.2891256320371524e-17,-9.191995240600422e-17,3.4724063980800874e-16
rxn05221_c0,0.7095282042850323,0.5854568237974593,0.5199776158037709,0.6106959003944232,0.5729582543713123,0.49928813337069167,0.5738177839857139,,0.6388801286142679
rxn00708_c0,0.7095282042850273,0.5854568237974643,0.5199776158037644,0.6106959003944193,0.5729582543713168,0.4992881333706818,0.573817783985688,0.7022275988679463,0.647770200773594
rxn01079_c0,0.7095282042850273,0.5854568237974643,0.5199776158037644,0.6106959003944193,0.5729582543713168,0.4992881333706818,0.573817783985688,0.7022275988679468,0.6477702007735957
rxn00141_c0,1.5471037237988157e-16,-5.655995228375439e-16,3.4654463506525054e-16,-2.787284801301833e-16,2.5905338473437404e-16,-2.598632558327794e-16,-3.2442012475662574e-16,-1.334458719474012e-16,1.0615642416987695e-14
rxn02679_c0,0.7095282042850299,0.5854568237974632,0.5199776158037709,0.6106959003944221,0.5729582543713084,0.49928813337068595,0.5738177839857163,0.7022275988679472,0.6477702007735979
rxn08120_c0,0.7095282042850273,0.5854568237974643,0.5199776158037644,0.6106959003944193,0.5729582543713168,0.49928813337069505,0.573817783985688,0.7022275988679487,0.6477702007735957
rxn00085_c0,0.7095282042850273,0.5854568237974643,0.5199776158037644,0.6106959003944193,0.5729582543713168,0.49928813337069505,0.573817783985688,0.7022275988679487,0.6477702007735957
rxn00873_c0,0.7095282042850273,0.5854568237974643,0.5199776158037644,0.6106959003944193,0.5729582543713168,0.49928813337069505,0.573817783985688,0.7022275988679487,0.6477702007735957
rxn00063_c0,0.7095282042850273,0.5854568237974643,0.5199776158037644,0.6106959003944193,0.5729582543713168,0.49928813337069505,0.573817783985688,0.7022275988679487,0.6477702007735957
rxn01930_c0,0.7095282042850273,0.5854568237974643,0.5199776158037644,0.6106959003944193,0.5729582543713168,0.49928813337069505,0.573817783985688,0.7022275988679487,0.6477702007735957
rxn10210_c0,0.7095282042850273,0.5854568237974643,0.5199776158037644,0.6106959003944193,0.5729582543713168,0.49928813337069505,0.573817783985688,0.7022275988679487,0.6477702007735957
rxn00029_c0,3.66117536692699e-17,-5.655995228375439e-16,3.4654463506525054e-16,2.9950332169434944e-17,-1.3985361939980732e-16,-5.810397598229283e-16,1.2963116235059709e-15,-7.264795501964081e-16,2.4802902843429194e-16
rxn05344_c0,-2.9643459263349074e-14,0.0,0.0,-2.5089586640255817e-14,0.0,0.0,-9.463509513063197e-16,2.181185580465091e-13,-1.963173626423705e-15
rxn02000_c0,0.7095282042850282,0.5854568237974573,0.5199776158037692,0.6106959003944219,0.5729582543713101,0.4992881333706848,0.5738177839857207,0.7022275988679474,0.6477702007735959
rxn03005_c0,0.7095282042850262,0.5854568237974643,0.5199776158037644,0.610695900394423,0.5729582543713168,0.4992881333706818,0.573817783985688,0.7022275988679472,0.6477702007736027
rxn00910_c0,0.7095282042850228,0.5854568237974643,0.5199776158037692,0.6106959003944196,0.5729582543713065,0.4992881333706803,0.5738177839857006,0.7022275988679515,0.6477702007735696
rxn00272_c0,0.7095282042850292,0.5854568237974634,0.5199776158037742,0.6106959003944228,0.5729582543713065,0.4992881333706863,0.573817783985701,0.702227598867946,0.6477702007735696
rxn01210_c0,0.7095282042850273,0.5854568237974634,0.5199776158037742,0.6106959003944228,0.5729582543713065,0.4992881333706863,0.5738177839857536,0.7022275988679486,0.6477702007736018
rxn10231_c0,0.7095282042850273,0.5854568237974634,0.5199776158037742,0.6106959003944228,0.5729582543713065,0.4992881333706863,0.5738177839857536,0.7022275988679486,0.6477702007736018
EX_cpd01042_e0,3.6499690571119886e-16,-1.1443681403536777e-16,-2.860753526632066e-17,3.644610671521748e-17,5.949945062296873e-16,-9.249461136549274e-16,-8.079244967876371e-19,2.6330096375132483e-16,9.340753196175609e-16
rxn09200_c0,0.7095282042850348,0.5854568237974609,0.5199776158037701,0.6106959003944175,0.5729582543713116,0.4992881333706879,0.5738177839857229,0.7022275988679478,0.6477702007735944
rxn02680_c0,0.7095282042850273,0.5854568237974634,0.5199776158037742,0.6106959003944228,0.5729582543713065,0.49928813337068134,0.5738177839857536,0.7022275988679458,0.6477702007736018
rxn01664_c0,0.7095282042850273,0.5854568237974634,0.5199776158037742,0.6106959003944228,0.5729582543713065,0.49928813337068806,0.5738177839857536,0.7022275988679505,0.6477702007736018
rxn08819_c0,0.7095282042850273,0.5854568237974634,0.5199776158037742,0.6106959003944228,0.5729582543713065,0.49928813337068806,0.5738177839857536,0.7022275988679505,0.6477702007736018
rxn01548_c0,0.7095282042850273,0.5854568237974634,0.5199776158037742,0.6106959003944228,0.5729582543713065,0.49928813337068806,0.5738177839857536,0.7022275988679505,0.6477702007736018
rxn01518_c0,0.7095282042850273,0.5854568237974634,0.5199776158037742,0.6106959003944228,0.5729582543713065,0.49928813337068806,0.5738177839857536,0.7022275988679505,0.6477702007736018
rxn01775_c0,0.7095282042850273,0.5854568237974634,0.5199776158037742,0.6106959003944228,0.5729582543713065,0.49928813337068806,0.5738177839857536,0.7022275988679505,0.6477702007736018
EX_cpd00159_e0,0.7095282042850273,0.5854568237974634,0.5199776158037742,0.6106959003944228,0.5729582543713065,0.49928813337068806,0.5738177839857536,0.7022275988679505,0.6477702007736018
rxn01143_c0,0.7095282042850273,0.5854568237974634,0.5199776158037742,0.6106959003944228,0.5729582543713065,0.49928813337068806,0.5738177839857536,0.7022275988679505,0.6477702007736018
rxn01974_c0,2.9399799008500293e-16,-1.785419123999568e-16,-7.602971042688389e-16,-1.9178999822091654e-16,-1.0996303747532962e-15,-4.518621177574688e-15,-1.2282049016065827e-15,2.1342292896869358e-16,-5.191100731966256e-16
rxn05239_c0,0.7095282042850314,0.5854568237974607,0.5199776158037669,0.6106959003944243,0.5729582543713101,0.4992881333706855,0.5738177839857143,0.7022275988679567,0.6477702007736006
rxn04133_c0,0.7095282042850273,0.5854568237974634,0.5199776158037742,0.6106959003944228,0.5729582543713065,0.49928813337067735,0.5738177839857536,0.7022275988679547,0.6477702007736018
rxn01241_c0,0.5743062938816147,0.45443671781673306,-2.306701593543255e-15,0.5655849209866631,,,-8.453163124297941e-16,0.5653055683480073,0.4821971072282607
rxn00493_c0,-1.3313724444262319e-16,-1.3175710319201648e-15,-1.637780621978177e-17,1.8562825339141535e-16,2.534483123975469e-32,2.3072159821242318e-30,7.387274896523697e-17,1.5509972872974693e-16,-6.40953972564103e-16
rxn00278_c0,0.709528204285032,0.5854568237974581,0.5199776158037847,0.6106959003947408,0.572958254371313,0.4992881333706832,0.5738177839857252,0.7022275988679396,0.6477702007735961
EX_cpd00132_e0,0.7095282042850244,0.5854568237974496,0.5199776158037713,0.6106959003944239,0.572958254371309,0.49928813337067635,0.5738177839857235,0.7022275988679504,0.6477702007735948
rxn04132_c0,0.7095282042850244,0.5854568237974496,0.5199776158037713,0.6106959003944239,0.572958254371309,0.49928813337067635,0.5738177839857235,0.7022275988679504,0.6477702007735948
rxn00763_c0,0.7095282042850244,0.5854568237974496,0.5199776158037713,0.6106959003944239,0.572958254371309,0.49928813337067635,0.5738177839857235,0.7022275988679504,0.6477702007735948
rxn05325_c0,1.2359167504952547e-16,-6.66124665210772e-16,7.639644050287893e-16,-7.65090453563657e-17,-5.119482337275298e-16,6.194314421828852e-16,-1.2841824886653898e-16,2.0271036482493378e-17,1.5142077907436206e-16
rxn40368_c0,0.7095282042850294,0.5854568237974611,0.5199776158037681,0.6106959003944228,0.5729582543713139,0.49928813337068256,0.5738177839857151,0.7022275988679499,0.6477702007735955
rxn00555_c0,-4.881356525194013e-16,-1.2239052710069674e-16,7.639644050287893e-16,-2.9417924644760736e-16,-2.863283638474972e-16,-4.369403510266167e-16,-1.3499486768474277e-15,-9.173522962465304e-16,-2.221902745563373e-16
rxn00711_c0,0.7095282042850337,0.5854568237974646,0.51997761580378,0.6106959003944258,0.5729582543713089,0.499288133370688,0.573817783985722,0.7022275988679532,0.6477702007735956
rxn00547_c0,0.7095282042850304,0.5854568237974496,0.5199776158037713,0.6106959003944165,0.572958254371309,0.49928813337068534,0.5738177839857506,0.7022275988679505,0.6477702007735948
rxn02317_c0,0.7095282042850304,0.5854568237974496,0.5199776158037713,0.6106959003944165,0.572958254371309,0.49928813337068534,0.5738177839857506,0.7022275988679505,0.6477702007735948
rxn00545_c0,0.7095282042850304,0.5854568237974496,0.5199776158037713,0.6106959003944165,0.572958254371309,0.49928813337068534,0.5738177839857506,0.7022275988679505,0.6477702007735948
rxn05122_c0,0.7095282042850326,0.5854568237974624,0.5199776158037679,0.6106959003932231,0.5729582543712942,0.49928813336951056,0.5738177839860186,0.7022275988673577,0.6477702007735898
rxn01505_c0,0.709039956691995,0.5850539534347436,0.519613341640244,0.610488164009019,0.5725587497285847,0.49894186709618604,0.5736387233116896,0.7017392501323972,0.6473175753333572
rxn05671_c0,0.7095282042850416,0.5854568237974761,0.5199776158037528,0.6106959003944227,0.5729582543713112,0.49928813337067074,0.5738177839857269,0.7022275988679547,0.6477702007736017
rxn08734_c0,0.7095282042850325,0.5854568237974668,0.5199776158037615,0.6106959003944311,0.5729582543713181,0.4992881333706867,0.5738177839857138,0.7022275988679515,0.6477702007736038
rxn01300_c0,0.7095282042850325,0.5854568237974668,0.5199776158037615,0.6106959003944311,0.5729582543713181,0.4992881333706867,0.5738177839857138,0.7022275988679515,0.6477702007736038
rxn01043_c0,0.7095282042850325,0.5854568237974668,0.5199776158037615,0.6106959003944311,0.5729582543713181,0.4992881333706867,0.5738177839857138,0.7022275988679515,0.6477702007736038
rxn05233_c0,0.7095282042850325,0.5854568237974668,0.5199776158037615,0.6106959003944311,0.5729582543713181,0.4992881333706867,0.5738177839857138,0.7022275988679515,0.6477702007736038
rxn00875_c0,0.7095282042850215,0.5854568237974502,0.5199776158037575,0.6106959003944226,0.5729582543713102,0.4992881333706873,0.5738177839857109,0.7022275988679569,0.6477702007736877
rxn01906_c0,0.7095282042850215,0.5854568237974502,0.5199776158037575,0.6106959003944226,0.5729582543713102,0.4992881333706873,0.5738177839857109,0.7022275988679569,0.6477702007736877
rxn08801_c0,3.3446548212988285e-16,-1.394334999734436e-15,-1.0316062914339796e-15,-6.150607948705785e-16,-5.033012249945709e-18,6.229445408678982e-16,2.6242519990429735e-16,2.7798371097133593e-16,5.914911888353987e-16
rxn05289_c0,0.0,-1.9771864750621912e-13,-4.9872660908946904e-14,0.0,-5.858808674770781e-14,-3.0176882751178024e-13,-7.274690149514512e-14,-2.2917388688222654e-13,-1.3784451982375602e-13
rxn14045_c0,0.7095282042850288,0.5854568237974658,0.5199776158037713,0.6106959003944183,0.5729582543713074,0.4992881333706833,0.5738177839857201,0.702227598867948,0.6477702007735963
rxn03269_c0,0.7095282042850237,0.5854568237974557,0.5199776158037666,0.6106959003944247,0.572958254371305,0.4992881333706841,0.5738177839857224,0.7022275988679441,0.6477702007735866
rxn03031_c0,1.6446552053673083e-16,1.442056967324701e-16,5.649593189253166e-16,-2.7406640607675203e-16,-2.033478719349429e-15,-5.106178225316299e-15,-3.7279822693006755e-15,1.244436304607111e-15,4.726028659733654e-16
rxn00367_c0,0.7095282042850286,0.5854568237974612,0.5199776158037738,0.6106959003944208,0.5729582543713119,0.4992881333706901,0.5738177839857129,0.7022275988681377,0.6477702007735994
rxn00117_c0,2.395210761075985e-16,-1.476993629838961e-15,-7.430059471045366e-16,-4.500817578049328e-16,-5.762500991039043e-17,2.725360783481003e-16,-2.2485080857995137e-16,1.1551775281350792e-15,1.0560667214196063e-15
rxn02186_c0,0.7095282042850286,0.5854568237974664,0.5199776158037694,0.6106959003944229,0.5729582543713109,0.499288133370681,0.5738177839857157,0.7022275988679492,0.6477702007735979
rxn00709_c0,0.709528204285025,0.5854568237974553,0.5199776158037716,0.6106959003944222,0.572958254371305,0.49928813337068445,0.5738177839857157,0.7022275988679416,0.6477702007735983
rxn03535_c0,0.7095282042850253,0.5854568237974553,0.5199776158037716,0.6106959003944222,0.572958254371305,0.49928813337068445,0.5738177839857157,0.7022275988679416,0.6477702007735948
rxn03240_c0,0.7095282042850253,0.5854568237974553,0.5199776158037716,0.6106959003944222,0.572958254371305,0.49928813337068445,0.5738177839857157,0.7022275988679416,0.6477702007735948
aminopent_redox,0.7095282042850253,0.5854568237974553,0.5199776158037716,0.6106959003944222,0.572958254371305,0.49928813337068445,0.5738177839857157,0.7022275988679416,0.6477702007735948
rxn05336_c0,3.4394921331807266e-16,3.803708106087393e-16,-4.776045568741642e-16,-3.287889282666311e-16,3.265089599427292e-16,-5.088876706324432e-18,2.0481367241382542e-16,4.2711044727552827e-16,-9.959307940797285e-16
rxn00256_c0,0.7055933524937719,0.5366178427870908,0.48837508445972283,0.5782627592461052,0.538075679410486,-6.574401568759137e-16,0.5545565160160082,0.7005050749790817,0.643866735451907
rxn01116_c0,0.7045822793791331,0.5813757661754316,0.5160438382562575,0.6085848293683598,0.5686438855097792,0.49578064519581294,0.5709111079456132,0.6969536812711916,0.6431855711592905
rxn00191_c0,0.7095282042850426,0.5854568237974552,0.5199776158037619,0.6106959003944294,0.5729582543713024,0.4992881333706917,0.5738177839857149,0.7022275988679537,0.6477702007735603
rxn01523_c0,0.7095282042850275,0.5854568237974582,0.5199776158037689,0.6106959003944222,0.5729582543713104,0.49928813337066896,0.5738177839857157,0.702227598867948,0.6477702007735593
EX_cpd15380_e0,7.055128586744855e-16,1.0283022868791875e-15,-1.8834637667507507e-16,1.2868276733694607e-16,1.677099623327354e-17,-2.694639639557559e-17,-2.1544150781717467e-15,-2.101512751117825e-17,8.405208847721907e-13
rxn23850_c0,0.7095282042850313,0.585456823797464,0.5199776158037726,0.6106959003944231,0.572958254371313,0.49928813337068445,0.573817783985723,0.7022275988679514,0.6477702007735836
rxn01332_c0,2.0046178553363004e-16,1.0283022868791875e-15,1.9859227445452068e-16,-9.614376249645426e-17,-1.6332902836241804e-17,-1.3151737617125228e-16,6.778737205775133e-16,1.3146225309833194e-15,5.5050674655585796e-15
rxn00060_c0,-4.6315461718028806e-17,8.516535735938873e-31,-2.1206185169000838e-29,1.0826776359706226e-15,5.451094759857531e-48,-7.360607627294424e-30,-4.999489267357513e-30,-1.981912682241384e-29,-1.9827875126315738e-15
rxn00171_c0,0.7095282042850158,0.5854568237974617,0.5199776158037757,0.6106959003944259,0.5729582543713057,0.4992881333706782,0.5738177839857207,0.7022275988679489,0.6477702007735994
rxn01993_c0,0.7095282042850218,0.5854568237974582,0.5199776158037689,0.6106959003944222,0.5729582543713104,0.49928813337068273,0.5738177839857246,0.7022275988679556,0.6477702007736015
EX_cpd03847_e0,0.7095282042850218,0.5854568237974582,0.5199776158037689,0.6106959003944272,0.5729582543713104,0.49928813337068273,0.5738177839857246,0.7022275988679556,0.6477702007735848
rxn01199_c0,0.7095282042850218,0.5854568237974582,0.5199776158037689,0.6106959003944272,0.5729582543713104,0.49928813337068273,0.5738177839857246,0.7022275988679556,0.6477702007735848
rxn05740_c0,0.7095282042850218,0.5854568237974582,0.5199776158037689,0.6106959003944272,0.5729582543713104,0.49928813337068273,0.5738177839857246,0.7022275988679556,0.6477702007735848
rxn03242_c0,0.7095282042850218,0.5854568237974582,0.5199776158037689,0.6106959003944272,0.5729582543713104,0.49928813337068273,0.5738177839857246,0.7022275988679556,0.6477702007735848
rxn00932_c0,0.7095282042850218,0.5854568237974582,0.5199776158037689,0.6106959003944272,0.5729582543713104,0.49928813337068273,0.5738177839857246,0.7022275988679556,0.6477702007735848
rxn00192_c0,0.7095282042850218,0.5854568237974582,0.5199776158037689,0.6106959003944272,0.5729582543713104,0.49928813337068273,0.5738177839857246,0.7022275988679556,0.6477702007735848
EX_cpd00058_e0,-5.835265689031851e-16,1.0705224710511865e-16,1.9859227445452068e-16,-1.9841665549362753e-16,-3.2678759134194955e-17,1.1765649689671427e-15,-3.7099491600983745e-16,-2.3554953277261774e-16,2.717975592168838e-16
rxn00737_c0,0.0,0.0,0.0,0.0,0.5729582543713089,0.0,0.0,0.0,0.6477702007735964
rxn00710_c0,0.0,0.0,0.0,0.0,9.101098430489529e-17,0.0,0.0,0.0,-1.8331123634843208e-16
FeS_cluster_biosynth,0.7095282042850329,0.585456823797457,0.5199776158037696,0.6106959003944238,0.5729582543713099,0.49928813337068956,0.5738177839857213,0.7022275988679522,0.6477702007736003
rxn00342_c0,0.7095282042850218,0.5854568237974582,0.5199776158037689,0.6106959003944272,0.5729582543713104,0.4992881333706967,0.5738177839857157,0.7022275988679558,0.6477702007736027
rxn01893_c0,0.7095282042850218,0.5854568237974582,0.5199776158037689,0.6106959003944272,0.5729582543713104,0.4992881333706967,0.5738177839857157,0.7022275988679558,0.6477702007736027
rxn10162_c0,0.7095282042850218,0.5854568237974582,0.5199776158037689,0.6106959003944272,0.5729582543713104,0.4992881333706967,0.5738177839857157,0.7022275988679558,0.6477702007736027
rxn04945_c0,0.7095282042850218,0.5854568237974582,0.5199776158037689,0.6106959003944272,0.5729582543713104,0.4992881333706967,0.5738177839857157,0.7022275988679558,0.6477702007736027
rxn05484_c0,0.7095282042850218,0.5854568237974582,0.5199776158037689,0.6106959003944272,0.5729582543713104,0.4992881333706967,0.5738177839857157,0.7022275988679558,0.6477702007736027
rxn02842_c0,0.7095282042850218,0.5854568237974582,0.5199776158037689,0.6106959003944272,0.5729582543713104,0.4992881333706967,0.5738177839857157,0.7022275988679558,0.6477702007736027
rxn00159_c0,0.7095282042850218,0.5854568237974582,0.5199776158037689,0.6106959003944272,0.5729582543713104,0.4992881333706967,0.5738177839857157,0.7022275988679558,0.6477702007736027
rxn20643_c0,-6.535127513002592e-16,1.3495025972700439e-16,1.9859227445452068e-16,2.461207485599573e-16,4.486086053473066e-17,-1.1641064161551856e-16,-2.1544150781717475e-15,-1.7251061236339644e-16,-1.841486808395171e-16
rxn00095_c0,0.7095282042850296,0.5854568237974667,0.5199776158037663,0.6106959003944237,0.5729582543713102,0.4992881333706815,0.5738177839857208,0.7022275988679552,0.6477702007735949
rxn08689_c0,0.7095282042850218,0.5854568237974582,0.5199776158037689,0.6106959003944272,0.5729582543713104,0.4992881333706967,0.5738177839857157,0.7022275988679558,0.6477702007736027
rxn00501_c0,0.7095160197814501,0.5854467699324852,0.5199685250192354,0.6106907179712358,0.572948284410964,0.499279492048328,0.5738133170612336,0.7022154117535304,0.6477589051246597
rxn08840_c0,0.7095282042850258,0.5854568237974678,0.5199776158037692,0.6106959003944222,0.5729582543713104,0.49928813337067623,0.5738177839857084,0.70222759886796,0.6477702007735943
rxn13741_c0,0.7095282042850218,0.5854568237974582,0.5199776158037689,0.6106959003944272,0.5729582543713104,0.4992881333706967,0.5738177839857157,0.7022275988679558,0.6477702007736027
rxn05398_c0,0.7095282042850218,0.5854568237974582,0.5199776158037689,0.6106959003944272,0.5729582543713104,0.4992881333706967,0.5738177839857157,0.7022275988679558,0.6477702007736027
rxn05296_c0,0.0,-7.493076376351633e-16,-1.8834637667507507e-16,0.0,0.0,-3.492319248465557e-16,9.305967816332617e-32,-1.3251535947176284e-17,0.0
rxn09206_c0,0.7095282042850269,0.5854568237974596,0.519977615803773,0.6106959003944227,0.5729582543713089,0.49928813337068223,0.5738177839857111,0.7022275988679503,0.647770200773595
rxn01368_c0,0.7095282042850275,0.5854568237974582,0.5199776158037689,0.6106959003944272,0.5729582543713104,0.4992881333706967,0.5738177839857157,0.7022275988679435,0.6477702007736027
rxn00416_c0,-6.486613197378652e-16,1.5868781625687415e-15,4.812350548002624e-16,-2.1996843418066975e-16,-4.601805545112993e-17,-5.820532080775928e-16,9.305967816332617e-32,-6.61552752106917e-16,2.9419430507056713e-16
EX_cpd00067_e0,0.3171777771052792,0.5189492822632759,0.4635688294973399,0.2632813654064287,0.5554657965819211,0.4955538725800955,0.23835294629050766,0.5572929214667098,0.5360645542236908
rxn43470_c0,0.7095282042850237,0.5854568237974676,0.5199776158037736,0.6106959003944492,0.5729582543713181,0.499288133370686,0.5738177839857236,0.7022275988679522,0.6477702007735969
rxn03897_c0,0.7095282042850234,0.5854568237974419,0.5199776158037754,0.6106959003944177,0.5729582543713123,0.4992881333706869,0.5738177839857187,0.7022275988679493,0.6477702007735907
rxn08521_c0,0.7095282042850234,0.5854568237974419,0.5199776158037754,0.6106959003944177,0.5729582543713123,0.4992881333706869,0.5738177839857187,0.7022275988679493,0.6477702007735907
rxn09037_c0,6.47732469870585e-16,1.5582864440495367e-16,-4.116113696680602e-16,-2.4918506468925764e-16,-3.716767192113934e-17,3.3756708629090896e-16,5.641218186009805e-16,-1.7240136736927616e-16,-7.7489935459178e-17
rxn00260_c0,0.7095282042850282,0.5854568237974627,0.5199776158037731,0.6106959003944163,0.5729582543713102,0.49928813337068667,0.5738177839857208,0.7022275988680247,0.6477702007737514
rxn02155_c0,0.7095282042850244,0.5854568237974475,0.5199776158037704,0.6106959003944211,0.572958254371309,0.49928813337068884,0.573817783985718,0.7022275988679482,0.6477702007735918
rxn08239_c0,4.712451649712877e-17,-4.326192884095719e-16,1.1671373422048862e-16,1.190085896936514e-16,1.5728417419333978e-16,4.993466227200879e-16,-1.075063214039794e-16,-2.5762577687373258e-16,1.773062133745596e-15
rxn00274_c0,0.7029328736046697,0.5800147831164845,0.5154641382064369,0.6078774869514947,0.5706403984480833,0.4946110257864109,0.5713875624945755,0.6961764424187464,0.6449064908906655
rxn04996_c0,0.7095282042850273,0.5854568237974445,0.5199776158037693,0.6106959003944206,0.5729582543713106,0.49928813337068007,0.5738177839857191,0.7022275988679414,0.6477702007735515
rxn01313_c0,0.7095282042850231,0.5854568237974475,0.5199776158037704,0.6106959003944211,0.572958254371309,0.49928813337067596,0.5738177839856982,0.7022275988679437,0.6477702007735965
rxn00604_c0,0.7095282042850231,0.5854568237974475,0.5199776158037704,0.6106959003944211,0.572958254371309,0.49928813337067596,0.5738177839856982,0.7022275988679437,0.6477702007735965
rxn36075_c0,0.7095282042850231,0.5854568237974475,0.5199776158037704,0.6106959003944211,0.572958254371309,0.49928813337067596,0.5738177839856982,0.7022275988679437,0.6477702007735965
rxn01331_c0,4.6885149285685705e-16,-4.326192884095719e-16,-8.875316178901558e-17,5.871654639072616e-16,1.5728417419333978e-16,7.115449103906144e-17,1.8144216068639108e-15,-2.9021488718793806e-16,-2.3646178431940806e-16
rxn00302_c0,0.70952820428503,0.58545682379746,0.519977615803768,0.6106959003944233,0.5729582543713068,0.4992881333706803,0.5738177839857188,0.7022275988679522,0.6477702007735944
rxn40037_c0,-6.574814215427093e-16,-4.326192884095719e-16,1.668065623731957e-16,-3.9083528254929465e-16,-7.015654590612717e-15,-5.961426683892474e-15,-2.7626050013556944e-15,-3.1569656847417608e-16,4.729235686388161e-16
rxn00002_c0,0.7095282042850316,0.5854568237974596,0.5199776158037722,0.6106959003944197,0.5729582543713138,0.49928813337058586,0.573817783985712,0.7022275988679499,0.6477702007736005
rxn03395_c0,-6.577251195962161e-16,-1.0484657641960342e-15,2.1560183147372653e-16,2.1819854313099869e-16,-2.4141736430026186e-16,-1.3022769241167112e-17,2.631052382243518e-16,-3.5800253699552363e-16,-4.729235686388161e-16
rxn09105_c0,0.7095282042850285,0.5854568237974646,0.5199776158037664,0.6106959003944268,0.5729582543713102,0.49928813337068323,0.5738177839857254,0.7022275988679505,0.6477702007735964
rxn15167_c0,0.7085779528069341,0.584672737683863,0.5192686558540146,0.6102914603655905,0.5721807255143472,0.4986142163570445,0.5738177839857251,0.7012771571093561,0.6468892877346496
rxn02376_c0,0.6191127051313363,0.5854568237974682,0.5199776158037733,0.610695900394422,0.572958254371314,0.4992881333706765,0.5738177839857251,0.6109457096366789,0.60894466665725
rxn13688_c0,0.7095282042850323,0.5854568237974647,0.5199776158037621,0.6106959003944202,0.5729582543713121,0.4992881333706787,0.573817783985722,0.7022275988679055,0.6477702007735714
rxn08021_c0,0.7095282042850313,0.585456823797459,0.5199776158037773,0.6106959003944212,0.5729582543713078,0.49928813337067435,0.5738177839857167,0.7022275988679512,0.647770200773585
rxn00208_c0,0.7095282042850296,0.5854568237974581,0.5199776158037759,0.6106959003944229,0.5729582543713166,0.4992881333706771,0.5738177839857115,0.7022275988679474,0.6477702007736034
rxn09174_c0,0.7095282042850296,0.5854568237974581,0.5199776158037759,0.6106959003944229,0.5729582543713166,0.4992881333706771,0.5738177839857115,0.7022275988679474,0.6477702007736034
rxn16794_c0,0.7095282042850296,0.5854568237974581,0.5199776158037759,0.6106959003944229,0.5729582543713166,0.49928813337068395,0.5738177839857115,0.7022275988679474,0.6477702007736034
rxn01516_c0,0.7095282042850296,0.5854568237974581,0.5199776158037759,0.6106959003944229,0.5729582543713166,0.49928813337068395,0.5738177839857115,0.7022275988679474,0.6477702007736034
rxn08137_c0,0.7095282042850296,0.5854568237974581,0.5199776158037759,0.6106959003944229,0.5729582543713166,0.49928813337068395,0.5738177839857115,0.7022275988679474,0.6477702007736034
rxn00817_c0,0.7095282042850296,0.5854568237974581,0.5199776158037759,0.6106959003944229,0.5729582543713166,0.49928813337068395,0.5738177839857115,0.7022275988679474,0.6477702007736034
rxn00549_c0,-6.430104932849114e-15,-4.290158927800444e-15,3.7709886328809114e-14,7.058265744063641e-15,3.4207116927124766e-14,4.476734552204108e-15,-8.33283424976547e-14,-9.04317797074231e-15,4.9393229847825946e-14
rxn00161_c0,0.7095282042850249,0.5854568237974619,0.5199776158037672,0.6106959003944229,0.5729582543713081,0.4992881333706824,0.5738177839857174,0.7022275988679502,0.6477702007735956
EX_cpd00020_e0,0.7095282042850475,0.5854568237974581,0.5199776158037759,0.6106959003944229,0.5729582543713166,0.49928813337068395,0.5738177839857321,0.7022275988679474,0.6477702007736034
rxn10052_c0,0.7095282042850475,0.5854568237974581,0.5199776158037759,0.6106959003944229,0.5729582543713166,0.49928813337068395,0.5738177839857321,0.7022275988679474,0.6477702007736034
EX_cpd00367_e0,0.7095282042850333,0.5854568237974528,0.5199776158037678,0.6106959003944206,0.5729582543712318,0.49928813337067873,0.5738177839857296,0.7022275988679462,0.6477702007735963
rxn05527_c0,0.7095282042850333,0.5854568237974528,0.5199776158037678,0.6106959003944206,0.5729582543712318,0.49928813337067873,0.5738177839857296,0.7022275988679462,0.6477702007735963
rxn00333_c0,0.7095282042850333,0.5854568237974528,0.5199776158037678,0.6106959003944206,0.5729582543712318,0.49928813337067873,0.5738177839857296,0.7022275988679462,0.6477702007735963
rxn13957_c0,1.444746743760351e-16,-1.352415827000994e-16,-5.917897061461547e-16,2.2864133189264934e-16,2.8293767395466306e-15,-6.082465793851365e-16,2.712635360258385e-16,7.049504824523207e-17,1.8623856220780452e-16
rxn00789_c0,0.0,0.0,0.0,0.0,0.0,0.0,0.0,0.0,0.0
rxn08129_c0,0.709528204285025,0.5854568237974596,0.5199776158037686,0.6106959003943402,0.5729582543713088,0.4992881333706832,0.5738177839857096,0.702227598867946,0.6477702007735009
rxn02517_c0,0.709528204285029,0.5854568237974528,0.5199776158037678,0.6106959003944205,0.5729582543712318,0.4992881333706819,0.5738177839857296,0.7022275988679434,0.6477702007735961
rxn05198_c0,0.709528204285029,0.5854568237974528,0.5199776158037678,0.6106959003944205,0.5729582543712318,0.4992881333706819,0.5738177839857296,0.7022275988679434,0.6477702007735961
rxn01297_c0,0.709528204285029,0.5854568237974528,0.5199776158037678,0.6106959003944205,0.5729582543712318,0.4992881333706819,0.5738177839857296,0.7022275988679434,0.6477702007735961
rxn09657_c0,0.709528204285029,0.5854568237974528,0.5199776158037678,0.6106959003944205,0.5729582543712318,0.4992881333706819,0.5738177839857296,0.7022275988679434,0.6477702007735961
rxn05566_c0,0.709528204285029,0.5854568237974528,0.5199776158037678,0.6106959003944205,0.5729582543712318,0.4992881333706819,0.5738177839857296,0.7022275988679434,0.6477702007735961
rxn00368_c0,0.709528204285029,0.5854568237974528,0.5199776158037678,0.6106959003944205,0.5729582543712318,0.4992881333706819,0.5738177839857296,0.7022275988679434,0.6477702007735961
EX_cpd00239_e0,0.709528204285029,0.5854568237974528,0.5199776158037678,0.6106959003944205,0.5729582543712318,0.4992881333706819,0.5738177839857296,0.7022275988679434,0.6477702007735961
rxn12512_c0,0.709528204285029,0.5854568237974528,0.5199776158037678,0.6106959003944205,0.5729582543712318,0.4992881333706819,0.5738177839857296,0.7022275988679434,0.6477702007735961
rxn22084_c0,0.709528204285029,0.5854568237974528,0.5199776158037678,0.6106959003944205,0.5729582543712318,0.4992881333706819,0.5738177839857296,0.7022275988679434,0.6477702007735961
rxn00676_c0,0.709528204285029,0.5854568237974528,0.5199776158037678,0.6106959003944205,,0.4992881333706819,0.5738177839857296,0.7022275988679434,0.6311830652320569
rxn02229_c0,0.709528204285029,0.5854568237974528,0.5199776158037678,0.6106959003944205,0.5729582543713272,0.4992881333706819,0.5738177839857296,0.7022275988679434,0.6477702007735955
rxn07976_c0,0.709528204285029,0.5854568237974528,0.5199776158037678,0.6106959003944205,0.5729582543713111,0.4992881333706819,0.5738177839857296,0.7022275988679434,0.6477702007735961
rxn00994_c0,0.709528204285029,0.5854568237974528,0.5199776158037678,0.6106959003944205,0.5729582543713111,0.4992881333706819,0.5738177839857296,0.7022275988679434,0.6477702007735961
rxn05467_c0,,0.2215770728522062,0.15859690494648226,,0.4021656705672497,0.33938831390284346,,0.10652177117205744,0.14702401786454491
rxn08062_c0,0.7095282042850372,0.58545682379746,0.5199776158037615,0.6106959003944246,0.5729582543713233,0.4992881333706845,0.5738177839857178,0.7022275988679443,0.6477702007736132
rxn05345_c0,-4.4258504431747864e-16,4.057587286014532e-17,-4.4519683032632254e-17,1.19973901879776e-16,5.828474836140238e-17,1.2942700320434467e-17,4.273006002999448e-16,-1.224264561845236e-16,1.5326111955221382e-15
rxn08615_c0,0.7095282042850236,0.5854568237974616,0.5199776158037668,0.6106959003944188,0.5729582543713089,0.49928813337068856,0.5738177839857183,0.7022275988679456,0.6477702007735964
EX_cpd00307_e0,0.7095282042850295,0.5854568237974601,0.5199776158037611,0.6106959003944165,0.5729582543713158,0.4992881333706802,0.5738177839857138,0.7022275988679471,0.64777020077361
rxn08798_c0,0.7095282042850295,0.5854568237974601,0.5199776158037611,0.6106959003944165,0.5729582543713158,0.4992881333706802,0.5738177839857138,0.7022275988679471,0.64777020077361
rxn00512_c0,0.7095282042850295,0.58545682379746,0.5199776158037606,0.6106959003944169,0.5729582543713158,0.4992881333706809,0.5738177839857138,0.702227598867947,0.6477702007736115
rxn34491_c0,0.7095282042850289,0.5854568237974654,0.5199776158037683,0.6106959003944252,0.5729582543713141,0.49928813337068323,0.573817783985725,0.7022275988679434,0.6477702007735824
rxn02788_c0,0.7095282042850289,0.5854568237974654,0.5199776158037683,0.6106959003944252,0.5729582543713141,0.49928813337068323,0.573817783985725,0.7022275988679434,0.6477702007735824
rxn02791_c0,0.7095282042850289,0.5854568237974654,0.5199776158037683,0.6106959003944252,0.5729582543713141,0.49928813337068323,0.573817783985725,0.7022275988679434,0.6477702007735824
rxn02374_c0,0.7095282042850289,0.5854568237974654,0.5199776158037683,0.6106959003944252,0.5729582543713141,0.49928813337068323,0.573817783985725,0.7022275988679434,0.6477702007735824
rxn02331_c0,5.46999791222258e-17,7.542863614255552e-18,-7.609281880516221e-17,1.7942720983989614e-16,-4.218316170736261e-16,2.615677745588661e-16,-6.325525649054289e-16,2.1192550449296007e-16,6.478417541229268e-16
rxn02342_c0,0.6747299093917418,0.467838561913604,0.4715912615546481,0.5772606232499699,0.5409237535886909,0.49928813337072686,0.49297739766983145,0.6662851762183682,0.5982776046073757
rxn08546_c0,0.7095282042850274,0.5854568237974622,0.5199776158037832,0.6106959003944262,0.5729582543713109,0.49928813337068695,0.5738177839857131,0.7022275988679513,0.6477702007735939
rxn01370_c0,0.7095282042850312,0.5854568237974689,0.5199776158037698,0.6106959003944228,0.5729582543713129,0.49928813337068695,0.57381778398572,0.7022275988679522,0.6477702007736108
rxn08783_c0,0.7095282042850312,0.5854568237974689,0.5199776158037698,0.6106959003944251,0.5729582543713129,0.49928813337068695,0.57381778398572,0.7022275988679522,0.6477702007736011
rxn05301_c0,0.7095282042850312,0.5854568237974689,0.5199776158037698,0.6106959003944251,0.5729582543713129,0.49928813337068695,0.57381778398572,0.7022275988679522,0.6477702007736011
rxn00148_c0,0.6527821353265043,0.5854568237974689,0.5199776158037698,0.5682729952466397,0.5729582543713129,0.48807662508515715,0.5499143870726525,0.6443671718742604,0.625256160282332
rxn03181_c0,6.743558945955954e-17,-3.15385952164232e-16,-1.3701428504761002e-16,9.092337308795303e-16,3.559897258145265e-16,1.7483314415597745e-16,5.281780757951586e-16,9.335732148357055e-17,-3.213906086561183e-16
rxn04457_c0,0.7095282042850346,0.5854568237974657,0.5199776158037697,0.6106959003944236,0.5729582543713113,0.49928813337069305,0.5738177839857193,0.7022275988679546,0.6477702007735998
rxn02666_c0,0.7095282042850289,0.5854568237974689,0.5199776158037698,0.6106959003944284,0.5729582543713129,0.49928813337067135,0.5738177839857089,0.7022275988679417,0.6477702007735858
rxn00285_c0,0.7095282042850285,0.5854568237974691,0.5199776158037698,0.6106959003944281,0.5729582543713129,0.49928813337067135,0.5738177839857089,0.7022275988679689,0.6477702007735855
rxn05005_c0,6.395899687229806e-16,4.1458488898385607e-16,-1.6747902966570145e-16,-2.671869741447513e-16,2.826749537611636e-17,-1.6021555202822406e-16,3.4062746425131e-16,-2.1116589022182033e-16,7.647082790850013e-16
rxn02187_c0,0.7095282042850267,0.58545682379746,0.5199776158037736,0.6106959003944236,0.5729582543713075,0.4992881333706864,0.5738177839857171,0.7022275988679482,0.6477702007736003
rxn00178_c0,0.7095282042850393,0.5854568237974599,0.5199776158037728,0.6106959003944195,0.5729582543713095,0.37860446595389724,0.5738177839857163,0.7022275988679442,0.642353459747755
rxn01858_c0,0.7095282042850393,0.5854568237974599,0.5199776158037728,0.6106959003944195,0.5729582543713095,0.49928813337068567,0.5738177839857163,0.7022275988679442,0.6477702007735674
rxn10203_c0,0.7095282042850393,0.5854568237974599,0.5199776158037728,0.6106959003944195,0.5729582543713095,0.49928813337068023,0.5738177839857163,0.7022275988679442,0.6477702007735628
thiazol_synth,-4.1911302042632333e-16,-2.467437330591319e-16,-1.6747902966570145e-16,-1.6370325148582118e-16,-9.555650007822397e-17,3.5822248721108993e-16,-1.1559629932930372e-16,-9.381564566578362e-16,6.604494032165447e-16
rxn05402_c0,0.7095282042850275,0.5854568237974663,0.5199776158037681,0.6106959003944195,0.5729582543713149,0.49928813337068595,0.5738177839857158,0.7022275988679567,0.6477702007735917
rxn00874_c0,0.7095282042850377,0.5854568237974599,0.5199776158037728,0.6106959003944227,0.5729582543713095,0.49928813337067957,0.5738177839857163,0.7022275988679797,0.6477702007735628
rxn01465_c0,-3.4521068895204066e-16,-1.5138367893831085e-16,3.0801606332108695e-16,2.367211375792091e-16,9.17721092705514e-17,4.4077715895978637e-16,-1.345780520936517e-16,-3.67329923895222e-16,6.604494032165451e-16
rxn00999_c0,0.7095282042850282,0.5854568237974652,0.5199776158037703,0.610695900394427,0.572958254371313,0.49928813337068234,0.5738177839857197,0.702227598867922,0.6477702007735979
rxn40432_c0,0.7095282042850377,0.5854568237974599,0.5199776158037728,0.6106959003944262,0.5729582543713095,0.49928813337067957,0.5738177839857163,0.7022275988679526,0.6477702007735628
rxn02429_c0,0.7095282042850377,0.5854568237974599,0.5199776158037728,0.6106959003944262,0.5729582543713095,0.49928813337067957,0.5738177839857163,0.7022275988679526,0.6477702007735628
rxn01434_c0,3.528184173003459e-16,-2.467437330591319e-16,3.0801606332108695e-16,-2.723038518620327e-17,4.275886665576673e-17,4.4077715895978637e-16,-1.1559629932930372e-16,3.7076867527792413e-16,7.698554777030437e-17
rxn00495_c0,0.7095282042850362,0.5854568237974682,0.5199776158037769,0.610695900394426,0.5729582543713078,0.49928813337067796,0.5738177839857204,0.7022275988678043,0.64777020077362
rxn03869_c0,0.7095282042850337,0.5854568237974599,0.5199776158037728,0.6106959003944262,0.5729582543713095,0.49928813337067957,0.5738177839857163,0.7022275988680075,0.6477702007735991
rxn05247_c0,0.7095282042850337,0.5854568237974599,0.5199776158037728,0.6106959003944262,0.5729582543713095,0.49928813337067957,0.5738177839857163,0.7022275988680075,0.6477702007735991
rxn10234_c0,0.7095282042850337,0.5854568237974599,0.5199776158037728,0.6106959003944262,0.5729582543713095,0.49928813337067957,0.5738177839857163,0.7022275988680075,0.6477702007735991
rxn05332_c0,-7.549890480323208e-17,2.2386478074221386e-16,-6.429741226524899e-16,1.5471742355649698e-16,2.3531687952237137e-17,8.331189656149544e-17,2.912714081070589e-16,2.378324018933223e-16,-2.127064045928351e-15
rxn05559_c0,0.7095282042850262,0.585456823797477,0.5199776158037686,0.6106959003944201,0.5729582543713096,0.49928813337068106,0.573817783985719,0.7022275988679444,0.6477702007735936
EX_cpd00244_e0,0.7095282042850224,0.5854568237974599,0.5199776158037728,0.6106959003944308,0.5729582543713095,0.49928813337067957,0.5738177839857163,0.7022275988679226,0.6477702007735991
rxn00452_c0,0.7095282042850224,0.5854568237974599,0.5199776158037728,0.6106959003944308,0.5729582543713095,0.49928813337067957,0.5738177839857163,0.7022275988679226,0.6477702007735991
rxn08213_c0,0.7095282042850224,0.5854568237974599,0.5199776158037728,0.6106959003944308,0.5729582543713095,0.49928813337067957,0.5738177839857163,0.7022275988679226,0.6477702007735991
rxn02128_c0,0.7095282042850224,0.5854568237974599,0.5199776158037728,0.6106959003944308,0.5729582543713095,0.49928813337067957,0.5738177839857163,0.7022275988679226,0.6477702007735991
rxn09978_c0,0.7095282042850224,0.5854568237974599,0.5199776158037728,0.6106959003944308,0.5729582543713095,0.49928813337067957,0.5738177839857163,0.7022275988679226,0.6477702007735991
rxn08017_c0,0.7095282042850224,0.5854568237974599,0.5199776158037728,0.6106959003944308,0.5729582543713095,0.49928813337067957,0.5738177839857163,0.7022275988679226,0.6477702007735991
rxn02212_c0,2.7658569846589976e-15,-1.421156061019423e-16,-1.6747902966570145e-16,-9.259066950766702e-17,4.5432965253384054e-17,4.227015980200058e-16,3.6171819433598725e-16,-5.598405473277914e-15,4.682113936799105e-15
rxn39979_c0,0.7095282042850285,0.5854568237974648,0.5199776158037734,0.6106959003944218,0.5729582543713099,0.4992881333706803,0.5738177839857179,0.7022275988679545,0.6477702007736399
rxn05464_c0,-1.2034998278255605e-15,-1.5138367893831085e-16,-1.6747902966570145e-16,-2.520679705157425e-16,1.0100302387138072e-16,-2.0153263795993333e-16,2.5748972508344736e-17,4.263539523211923e-16,1.8273771141090245e-15
rxn00247_c0,0.7095282042850263,0.5854568237974588,0.5199776158037728,0.6106959003944232,0.5729582543713074,0.4992881333706857,0.5738177839857161,0.7022275988679494,0.6477702007735956
rxn15021_c0,-5.279689923715068e-16,-4.910427842657274e-15,0.5199776158037728,1.2977189880552073e-15,1.5528037890607033e-15,2.7877790960075413e-15,-5.003032396534169e-16,-1.0348208222949849e-15,0.6477702007735628
rxn02465_c0,0.7095282042850047,0.5854568237974662,0.5199776158037728,0.6106959003944327,0.5729582543713113,0.49928813337068034,0.5738177839857213,0.7022275988679567,0.6477702007735628
rxn05319_c0,0.38794255246387194,0.4074612986967314,0.3270784499878113,0.3864128680680522,0.41920723947573985,0.37679040884890047,0.34688785146416784,0.5074320450105728,0.42231010177565115
rxn01679_c0,0.7095282042850206,0.5854568237974619,0.519977615803762,0.610695900394424,0.5729582543713111,0.4992881333706823,0.5738177839857193,0.7022275988679341,0.6477702007735961
rxn05212_c0,1.1545076961333182e-17,6.841838026492721e-16,3.970347725460912e-16,1.6801373198855656e-16,4.664749089768842e-16,1.0727990531423116e-16,6.664930678807227e-16,-5.29950176077014e-16,-3.698773403421488e-16
rxn09799_c0,0.7095282042850267,0.5854568237974606,0.5199776158037714,0.6106959003944236,0.5729582543713057,0.49928813337068034,0.5738177839857181,0.7022275988679493,0.6477702007736161
rxn00966_c0,9.828325835305584e-17,6.977976390471567e-16,-2.5940549548034577e-16,5.443057407030807e-16,5.954944731713758e-14,-3.5892988418558096e-16,8.405778722709744e-16,-3.755282966804581e-17,1.3277171954348392e-16
rxn09106_c0,2.0675096199581554e-17,0.0,0.0,0.0,-1.39581697906708e-31,0.0,0.0,0.0,-7.60910600312791e-16
rxn14040_c0,0.0,0.0,0.0,0.0,0.0,0.0,0.0,0.0,0.0
rxn05890_c0,0.709528204285026,0.5854568237974612,0.519977615803775,0.6106959003944238,0.5729582543713077,0.49928813337068517,0.5738177839857173,0.7022275988679535,0.647770200773597
rxn06673_c0,0.7095282042850481,0.5854568237974609,0.5199776158037699,0.6106959003944237,0.5729582543713051,0.49928813337067857,0.5738177839857199,0.7022275988679497,0.6477702007735817
rxn01303_c0,0.7095282042850323,0.5854568237974609,0.5199776158037699,0.610695900394422,0.5729582543713051,0.49928813337067857,0.5738177839857194,0.7022275988679497,0.6477702007735817
rxn06075_c0,0.7095282042850323,0.5854568237974609,0.5199776158037699,0.610695900394422,0.5729582543713051,0.49928813337067857,0.5738177839857107,0.7022275988679497,0.6477702007735817
rxn01423_c0,0.7095282042850323,0.5854568237974622,0.5199776158037638,0.6106959003944195,0.5729582543713125,0.49928813337067857,0.5738177839857234,0.7022275988679509,0.6477702007735817
rxn01333_c0,0.7076062004308511,0.583870910418685,0.518448376183088,0.6098773017601554,0.5712810979225744,0.4979250655692712,0.5726895628573787,0.7001774548577202,0.6459884803502008
rxn16800_c0,0.7095282042850277,0.5854568237974572,0.5199776158037632,0.6106959003944232,0.572958254371309,0.4992881333706928,0.5738177839857318,0.7022275988679564,0.6477702007736109
rxn21039_c0,0.7095282042850306,0.5854568237974858,0.5199776158037687,0.6106959003944252,0.5729582543713111,0.49928813337069794,0.5738177839857234,0.7022275988679396,0.6477702007735905
rxn09260_c0,0.7095282042850306,0.5854568237974858,0.5199776158037687,0.6106959003944252,0.5729582543713111,0.49928813337069794,0.5738177839857234,0.7022275988679396,0.6477702007735905
rxn06729_c0,1.114086404931637e-16,-8.372895296962713e-16,-9.97000588122196e-16,-2.673781532648666e-16,-6.2438785410132914e-18,3.1107802481652104e-16,-3.543758137335046e-16,-2.89797643721873e-15,2.0176276377443415e-16
rxn08089_c0,0.7095282042850506,0.5854568237974626,0.5199776158037741,0.6106959003944262,0.5729582543713047,0.49928813337067984,0.5738177839857153,0.7022275988679455,0.6477702007735907
rxn01200_c0,0.70760620043086,0.5838709104187108,0.518448376183093,0.609877301760158,0.5712810979225726,0.4979250655692773,0.5726895628573839,0.7001774548577209,0.6459884803502082
rxn08547_c0,0.7095282042850392,0.5854568237974583,0.5199776158037757,0.6106959003944102,0.5729582543713101,0.4992881333706788,0.5738177839857249,0.7022275988679552,0.6477702007736057
rxn09499_c0,0.7095282042850275,0.5854568237974858,0.5199776158037687,0.6106959003944196,0.5729582543713047,0.4992881333706852,3.800807885333202e-14,0.702227598867951,0.6477702007735892
rxn02177_c0,0.7095282042850275,0.5854568237974858,0.5199776158037687,0.6106959003944196,0.5729582543713047,0.4992881333706852,0.5738177839857174,0.702227598867951,0.6477702007735892
EX_cpd00322_e0,0.7095282042850275,0.5854568237974858,0.5199776158037687,0.6106959003944196,,0.4992881333706852,0.5738177839857116,0.702227598867951,0.6249858433084241
EX_cpd01092_e0,0.7095282042850275,0.5854568237974858,0.5199776158037687,0.6106959003944196,0.572958254371293,0.4992881333706852,0.5738177839857116,0.702227598867951,0.6477702007735892
rxn01515_c0,0.7095282042850275,0.5854568237974858,0.5199776158037687,0.6106959003944196,0.5729582543712967,0.4992881333706852,0.5738177839857116,0.702227598867951,0.6477702007735839
rxn00559_c0,0.7095282042850275,0.5854568237974858,0.5199776158037687,0.6106959003944196,0.5729582543712967,0.4992881333706852,0.5738177839857116,0.702227598867951,0.6477702007735839
rxn00422_c0,0.7095282042850275,0.5854568237974858,0.5199776158037687,0.6106959003944196,0.5729582543712967,0.4992881333706852,0.5738177839857116,0.702227598867951,0.6477702007735839
rxn02804_c0,0.7095282042850275,0.5854568237974858,0.5199776158037687,0.6106959003944196,0.5729582543712967,0.4992881333706852,0.5738177839857116,0.702227598867951,0.6477702007735839
rxn02107_c0,0.7095282042850275,0.5854568237974858,0.5199776158037687,0.6106959003944196,0.5729582543712967,0.4992881333706852,0.5738177839857116,0.702227598867951,0.6477702007735839
rxn03146_c0,-1.1967281306786225e-16,-8.372895296962713e-16,-1.0645269396186997e-15,2.684810349931085e-16,-1.2881826203962394e-15,2.453904681126045e-16,-5.859807860414428e-17,1.0517267001390859e-15,-2.788652071821227e-16
rxn06672_c0,0.7095282042850298,0.5854568237974629,0.5199776158037731,0.6106959003944197,0.5729582543713109,0.4992881333706806,0.5738177839857199,0.7022275988679487,0.6477702007736007
rxn25279_c0,0.7095282042850278,0.5854568237974858,0.43586155818206646,0.6106959003944228,,0.4992881333706756,0.5738177839857145,0.7022275988679186,0.6216048141060921
rxn00346_c0,0.7095282042850278,0.5854568237974858,0.5199776158038398,0.6106959003944228,0.5729582543712884,0.4992881333706756,0.5738177839857145,0.7022275988679186,0.6477702007735939
rxn26127_c0,0.7095282042850278,0.5854568237974858,0.5199776158037585,0.6106959003944228,0.5729582543713048,0.4992881333706756,0.5738177839857145,0.7022275988679186,0.64777020077359
rxn01393_c0,0.7095282042850278,0.5854568237974858,0.5199776158037585,0.6106959003944228,0.5729582543713048,0.4992881333706756,0.5738177839857145,0.7022275988679186,0.64777020077359
rxn09295_c0,0.7095282042850278,0.5854568237974858,0.5199776158037585,0.6106959003944228,0.5729582543713048,0.4992881333706756,0.5738177839857145,0.7022275988679186,0.64777020077359
rxn00001_c0,0.7095282042850223,0.5854568237958218,0.5199776158039784,0.6106959003948985,0.5729582543713158,0.4992881333707663,0.5738177839857205,0.7022275988674063,0.6477702007736046
rxn15750_c0,0.7095282042850227,0.5854568237974684,0.5199776158037613,0.6106959003944221,0.5729582543713109,0.49928813337069095,0.5738177839857092,0.702227598867949,0.6477702007736005
rxn00670_c0,0.7095282042850213,0.5854568237975424,0.5199776158037613,0.6106959003944221,0.5729582543713109,0.49928813337068995,0.5738177839857092,0.7022275988679486,0.6477702007736005
rxn09450_c0,0.7095282042850252,0.5854568237974626,0.5199776158037613,0.6106959003944221,0.5729582543713109,0.4992881333706951,0.5738177839857092,0.7022275988679466,0.6477702007736242
rxn08667_c0,0.7095282042850252,0.5854568237974626,0.5199776158037613,0.6106959003944221,0.5729582543713109,0.4992881333706951,0.5738177839857092,0.7022275988679466,0.6477702007736242
rxn00806_c0,0.7095282042850252,0.5854568237974626,0.5199776158037613,0.6106959003944221,0.5729582543713109,0.49928813337069683,0.5738177839857092,0.7022275988679466,0.6477702007736242
rxn10225_c0,0.709528204285029,0.5854568237974749,0.5199776158037525,0.6106959003944206,0.5729582543713104,0.4992881333706992,0.5738177839857166,0.7022275988679493,0.6477702007735917
rxn00792_c0,0.709528204285029,0.5854568237974749,0.5199776158037525,0.6106959003944206,0.5729582543713104,0.4992881333706992,0.5738177839857166,0.7022275988679493,0.6477702007735917
rxn03904_c0,0.709528204285029,0.5854568237974749,0.5199776158037525,0.6106959003944206,0.5729582543713104,0.4992881333706992,0.5738177839857166,0.7022275988679493,0.6477702007735917
rxn00137_c0,0.709528204285029,0.5854568237974749,0.5199776158037525,0.6106959003944206,0.5729582543713104,0.4992881333706992,0.5738177839857166,0.7022275988679493,0.6477702007735917
rxn01843_c0,0.709528204285029,0.5854568237974749,0.5199776158037525,0.6106959003944206,0.5729582543713104,0.4992881333706992,0.5738177839857166,0.7022275988679493,0.6477702007735917
rxn05735_c0,0.709528204285029,0.5854568237974749,0.5199776158037525,0.6106959003944206,0.5729582543713104,0.4992881333706992,0.5738177839857166,0.7022275988679493,0.6477702007735917
rxn08020_c0,0.709528204285029,0.5854568237974749,0.5199776158037525,0.6106959003944206,0.5729582543713104,0.4992881333706992,0.5738177839857166,0.7022275988679493,0.6477702007735917
rxn03446_c0,0.709528204285029,0.5854568237974749,0.5199776158037525,0.6106959003944206,0.5729582543713104,0.4992881333706992,0.5738177839857166,0.7022275988679493,0.6477702007735917
rxn09109_c0,0.709528204285029,0.5854568237974749,0.5199776158037525,0.6106959003944206,0.5729582543713104,0.4992881333706992,0.5738177839857166,0.7022275988679493,0.6477702007735917
rxn00808_c0,0.709528204285029,0.5854568237974749,0.5199776158037525,0.6106959003944206,0.5729582543713104,0.4992881333706992,0.5738177839857166,0.7022275988679493,0.6477702007735917
rxn03243_c0,0.709528204285029,0.5854568237974749,0.5199776158037525,0.6106959003944206,0.5729582543713104,0.4992881333706992,0.5738177839857166,0.7022275988679493,0.6477702007735917
rxn01867_c0,0.709528204285029,0.5854568237974749,0.5199776158037525,0.6106959003944206,0.5729582543713104,0.4992881333706992,0.5738177839857166,0.7022275988679493,0.6477702007735917
rxn00066_c0,0.709528204285029,0.5854568237974753,0.5199776158037525,0.6106959003944206,0.5729582543713102,0.4992881333706992,0.5738177839857166,0.7022275988679493,0.6477702007735917
rxn08669_c0,0.7095282042850292,0.5854568237974632,0.5199776158037803,0.610695900394445,0.572958254371305,0.4992881333706992,0.5738177839857215,0.7022275988679478,0.6477702007735903
rxn00300_c0,3.1650244777923464e-16,-5.734532334118256e-16,-9.337297608066526e-16,1.886821024848113e-15,8.83467174029805e-17,3.5701898891625235e-16,-4.059856292908307e-16,-1.2026550799140177e-16,-2.814361865859362e-16
rxn05334_c0,-4.31810759129822e-16,0.0,0.0,1.6876732640545672e-15,0.0,-9.827803234855161e-16,-1.788386598837617e-15,1.5280043354547945e-15,2.3075525136050822e-15
rxn04139_c0,-8.756742177103628e-31,0.0,0.0,-6.819867530484701e-31,0.0,0.0,0.0,0.0,-3.2367269353009652e-15
rxn00979_c0,0.7094688087825516,0.5854078144669955,0.5199344374080669,0.6105637760729024,0.5729109001496802,0.49924600974918565,0.5737038991317864,0.7021697138416468,0.6477151382056404
rxn05573_c0,0.7095282042850248,0.5854568237974718,0.5199776158037471,0.6106959003944197,0.5729582543713065,0.49928813337068134,0.5738177839857123,0.7022275988679485,0.6477702007736199
rxn01828_c0,0.7095282042850294,0.5854568237974632,0.5199776158037803,0.6106959003944268,0.572958254371305,0.49928813337068084,0.5738177839857097,0.7022275988679447,0.6477702007735895
rxn05683_c0,0.7095282042850294,0.5854568237974632,0.5199776158037803,0.6106959003944268,0.572958254371305,0.49928813337068084,0.5738177839857097,0.7022275988679447,0.6477702007735895
rxn09449_c0,0.7095282042850294,0.5854568237974632,0.5199776158037803,0.6106959003944268,0.572958254371305,0.49928813337068084,0.5738177839857097,0.7022275988679447,0.6477702007735895
rxn02056_c0,-5.529740739560617e-16,-8.89475707280976e-16,8.877336082997437e-16,2.4017734285225344e-16,-9.711248984560166e-17,1.2904465167036101e-15,-4.794727586102715e-16,2.1624884257955354e-16,3.8749842198116507e-16
rxn02226_c0,0.7095282042850277,0.5854568237974588,0.5199776158037726,0.6106959003944253,0.5729582543713057,0.4992881333706822,0.5738177839857281,0.7022275988679527,0.6477702007735949
rxn09112_c0,0.7095282042850273,0.5854568237974632,0.5199776158037803,0.6106959003944262,0.572958254371305,0.49928813337068595,0.5738177839857254,0.7022275988679456,0.6477702007735793
rxn08551_c0,-2.2005926867637606e-16,-5.057888851782111e-16,4.2135119564492903e-17,-1.3668946979542234e-16,-4.3828862213105804e-18,1.8854123337662935e-16,6.427022380136204e-16,-2.989954066388792e-16,3.9987373620174025e-16
rxn08898_c0,0.7095282042850249,0.5854568237974648,0.5199776158037693,0.6106959003944186,0.5729582543713115,0.49928813337068995,0.5738177839857178,0.7022275988679473,0.6477702007735974
rxn00997_c0,0.7095282042850263,0.5854568237974632,0.5199776158037803,0.610695900394416,0.572958254371305,0.4992881333707008,0.573817783985718,0.7022275988679461,0.6477702007735731
rxn16806_c0,0.7095282042850263,0.5854568237974632,0.5199776158037803,0.610695900394416,0.572958254371305,0.4992881333707008,0.573817783985718,0.7022275988679461,0.6477702007735731
rxn00365_c0,0.7095282042850263,0.5854568237974632,0.5199776158037803,0.610695900394416,0.572958254371305,0.4992881333707008,0.573817783985718,0.7022275988679461,0.6477702007735731
rxn05316_c0,0.7095282042850284,0.5854568237974632,0.5199776158037803,0.6106959003944243,0.572958254371305,0.4992881333707008,0.5738177839857176,0.7022275988679478,0.6477702007735731
rxn02402_c0,-3.354214847589047e-16,1.8256749895525596e-13,-1.9005059814399687e-12,-1.8141575775331358e-12,-1.3193929781658835e-12,1.0133691044006904e-12,4.989831676521686e-13,2.291777214818873e-12,-2.464353998714453e-12
rxn07879_c0,0.7095282042849754,0.585456823797462,0.5199776158037678,0.6106959003944195,0.5729582543713121,0.4992881333706821,0.5738177839857166,0.7022275988679487,0.6477702007735939
rxn00383_c0,0.7095282042850248,0.5854568237974632,0.5199776158037803,0.6106959003944243,0.572958254371305,0.49928813337068545,0.5738177839857251,0.7022275988679545,0.6477702007735731
EX_cpd00123_e0,0.7095282042850248,0.5854568237974632,0.5199776158037803,0.6106959003944243,0.572958254371305,0.49928813337068545,0.5738177839857251,0.7022275988679545,0.6477702007735731
rxn01872_c0,0.6191127051313338,0.5854568237974644,0.5199776158037803,0.6106959003944243,0.572958254371305,0.499288133370685,0.5738177839857251,0.6109457096366941,0.6089446666572186
rxn00105_c0,0.7095038356963561,0.5854367164128034,0.5199594345525753,0.6106855356359968,0.5729383147975774,0.4992708510250557,0.5738088502063071,0.7022032250620293,0.6477476098696479
rxn16387_c0,0.7095282042850284,0.5854568237974589,0.5199776158037583,0.6106959003944189,0.5729582543713085,0.4992881333706814,0.5738177839857161,0.7022275988679456,0.6477702007735846
rxn05171_c0,0.7095282042850186,0.5854568237974522,0.5199776158037803,0.6106959003944243,0.572958254371305,0.4992881333706828,0.5738177839857251,0.7022275988679576,0.6477702007735731
rxn07430_c0,0.7095282042850186,0.5854568237974522,0.43586155818204975,0.6106959003944243,0.572958254371305,0.4992881333706828,0.5738177839857251,0.7022275988679576,0.6383120022157723
rxn00917_c0,-1.938825414372483e-14,-1.8065740526225704e-16,5.789153834634125e-16,1.8038988561551743e-16,-9.711248984560166e-17,-3.1382428701845975e-17,4.1531177098398917e-16,-2.632260162192378e-16,-2.493304226171462e-15
rxn00671_c0,0.70952820428503,0.5854568237974518,0.4358615581820448,0.6106959003944268,0.5729582543713078,0.4992881333706851,0.5738177839857171,0.7022275988679556,0.6383120022158006
rxn01388_c0,0.7055933524937744,0.5366178427871576,0.4883750844597273,0.5782627592454774,0.5380756794104763,-2.6778754176727366e-15,0.5545565160160015,0.700505074979086,0.6438667354519102
rxn16829_c0,0.7095282042850374,0.5854568237974586,0.5199776158037764,0.6106959003944256,0.5729582543713104,0.4992881333706843,0.5738177839857139,0.7022275988679434,0.6477702007735955
rxn05595_c0,0.7095190658681164,0.58544928336637,0.5199707976855652,0.6106920135687817,0.5729507768685096,0.4992816523508722,0.5738144337858377,0.7022184584924756,0.6477617289999555
rxn00707_c0,0.7095282042850237,0.5854568237974682,0.5199776158037621,0.6106959003944173,0.5729582543713063,0.49928813337068934,0.5738177839857374,0.7022275988679466,0.6477702007735923
rxn04070_c0,-1.8396182823874948e-16,-3.518004282203415e-16,-4.139304697779839e-16,-1.145473989953307e-16,1.7415664603634463e-16,-2.460351114590015e-16,6.332150408600876e-16,-6.711379297104967e-16,-5.910206147296088e-16
rxn00790_c0,-3.207871262790528e-14,1.380046641087825e-14,-6.918226643402264e-15,-1.151325073191764e-14,-8.497688064499705e-14,-1.3289656404994772e-14,3.869083873082996e-14,3.619257295977542e-15,4.224709638523127e-14
rxn03244_c0,0.7095282042850424,0.5854568237974646,0.5199776158037707,0.610695900394489,0.5729582543713104,0.4992881333706841,0.5738177839857176,0.7022275988679811,0.6477702007735954
rxn01211_c0,0.7095282042850299,0.585456823797473,0.519977615803766,0.6106959003944217,0.5729582543712992,0.4992881333706876,0.5738177839857195,0.7022275988679474,0.6477702007735985
rxn01924_c0,0.7095282042850342,0.5854568237974574,0.4358615581820654,0.6106959003944125,0.5729582543713122,0.4992881333706834,0.5738177839857219,0.7022275988679435,0.638312002215799
rxn02676_c0,0.7095282042850342,0.5854568237974574,0.5199776158037728,0.6106959003944125,0.5729582543713122,0.4992881333706834,0.5738177839857219,0.7022275988679435,0.647770200773595
rxn08817_c0,0.7095282042850342,0.5854568237974574,0.519977615803778,0.6106959003944125,0.5729582543713122,0.4992881333706834,0.5738177839857219,0.7022275988679435,0.6477702007736007
rxn00646_c0,0.7095282042850342,0.5854568237974574,0.519977615803778,0.6106959003944125,0.5729582543713122,0.4992881333706834,0.5738177839857219,0.7022275988679435,0.6477702007736007
rxn08796_c0,0.7095282042850342,0.5854568237974574,0.519977615803778,0.6106959003944125,0.5729582543713122,0.4992881333706834,0.5738177839857219,0.7022275988679435,0.6477702007736007
rxn05153_c0,0.7095282042850342,0.5854568237974574,0.519977615803778,0.6106959003944125,0.5729582543713122,0.4992881333706834,0.5738177839857219,0.7022275988679435,0.6477702007736007
rxn03976_c0,0.7095282042850342,0.5854568237974574,0.519977615803778,0.6106959003944125,0.5729582543713122,0.4992881333706834,0.5738177839857219,0.7022275988679435,0.6477702007736007
rxn03249_c0,0.7095282042850342,0.5854568237974574,0.519977615803778,0.6106959003944125,0.5729582543713122,0.4992881333706834,0.5738177839857219,0.7022275988679435,0.6477702007736007
rxn01124_c0,0.7095282042850342,0.5854568237974574,0.519977615803778,0.6106959003944125,0.5729582543713122,0.4992881333706834,0.5738177839857219,0.7022275988679435,0.6477702007736007
rxn05495_c0,0.7095282042850342,0.5854568237974574,0.519977615803778,0.6106959003944125,0.5729582543713122,0.4992881333706834,0.5738177839857219,0.7022275988679435,0.6477702007736007
rxn08295_c0,0.7095282042850342,0.5854568237974574,0.519977615803778,0.6106959003944125,0.5729582543713122,0.4992881333706834,0.5738177839857219,0.7022275988679435,0.6477702007736007
rxn05204_c0,0.7095282042850342,0.5854568237974574,0.519977615803778,0.6106959003944125,0.5729582543713122,0.4992881333706834,0.5738177839857219,0.7022275988679435,0.6477702007736007
EX_cpd00047_e0,0.7095282042850342,0.5854568237974574,0.519977615803778,0.6106959003944125,0.5729582543713122,0.4992881333706834,0.5738177839857219,0.7022275988679435,0.6477702007736007
rxn00772_c0,0.7094672859517,0.5854065579253904,0.5199321650595751,0.610669989157994,0.5729084080390539,0.49924492974978946,0.5737954500587513,0.7021666675256554,0.6477137264680204
rxn09360_c0,0.7095282042850392,0.5854568237974564,0.519977615803776,0.6106959003944185,0.5729582543713074,0.49928813337068423,0.5738177839857275,0.7022275988679496,0.647770200773591
rxn03841_c0,-1.0738786387711639e-16,1.7471732801411487e-17,-4.71854505265377e-16,-2.437034295254262e-16,4.0912041229495385e-16,-1.714455795467145e-16,2.470309480458048e-13,1.6620813639441054e-16,-1.1721307079316925e-13
EX_cpd00036_e0,0.7095282042850363,0.5854568237974631,0.5199776158037749,0.6106959003944226,0.5729582543713081,0.49928813337068234,0.5738177839856995,0.7022275988679506,0.647770200773588
rxn08803_c0,0.7095282042850166,0.5854568237974574,0.519977615803778,0.6106959003944125,0.5729582543713122,0.4992881333706781,0.5738177839857153,0.7022275988679474,0.6477702007736007
rxn15467_c0,-2.3298297576561573e-15,5.0029796317307434e-15,0.519977615803778,1.6849459557637235e-15,2.5983922634790545e-15,-1.015685362766128e-14,4.556134854173597e-15,-4.252055085792928e-16,0.6477702007736007
rxn05331_c0,-3.734373150367856e-15,0.0,-7.393267888985601e-16,-4.09418524349419e-16,1.380318609622112e-31,8.447827862706162e-14,1.0858773727689038e-15,0.0,5.616666205139015e-16
rxn05115_c0,2.6469129224361182e-14,-1.9682853889872463e-14,-2.300482510052411e-14,5.927467220556357e-15,-2.4838879203922356e-14,-1.0788941298928741e-13,5.73783867968946e-15,-2.1701235084813658e-14,2.0001852861810506e-14
rxn01710_c0,0.7095282042850277,0.5854568237974616,0.5199776158037673,0.610695900394427,0.5729582543713092,0.49928813337068306,0.5738177839857149,0.7022275988679514,0.6477702007735963
EX_cpd00108_e0,0.7095282042850343,0.5854568237974574,0.519977615803778,0.6106959003944158,0.5729582543713122,0.49928813337068473,0.5738177839857123,0.7022275988679465,0.6477702007736007
rxn02011_c0,0.7095282042850343,0.5854568237974574,0.519977615803778,0.6106959003944158,0.5729582543713122,0.49928813337068473,0.5738177839857123,0.7022275988679465,0.6477702007736007
rxn08128_c0,0.7095282042850343,0.5854568237974574,0.519977615803778,0.6106959003944158,0.5729582543713122,0.49928813337068473,0.5738177839857123,0.7022275988679465,0.6477702007736007
rxn00139_c0,0.7094429215472329,0.5853864539932733,0.5199139869865896,0.6106596252790766,0.5728884719345295,0.49922765039487943,0.57378651697474,0.7021422979493215,0.6476911395028957
rxn00211_c0,0.7095282042850234,0.5854568237974555,0.5199776158037719,0.6106959003944173,0.5729582543713061,0.4992881333706873,0.5738177839857286,0.7022275988679413,0.6477702007735863
EX_cpd00540_e0,0.7095282042850343,0.5854568237974574,0.519977615803778,0.6106959003944158,0.5729582543713122,0.49928813337068473,0.5738177839857123,0.7022275988679465,0.6477702007736007
rxn00469_c0,0.7095282042850343,0.5854568237974574,0.519977615803778,0.6106959003944158,0.5729582543713122,0.49928813337068473,0.5738177839857123,0.7022275988679465,0.6477702007736007
rxn02160_c0,6.422031368879315e-16,-3.208848182350801e-17,-2.043822216321939e-16,2.163237889953329e-17,-2.140248059159107e-16,-4.3032654251730294e-16,-7.071387302830217e-16,-1.7298307232287515e-16,6.316415152519613e-17
rxn10257_c0,0.7095282042850277,0.5854568237974589,0.5199776158037661,0.6106959003941596,0.572958254371309,0.49928813337068334,0.5738177839857158,0.702227598867951,0.6477702007736039
rxn03042_c0,0.7095282042850343,0.5854568237974574,0.519977615803778,0.6106959003944215,0.5729582543713122,0.4992881333706874,0.5738177839857123,0.7022275988679516,0.6477702007736007
rxn05406_c0,0.7095282042850343,0.5854568237974574,0.519977615803778,0.6106959003944215,0.5729582543713122,0.4992881333706874,0.5738177839857123,0.7022275988679516,0.6477702007736007
rxn01522_c0,0.7095282042850343,0.5854568237974574,0.519977615803778,0.6106959003944215,0.5729582543713122,0.4992881333706874,0.5738177839857123,0.7022275988679516,0.6477702007736007
rxn14421_c0,0.7095282042850343,0.5854568237974574,0.519977615803778,0.6106959003944215,0.5729582543713122,0.4992881333706874,0.5738177839857123,0.7022275988679516,0.6477702007736007
EX_cpd00039_e0,0.7095282042850343,0.5854568237974574,0.519977615803778,0.6106959003944215,0.5729582543713122,0.4992881333706874,0.5738177839857123,0.7022275988679516,0.6477702007736007
rxn02989_c0,0.7095282042850343,0.5854568237974574,0.519977615803778,0.6106959003944215,0.5729582543713122,0.4992881333706874,0.5738177839857123,0.7022275988679516,0.6477702007736007
rxn09232_c0,0.7095282042850343,0.5854568237974574,0.519977615803778,0.6106959003944215,0.5729582543713122,0.4992881333706874,0.5738177839857123,0.7022275988679516,0.6477702007736007
EX_cpd00051_e0,0.7095282042850343,0.5854568237974574,0.519977615803778,0.6106959003944215,0.5729582543713122,0.4992881333706874,0.5738177839857123,0.702227598867949,0.6477702007736007
rxn01269_c0,0.7095282042850343,0.5854568237974574,0.5199776158037782,0.6106959003944215,0.5729582543713122,0.4992881333706874,0.5738177839857123,0.702227598867949,0.6477702007736007
rxn05337_c0,-4.188674326503364e-16,-8.121839194503323e-16,2.355196380204769e-15,-3.837239598541564e-16,-2.140248059159107e-16,-2.601179540599204e-16,3.745613466706593e-16,-3.4594849406083654e-16,1.4428940836645166e-17
rxn00407_c0,0.7095282042850345,0.585456823797459,0.5199776158037703,0.6106959003944278,0.5729582543713092,0.4992881333706778,0.5738177839857154,0.7022275988679548,0.6477702007735952
rxn00143_c0,0.7095282042850429,0.5854568237974574,0.5199776158037729,0.6106959003944215,0.5729582543713122,0.49928813337068584,0.5738177839857123,0.7022275988679495,0.6477702007736007
rxn00414_c0,0.7095282042850429,0.5854568237974574,0.5199776158037729,0.6106959003944215,0.5729582543713122,0.49928813337068584,0.5738177839857123,0.7022275988679495,0.6477702007736007
rxn00701_c0,0.7095282042850429,0.5854568237974574,0.5199776158037729,0.6106959003944215,0.5729582543713122,0.49928813337068584,0.5738177839857123,0.7022275988679495,0.6477702007736007
rxn02345_c0,0.7095282042850429,0.5854568237974574,0.5199776158037729,0.6106959003944215,0.5729582543713122,0.49928813337068584,0.5738177839857123,0.7022275988679495,0.6477702007736007
EX_cpd00098_e0,0.7095282042850429,0.5854568237974574,0.5199776158037729,0.6106959003944215,0.5729582543713122,0.49928813337068584,0.5738177839857123,0.7022275988679495,0.6477702007736007
rxn01314_c0,0.7095282042850419,0.5854568237974574,0.5199776158037729,0.6106959003944215,0.5729582543713122,0.49928813337068584,0.5738177839857123,0.7022275988679495,0.6477702007736007
rxn05231_c0,3.495494892022994e-16,-1.568566434901471e-16,-7.796642401351361e-16,-4.043460246290187e-16,1.5646276381895186e-15,-3.4750589905462076e-16,-7.07138730283022e-16,3.4609539170796017e-16,6.316415152519624e-17
rxn02811_c0,0.0,0.0,0.0,0.0,0.0,0.499288133370682,0.0,0.0,0.6477702007735997
rxn01304_c0,0.708577952806933,0.5846727376838751,0.5192686558540079,0.6102914603655873,0.5721807255143445,0.4986142163570403,0.5738177839857178,0.7012771571093591,0.6468892877346565
rxn02315_c0,0.7095282042850306,0.5854568237974653,0.519977615803772,0.6106959003944311,0.5729582543713038,0.4992881333706801,0.5738177839857223,0.7022275988679655,0.6477702007736079
rxn10269_c0,0.7095282042850265,0.5854568237974574,0.5199776158037729,0.6106959003944215,0.5729582543713122,0.4992881333706764,0.5738177839857223,0.702227598867948,0.6477702007736007
rxn03247_c0,0.7095282042850265,0.5854568237974574,0.5199776158037729,0.6106959003944215,0.5729582543713122,0.4992881333706764,0.5738177839857223,0.702227598867948,0.6477702007736007
rxn01416_c0,0.7095282042850265,0.5854568237974574,0.5199776158037729,0.6106959003944215,0.5729582543713122,0.4992881333706764,0.5738177839857223,0.702227598867948,0.6477702007736007
rxn02529_c0,0.7095282042850265,0.5854568237974574,0.5199776158037729,0.6106959003944215,0.5729582543713122,0.4992881333706764,0.5738177839857223,0.702227598867948,0.6477702007736007
EX_cpd00011_e0,,0.2215770728522273,0.15859690494648454,,0.40216567056729174,0.3393883139028395,,0.10652177117284782,0.14702401786454808
rxn05252_c0,0.7095282042850398,0.5854568237974513,0.5199776158037765,0.6106959003944145,0.5729582543713098,0.49928813337068667,0.5738177839857181,0.7022275988679485,0.6477702007735975
rxn08550_c0,0.7095282042850279,0.5854568237974718,0.5199776158037666,0.6106959003944249,0.5729582543713112,0.49928813337068484,0.5738177839857145,0.7022275988679486,0.6477702007735853
rxn00743_c0,0.7095282042850279,0.5854568237974718,0.5199776158037666,0.6106959003944249,0.5729582543713112,0.49928813337068484,0.5738177839857145,0.7022275988679486,0.6477702007735853
rxn21040_c0,0.7095282042850279,0.5854568237974718,0.5199776158037666,0.6106959003944249,0.5729582543713112,0.49928813337068484,0.5738177839857145,0.7022275988679486,0.6477702007735853
rxn09272_c0,-8.33660645892791e-15,0.5688206171562631,4.561875658771892e-15,0.5999475298398236,-5.205215144377757e-15,5.441273728709464e-16,0.5738177839857145,-5.636236686243487e-15,0.4732572447869689
EX_cpd00249_e0,0.7095282042852482,0.5854568237974342,0.5199776158037488,0.610695900394417,0.5729582543713128,0.4992881333706805,0.5738177839857145,0.7022275988679173,0.6477702007735893
rxn14427_c0,0.7095282042850283,0.5854568237974228,0.5199776158037757,0.6106959003944241,0.5729582543713202,0.4992881333706901,0.5738177839857145,0.7022275988679535,0.6477702007735868
rxn04792_c0,0.7095282042850283,0.5854568237974228,0.5199776158037757,0.6106959003944241,0.5729582543713202,0.4992881333706901,0.5738177839857145,0.7022275988679535,0.6477702007735868
rxn00669_c0,0.7095282042850283,0.5854568237974228,0.5199776158037757,0.6106959003944241,0.5729582543713202,0.4992881333706901,0.5738177839857145,0.7022275988679535,0.6477702007735868
rxn00814_c0,0.7095282042850283,0.5854568237974228,0.5199776158037757,0.6106959003944241,0.5729582543713202,0.4992881333706901,0.5738177839857145,0.7022275988679535,0.6477702007735868
rxn00405_c0,0.7095282042850283,0.5854568237974228,0.5199776158037757,0.6106959003944241,0.5729582543713202,0.4992881333706901,0.5738177839857145,0.7022275988679535,0.6477702007735868
rxn01133_c0,0.7095282042850283,0.5854568237974228,0.5199776158037757,0.6106959003944241,0.5729582543713202,0.4992881333706901,0.5738177839857145,0.7022275988679535,0.6477702007735868
rxn00116_c0,0.7095282042850283,0.5854568237974228,0.5199776158037757,0.6106959003944241,0.5729582543713202,0.4992881333706901,0.5738177839857145,0.7022275988679535,0.6477702007735868
rxn08428_c0,0.7095282042850283,0.5854568237974228,0.5199776158037757,0.6106959003944241,0.5729582543713202,0.4992881333706901,0.5738177839857145,0.7022275988679535,0.6477702007735868
rxn09203_c0,0.7095282042850283,0.5854568237974228,0.5199776158037757,0.6106959003944241,0.5729582543713202,0.4992881333706901,0.5738177839857145,0.7022275988679535,0.6477702007735868
rxn21862_c0,0.7095282042850283,0.5854568237974228,0.5199776158037757,0.6106959003944241,0.5729582543713202,0.4992881333706901,0.5738177839857145,0.7022275988679535,0.6477702007735868
rxn03885_c0,0.7095282042850283,0.5854568237974228,0.5199776158037757,0.6106959003944241,0.5729582543713202,0.4992881333706901,0.5738177839857145,0.7022275988679535,0.6477702007735868
rxn01018_c0,-5.125976806215946e-17,8.550218710871939e-16,3.6391816401741117e-16,-3.803710658352626e-16,-6.435060072701736e-16,-1.4725032269556301e-15,-1.1320588648801364e-15,-1.8064131316645913e-16,4.68542176655495e-16
rxn03239_c0,0.7095282042850343,0.5854568237974563,0.5199776158037657,0.6106959003944247,0.5729582543713067,0.4992881333706824,0.5738177839857143,0.7022275988679514,0.6477702007735942
rxn00775_c0,0.7095282042850279,0.585456823797465,0.5199776158037757,0.6106959003944241,0.5729582543713138,0.49928813337068567,0.5738177839857146,0.7022275988679499,0.6477702007735944
rxn01507_c0,0.7095282042850279,0.585456823797465,0.5199776158037757,0.6106959003944241,0.5729582543713138,0.49928813337068567,0.5738177839857146,0.7022275988679499,0.6477702007735944
rxn05039_c0,2.4016047476347416e-16,-1.1232129601533777e-15,-2.615791206589181e-16,-2.595816003788565e-16,8.804648176013013e-17,4.2622266845215015e-16,-1.1727024186855704e-15,1.580104800594128e-16,1.8642954163118823e-16
rxn08299_c0,0.709528204285026,0.5854568237974684,0.5199776158037746,0.6106959003944218,0.5729582543713104,0.49928813337068434,0.5738177839857147,0.7022275988679504,0.6477702007735899
rxn03839_c0,0.7095282042850279,0.585456823797465,0.5199776158037757,0.6106959003944241,0.5729582543713138,0.4992881333706842,0.5738177839857146,0.7022275988679566,0.6477702007735944
rxn01761_c0,0.7095282042850279,0.585456823797465,0.5199776158037757,0.6106959003944241,0.5729582543713138,0.4992881333706842,0.5738177839857146,0.7022275988679566,0.6477702007735944
rxn01682_c0,0.7095282042850279,0.585456823797465,0.5199776158037757,0.6106959003944241,0.5729582543713138,0.4992881333706842,0.5738177839857146,0.7022275988679566,0.6477702007735944
rxn00818_c0,0.7095282042850279,0.585456823797465,0.5199776158037757,0.6106959003944241,0.5729582543713138,0.4992881333706842,0.5738177839857146,0.7022275988679566,0.6477702007735944
rxn01127_c0,0.7095282042850279,0.585456823797465,0.5199776158037757,0.6106959003944241,0.5729582543713138,0.4992881333706842,0.5738177839857146,0.7022275988679566,0.6477702007735944
rxn16824_c0,0.7095282042850279,0.585456823797465,0.5199776158037757,0.6106959003944241,0.5729582543713138,0.4992881333706842,0.5738177839857146,0.7022275988679566,0.6477702007735944
rxn08804_c0,0.7095282042850279,0.585456823797465,0.5199776158037757,0.6106959003944241,0.5729582543713138,0.4992881333706842,0.5738177839857146,0.7022275988679566,0.6477702007735944
rxn08032_c0,0.7095282042850279,0.585456823797465,0.5199776158037757,0.6106959003944241,0.5729582543713138,0.4992881333706842,0.5738177839857146,0.7022275988679566,0.6477702007735944
rxn02286_c0,0.7095282042850279,0.585456823797465,0.5199776158037757,0.6106959003944241,0.5729582543713138,0.4992881333706842,0.5738177839857146,0.7022275988679566,0.6477702007735944
rxn02792_c0,0.7095282042850279,0.585456823797465,0.5199776158037757,0.6106959003944241,0.5729582543713138,0.4992881333706842,0.5738177839857146,0.7022275988679566,0.6477702007735944
rxn08895_c0,0.7095282042850279,0.585456823797465,0.5199776158037757,0.6106959003944241,0.5729582543713138,0.4992881333706842,0.5738177839857146,0.7022275988679566,0.6477702007735944
rxn02749_c0,0.7095282042850279,0.585456823797465,0.5199776158037757,0.6106959003944241,0.5729582543713138,0.4992881333706842,0.5738177839857146,0.7022275988679566,0.6477702007735944
EX_cpd00128_e0,0.7095282042850279,0.585456823797465,0.5199776158037757,0.6106959003944241,0.5729582543713138,0.4992881333706842,0.5738177839857146,0.7022275988679566,0.6477702007735944
rxn08805_c0,0.7095282042850279,0.585456823797465,0.5199776158037757,0.6106959003944241,0.5729582543713138,0.4992881333706842,0.5738177839857146,0.7022275988679566,0.6477702007735944
rxn01255_c0,-2.0354474423404743e-16,-1.0095046381844823e-15,6.537705153596689e-16,2.7056871136436354e-16,8.804648176013013e-17,-7.866589080760853e-16,4.953594887982204e-15,2.862029353902192e-16,-1.6078179344734213e-18
rxn05602_c0,0.709528204285028,0.5854568237974603,0.5199776158037708,0.6106959003944287,0.5729582543713099,0.4992881333706849,0.5738177839857185,0.7022275988679466,0.647770200773592
rxn01275_c0,0.7095282042850258,0.585456823797465,0.5199776158037757,0.6106959003944229,0.5729582543713138,0.49928813337068695,0.5738177839857146,0.7022275988679527,0.6477702007735969
rxn03933_c0,0.7095282042850258,0.585456823797465,0.5199776158037757,0.6106959003944229,0.5729582543713138,0.49928813337068695,0.5738177839857146,0.7022275988679514,0.6477702007735969
rxn10265_c0,0.7095282042850258,0.585456823797465,0.5199776158037757,0.6106959003944229,0.5729582543713138,0.49928813337068695,0.5738177839857146,0.7022275988679514,0.6477702007735969
rxn05347_c0,0.7095282042850258,0.585456823797465,0.5199776158037757,0.6106959003944229,0.5729582543713138,0.49928813337068695,0.5738177839857146,0.7022275988679514,0.6477702007735969
rxn00540_c0,0.7095282042850258,0.585456823797465,0.5199776158037757,0.6106959003944229,0.5729582543713138,0.49928813337068695,0.5738177839857146,0.7022275988679514,0.6477702007735969
rxn01851_c0,0.7095282042850258,0.585456823797465,0.5199776158037757,0.6106959003944229,0.5729582543713138,0.49928813337068695,0.5738177839857146,0.7022275988679514,0.6477702007735969
rxn00147_c0,0.7095282042850258,0.585456823797465,0.5199776158037757,0.6106959003944229,0.5729582543713138,0.49928813337068695,0.5738177839857146,0.7022275988679514,0.6477702007735969
rxn00065_c0,0.7095282042850258,0.585456823797465,0.5199776158037757,0.6106959003944229,0.5729582543713138,0.49928813337068695,0.5738177839857146,0.7022275988679514,0.6477702007735969
rxn00345_c0,0.7095282042850258,0.585456823797465,0.5199776158037757,0.6106959003944229,0.5729582543713138,0.49928813337068695,0.5738177839857146,0.7022275988679514,0.6477702007735969
rxn09008_c0,0.7095282042850258,0.585456823797465,0.5199776158037757,0.6106959003944229,0.5729582543713138,0.49928813337068695,0.5738177839857146,0.7022275988679514,0.6477702007735969
rxn00182_c0,0.7095282042850273,0.585456823797465,0.5199776158037757,0.6106959003944229,0.5729582543713138,0.49928813337068695,0.5738177839857146,0.7022275988679514,0.647770200773569
rxn16826_c0,0.7095282042850176,0.585456823797465,0.5199776158037757,0.6106959003944218,0.5729582543713138,0.49928813337068695,0.5738177839857146,0.7022275988679514,0.6477702007735932
rxn01218_c0,0.7095282042850176,0.585456823797465,0.5199776158037757,0.6106959003944218,0.5729582543713138,0.49928813337068695,0.5738177839857146,0.7022275988679514,0.6477702007735932
EX_cpd00033_e0,0.7095282042850176,0.585456823797465,0.5199776158037757,0.6106959003944218,0.5729582543713138,0.49928813337068695,,0.7022275988679514,0.6391091803929244
EX_cpd01414_e0,0.7095282042850176,0.585456823797465,0.5199776158037757,0.6106959003944218,0.5729582543713138,0.49928813337068695,0.5738177839857168,0.7022275988679514,0.6477702007735939
rxn01459_c0,0.7095282042850176,0.585456823797465,0.5199776158037757,0.6106959003944218,0.5729582543713138,0.49928813337068695,0.5738177839857211,0.7022275988679514,0.6477702007735939
rxn03135_c0,3.596497415935121e-16,8.717832865506874e-16,-6.922555025116759e-17,1.3384328428722682e-16,-1.4341140672532497e-16,-7.021015235919267e-16,1.0056313890828956e-15,-1.0674575300525601e-16,-1.2541097484319178e-16
rxn00145_c0,0.7095282042850294,0.5854568237974648,0.5199776158037651,0.6106959003944221,0.572958254371312,0.49928813337068423,0.5738177839857166,0.7022275988679441,0.6477702007736226
rxn12147_c0,0.7095282042850284,0.585456823797465,0.5199776158037757,0.6106959003944215,0.5729582543713138,0.49928813337067246,0.5738177839857211,0.7022275988679545,0.6477702007735915
rxn02167_c0,0.7095282042850284,0.585456823797465,0.5199776158037757,0.6106959003944215,0.5729582543713138,0.49928813337067246,0.5738177839857211,0.7022275988679545,0.6477702007735915
rxn08976_c0,0.7095282042850284,0.585456823797465,0.5199776158037757,0.6106959003944215,0.5729582543713138,0.49928813337067246,0.5738177839857211,0.7022275988679545,0.6477702007735915
rxn10208_c0,0.7095282042850284,0.585456823797465,0.5199776158037757,0.6106959003944215,0.5729582543713138,0.49928813337067246,0.5738177839857211,0.7022275988679545,0.6477702007735915
rxn03137_c0,-2.5290562824487323e-14,1.0740040433499609e-13,1.3747164328068305e-13,-4.202371160319109e-14,1.9911643854778603e-14,-1.4617484650257995e-13,5.1373760428757903e-14,3.680451294245124e-14,-3.4095971982494773e-14
rxn01013_c0,0.7095282042850425,0.5854568237974604,0.5199776158037681,0.610695900394112,0.5729582543713139,0.4992881333706679,0.5738177839857126,0.7022275988679468,0.6477702007735602
rxn01106_c0,-1.1856503515302379e-14,3.222103047756159e-14,3.410641620320996e-14,-1.2614058571204749e-14,5.2619525742970616e-15,-4.4923693853592765e-14,1.8656584053685224e-14,1.002903799109201e-13,-1.3809371412515169e-14
rxn01868_c0,0.7095282042850304,0.5854568237974621,0.5199776158037712,0.6106959003944219,0.5729582543713092,0.4992881333706812,0.5738177839857178,0.7022275988679544,0.6477702007735876
rxn01685_c0,0.7095282042850314,0.585456823797465,0.5199776158037757,0.6106959003944215,0.5729582543713138,0.49928813337067246,0.5738177839857174,0.7022275988679743,0.6477702007735915
rxn05187_c0,0.7095282042850314,0.585456823797465,0.5199776158037757,0.6106959003944215,0.5729582543713138,0.49928813337067246,0.5738177839857174,0.7022275988679743,0.6477702007735915
rxn05127_c0,0.7095282042850314,0.585456823797465,0.5199776158037757,0.6106959003944215,0.5729582543713138,0.49928813337067246,0.5738177839857174,0.7022275988679743,0.6477702007735915
rxn05199_c0,0.7095282042850314,0.585456823797465,0.5199776158037757,0.6106959003944215,0.5729582543713138,0.49928813337067246,0.5738177839857174,0.7022275988679743,0.6477702007735915
rxn02159_c0,4.80425421561111e-16,8.717832865506874e-16,1.7156459360966064e-16,3.555602644993665e-16,-3.2690119792739096e-16,-8.435810510027854e-16,-4.2109955709019757e-16,-5.705358360150842e-16,9.49397883828526e-17
rxn00992_c0,0.7095282042850288,0.5854568237974604,0.5199776158037707,0.6106959003944249,0.5729582543713059,0.49928813337065797,0.5738177839857208,0.7022275988679525,0.6477702007735924
rxn02201_c0,-2.636337647537432e-16,-1.1232129601533777e-15,4.434752683575309e-17,8.673187318404696e-17,-1.4341140672532497e-16,-5.302349090504522e-16,2.4798834119889365e-13,-1.302538428515847e-15,-1.7460978992627203e-16
rxn00929_c0,0.7095282042849951,0.5854568237974626,0.51997761580377,0.6106959003944238,0.572958254371309,0.49928813337071937,0.5738177839857158,0.7022275988679536,0.6477702007727906
rxn15466_c0,-7.470209565853617e-16,2.0540976025919717e-16,0.519977615803764,1.4123135826345623e-15,1.6939533149346048e-15,1.0848461823995647e-14,5.708083782369994e-15,6.386814544876779e-16,0.6477702007735635
rxn08797_c0,0.7095282042850253,0.5854568237974622,0.519977615803764,0.6106959003944202,0.572958254371309,0.499288133370686,0.5738177839857235,0.7022275988679358,0.6477702007735635
rxn00324_c0,0.7095282042850275,0.5854568237974581,0.519977615803764,0.6106959003944196,0.5729582543713108,0.49928813337069367,0.5738177839857004,0.7022275988679431,0.6477702007735635
rxn00735_c0,0.7095282042850332,0.5854568237974581,0.519977615803764,0.6106959003944196,0.5729582543713108,0.49928813337068384,0.5738177839857234,0.7022275988679431,0.6477702007735635
rxn10227_c0,0.7095282042850332,0.5854568237974581,0.519977615803764,0.6106959003944196,0.5729582543713108,0.49928813337068384,0.5738177839857234,0.7022275988679431,0.6477702007735635
EX_cpd00080_e0,0.7095282042850332,0.5854568237974581,0.519977615803764,0.6106959003944196,0.5729582543713108,0.49928813337068384,0.5738177839857234,0.7022275988679431,0.6477702007735635
rxn00006_c0,0.7095282042850332,0.5854568237974581,0.519977615803764,0.6106959003944196,0.5729582543713108,0.49928813337068384,0.5738177839857234,0.7022275988679431,0.6477702007735635
rxn00364_c0,0.7058958538707819,0.5824596429615115,0.5172677909664408,0.6091469585632241,0.5699862880123439,0.496712151882962,0.5724824139996118,0.6985946668494932,0.6444030940290977
rxn47768_c0,0.7095282042850392,0.5854568237974517,0.5199776158037686,0.6106959003944258,0.5729582543713256,0.49928813337067596,0.5738177839857174,0.7022275988679568,0.6477702007736094
rxn02303_c0,0.7093810028837904,0.5853353627134583,0.5198710715797259,0.6104765880716451,0.5728414060816396,0.4991837374175494,0.5736064257939868,0.7020847653833601,0.6476337380561148
rxn08844_c0,0.7095282042850249,0.5854568237974603,0.519977615803771,0.6106959003944209,0.5729582543713084,0.4992881333706878,0.5738177839857271,0.7022275988679483,0.6477702007736104
rxn08815_c0,0.7095282042850224,0.5854568237974621,0.5199776158037498,0.6106959003944258,0.5729582543713077,0.49928813337068934,0.5738177839857219,0.7022275988679495,0.6477702007735987
rxn05335_c0,3.259373823783684e-16,1.6808877244799798e-19,2.273836689641889e-16,3.5156534633178054e-17,-5.903659113995033e-16,-4.336339515670172e-16,2.1531632095730333e-16,1.1063973351897324e-15,-4.729264280439732e-16
rxn03644_c0,0.7095282042850342,0.5854568237974598,0.5199776158037678,0.6106959003944313,0.5729582543713132,0.49928813337068756,0.5738177839857141,0.7022275988679492,0.6477702007736016
rxn05209_c0,0.7095282042850342,0.5854568237974621,0.5199776158037498,0.6106959003944258,0.5729582543713077,0.49928813337068934,0.5738177839857219,0.7022275988679465,0.6477702007735987
