substrate,dissipation_lb,feasible,growth_rate,NaNQR_flux,Na_EX_flux,ATPsyn_flux,NaH_anti_flux,flagella_flux,symporter_flux,acetate,pyruvate,succinate,formate,lactate,fumarate,NH3_secretion,na_medium_import_flag
alanine,0,True,0.5854568237974662,35.56557794922699,-9.358969508214282e-15,56.12036831190013,49.69893316346398,0.0,20.0,6.3873981255831875,0.0,0.0,0.0,0.0,0.0,13.935968875962184,False
alanine,4,True,0.5774522186047112,35.6262071815259,7.042557054562194e-16,55.17341222340496,45.8397735631866,4.0,20.0,6.5735151870332755,0.0,0.0,0.0,0.0,0.0,14.018878790155217,False
alanine,8,True,0.5694476134119754,35.68683641383795,-2.6501526991006147e-15,54.22645613492917,41.98061396293423,8.0,20.0,6.759632248482107,0.0,0.0,0.0,0.0,0.0,14.10178870434701,False
alanine,12,True,0.5614430082192124,35.74746564613661,4.058664110013054e-15,53.27950004643356,38.12145436265644,12.0,20.0,6.945749309932167,0.0,0.0,0.0,0.0,0.0,14.184698618539905,False
alanine,16,True,0.5534384030264792,35.808094878443775,7.042557054562194e-16,52.332543957950726,34.26229476239501,16.0,20.0,7.131866371381456,0.0,0.0,0.0,0.0,0.0,14.267608532732352,False
alanine,20,True,0.5454337978337325,35.868724110748495,-6.0045611036574476e-15,51.38558786946414,30.403135162128724,20.0,20.0,7.317983432830969,0.0,0.0,0.0,0.0,0.0,14.350518446924822,False
alanine,24,True,0.5374291926409862,35.92935334305365,-6.0045611036574476e-15,50.438631780978135,26.543975561863324,24.0,20.0,7.504100494280542,0.0,0.0,0.0,0.0,0.0,14.433428361117192,False
alanine,28,True,0.5294245874482408,35.989982575358276,-6.0045611036574476e-15,49.49167569249142,22.68481596159686,28.0,20.0,7.690217555730059,0.0,0.0,0.0,0.0,0.0,14.516338275309664,False
alanine,32,True,0.5214199822554927,36.05061180766329,7.042557054562194e-16,48.54471960400527,18.825656361331127,32.0,20.0,7.876334617179547,0.0,0.0,0.0,0.0,0.0,14.599248189502136,False
alanine,36,True,0.5134153770627484,36.11124103996796,-6.0045611036574476e-15,47.59776351551861,14.966496761064777,36.0,20.0,8.062451678629058,0.0,0.0,0.0,0.0,0.0,14.682158103694617,False
alanine,40,True,0.50541077187,36.17187027227287,-6.0045611036574476e-15,46.65080742703233,11.107337160798956,40.0,20.0,8.248568740078557,0.0,0.0,0.0,0.0,0.0,14.765068017887105,False
alanine,44,True,0.4974061666772543,36.232499504577866,-6.0045611036574476e-15,45.70385133854616,7.248177560533211,44.0,20.0,8.434685801528051,0.0,0.0,0.0,0.0,0.0,14.847977932079582,False
alanine,48,True,0.4894015614845091,36.2931287368828,7.042557054562194e-16,44.756895250059905,3.3890179602673864,48.0,20.0,8.620802862977541,0.0,0.0,0.0,0.0,0.0,14.93088784627204,False
alanine,52,True,0.4813969562917616,36.35375796918781,1.9849047345154615e-16,43.80993916157339,0.0,52.0,20.000000000000753,8.80691992442785,0.0,0.0,0.0,0.0,0.0,15.013797760465197,False
alanine,56,True,0.4733923510990173,36.41438720149266,1.147900651616123e-15,42.86298307308697,0.0,56.0,20.000000000000817,8.99303698587744,0.0,0.0,0.0,0.0,0.0,15.09670767465772,False
alanine,60,True,0.4653877459062714,36.47501643379747,6.400991866482634e-15,41.91602698460054,0.0,60.0,20.000000000000767,9.179154047326868,0.0,0.0,0.0,0.0,0.0,15.179617588850148,False
alanine,64,True,0.4573831407135179,36.53564566610201,7.042557054562194e-16,40.96907089611769,-2.6823493320071043,64.0,20.0,9.365271108775683,0.0,0.0,0.0,0.0,0.0,15.262527503042218,False
alanine,68,True,0.4493785355207718,36.59627489840685,-1.2713377912771116e-14,40.02211480763109,-6.355391870824372,68.0,20.0,9.551388170225197,0.0,0.0,0.0,0.0,0.0,15.345437417234692,False
alanine,72,True,0.4413739303280257,36.65690413071167,7.042557054562194e-16,39.07515871914467,-10.028434409640951,72.0,20.0,9.737505231674696,0.0,0.0,0.0,0.0,0.0,15.428347331427158,False
alanine,76,True,0.4333693251352818,36.71753336301648,-6.0045611036574476e-15,38.12820263065266,-13.701476948479993,76.0,20.0,9.923622293123849,0.0,0.0,0.0,0.0,0.0,15.51125724561925,False
alanine,80,True,0.4253647199425359,36.77816259532131,-6.0045611036574476e-15,37.18124654216639,-17.374519487295917,80.0,20.0,10.109739354573346,0.0,0.0,0.0,0.0,0.0,15.594167159811708,False
alanine,84,True,0.4173601147497901,36.838791827626146,-9.358969508214282e-15,36.23429045368008,-21.047562026112047,84.0,20.0,10.295856416022852,0.0,0.0,0.0,0.0,0.0,15.677077074004186,False
alanine,88,True,0.4093555095570443,36.89942105993098,-6.0045611036574476e-15,35.28733436519364,-24.72060456492871,88.0,20.0,10.481973477472357,0.0,0.0,0.0,0.0,0.0,15.759986988196658,False
alanine,92,True,0.401350904364296,36.960050292235785,-6.0045611036574476e-15,34.3403782767072,-28.39364710374536,92.0,20.0,10.66809053892186,0.0,0.0,0.0,0.0,0.0,15.842896902389144,False
alanine,96,True,0.3933462991715524,37.02067952454064,-6.0045611036574476e-15,33.39342218822063,-32.06668964256245,96.0,20.0,10.854207600371351,0.0,0.0,0.0,0.0,0.0,15.925806816581598,False
alanine,100,True,0.3853416939788019,37.08130875684545,-2.2776603126441622e-14,32.44646609973423,-35.739732181379054,100.0,20.0,11.04032466182088,0.0,0.0,0.0,0.0,0.0,16.008716730774122,False
alanine,104,True,0.3773370887860587,37.14193798915029,-6.0045611036574476e-15,31.499510011248,-39.41277472019478,104.0,20.0,11.226441723270367,0.0,0.0,0.0,0.0,0.0,16.091626644966563,False
alanine,108,True,0.36933248359331045,37.20256722145512,-1.9422194721884784e-14,30.552553922761536,-43.08581725901155,108.0,20.0,11.412558784719883,0.0,0.0,0.0,0.0,0.0,16.17453655915906,False
alanine,112,True,0.36132787840056413,37.263196453759946,-6.004561103657448e-15,29.60559783427508,-46.75885979782823,112.0,20.0,11.598675846169387,0.0,0.0,0.0,0.0,0.0,16.257446473351532,False
alanine,116,True,0.3533232732078184,37.32382568606479,-6.004561103657448e-15,28.658641745788774,-50.431902336644264,116.0,20.0,11.784792907618892,0.0,0.0,0.0,0.0,0.0,16.340356387544006,False
alanine,120,True,0.3453186680150738,37.38445491836962,-2.6501526991006147e-15,27.711685657302155,-54.1049448754616,120.0,20.0,11.970909969068364,0.0,0.0,0.0,0.0,0.0,16.423266301736465,False
alanine,124,True,0.33731406282232845,37.445084150674454,7.413072514569888e-15,26.76472956881573,-57.777987414278236,124.0,20.0,12.15702703051786,0.0,0.0,0.0,0.0,0.0,16.506176215928917,False
alanine,128,True,0.32930945762958064,37.50571338297927,1.0767480919126722e-14,25.817773480329283,-61.451029953094974,128.0,20.0,12.343144091967371,0.0,0.0,0.0,0.0,0.0,16.589086130121412,False
alanine,132,True,0.3213048524368333,37.56634261528414,1.4121889323683557e-14,24.870817391846114,-65.12407249189849,132.0,20.0,12.529261153417114,0.0,0.0,0.0,0.0,0.0,16.671996044314092,False
alanine,136,True,0.31330024724408606,37.62697184758899,1.747629772824039e-14,23.92386130335989,-68.79711503071427,136.0,20.0,12.715378214866625,0.0,0.0,0.0,0.0,0.0,16.754905958506612,False
alanine,140,True,0.3052956420513397,37.68760107989381,7.413072514569888e-15,22.976905214873298,-72.47015756953152,140.0,20.0,12.901495276316114,0.0,0.0,0.0,0.0,0.0,16.837815872699064,False
alanine,144,True,0.29729103685859315,37.748230312198636,1.0767480919126722e-14,22.029949126387073,-76.1432001083473,144.0,20.0,13.087612337765634,0.0,0.0,0.0,0.0,0.0,16.920725786891502,False
alanine,148,True,0.28928643166584683,37.80885954450347,7.042557054562194e-16,21.082993037900486,-79.8162426471645,148.0,20.0,13.27372939921512,0.0,0.0,0.0,0.0,0.0,17.003635701084008,False
alanine,152,True,0.2812818264731011,37.8694887768083,1.0767480919126722e-14,20.13603694941424,-83.48928518598034,152.0,20.0,13.459846460664629,0.0,0.0,0.0,0.0,0.0,17.086545615276485,False
alanine,156,True,0.27327722128035403,37.93011800911313,7.413072514569888e-15,19.18908086092778,-87.16232772479712,156.0,20.0,13.64596352211414,0.0,0.0,0.0,0.0,0.0,17.169455529468966,False
alanine,160,True,0.2652726160876086,37.990747241417964,4.058664110013054e-15,18.242124772441404,-90.83537026361347,160.0,20.0,13.832080583563634,0.0,0.0,0.0,0.0,0.0,17.252365443661436,False
alanine,164,True,0.2572680108948637,38.05137647372278,4.058664110013054e-15,17.29516868395457,-94.50841280243174,164.0,20.0,14.018197645013124,0.0,0.0,0.0,0.0,0.0,17.335275357853853,False
alanine,168,True,0.2492634057021161,38.11200570602763,1.0767480919126722e-14,16.34821259546821,-98.18145534124801,168.0,20.0,14.204314706462613,0.0,0.0,0.0,0.0,0.0,17.418185272046408,False
alanine,172,True,0.2412588005093698,38.172634938332436,4.058664110013054e-15,15.40125650698175,-101.85449788006478,172.0,20.0,14.390431767912126,0.0,0.0,0.0,0.0,0.0,17.50109518623885,False
alanine,176,True,0.23325419531662314,38.23326417063727,4.058664110013054e-15,14.454300418495395,-105.5275404188811,176.0,20.0,14.57654882936163,0.0,0.0,0.0,0.0,0.0,17.584005100431337,False
alanine,180,True,0.2252495901238757,38.2938934029421,7.413072514569888e-15,13.507344330008918,-109.2005829576978,180.0,20.0,14.76266589081114,0.0,0.0,0.0,0.0,0.0,17.666915014623786,False
alanine,184,True,0.217244984931132,38.354522635246944,-2.6501526991006147e-15,12.560388241522324,-112.87362549651502,184.0,20.0,14.948782952260613,0.0,0.0,0.0,0.0,0.0,17.749824928816267,False
alanine,188,True,0.20924037973838336,38.41515186755177,7.042557054562194e-16,11.613432153036099,-116.5466680353309,188.0,20.0,15.13490001371015,0.0,0.0,0.0,0.0,0.0,17.832734843008737,False
alanine,192,True,0.2012357745456386,38.4757810998566,-2.6501526991006147e-15,10.666476064549503,-120.21971057414818,192.0,20.0,15.321017075159624,0.0,0.0,0.0,0.0,0.0,17.91564475720121,False
alanine,196,True,0.19323116935289153,38.53641033216143,4.058664110013054e-15,9.719519976063253,-123.89275311296406,196.0,20.0,15.507134136609148,0.0,0.0,0.0,0.0,0.0,17.998554671393652,False
alanine,200,True,0.1852265641601473,38.59703956446625,-9.358969508214282e-15,8.772563887576291,-127.56579565178274,200.0,20.0,15.693251198058595,0.0,0.0,0.0,0.0,0.0,18.081464585586158,False
alanine,204,True,0.17722195896740128,38.657668796771084,4.058664110013054e-15,7.825607799090278,-131.23883819059765,204.0,20.0,15.879368259508128,0.0,0.0,0.0,0.0,0.0,18.164374499778596,False
alanine,208,True,0.16921735377465288,38.71829802907592,-6.004561103657448e-15,6.878651710604234,-134.91188072941273,208.0,20.0,16.06548532095766,0.0,0.0,0.0,0.0,0.0,18.247284413971116,False
alanine,212,True,0.16121274858190765,38.77892726138075,2.4185114537354058e-14,5.931695622117634,-138.58492326823006,212.0,20.0,16.25160238240714,0.0,0.0,0.0,0.0,0.0,18.33019432816363,False
alanine,216,True,0.15320814338916072,38.83955649368559,-2.6501526991006147e-15,4.9847395336314095,-142.25796580704576,216.0,20.0,16.437719443856658,0.0,0.0,0.0,0.0,0.0,18.413104242356066,False
alanine,220,True,0.14520353819641565,38.900185725990426,1.747629772824039e-14,4.037783445144797,-145.9310083458632,220.0,20.0,16.623836505306155,0.0,0.0,0.0,0.0,0.0,18.496014156548544,False
alanine,224,True,0.13719893300366734,38.96081495829523,-2.277660312644162e-14,3.0908273566581803,-149.60405088468042,224.0,20.0,16.80995356675565,0.0,0.0,0.0,0.0,0.0,18.578924070740985,False
alanine,228,True,0.12919432781092155,39.02144419060004,7.413072514569888e-15,2.1438712681629486,-153.27709342353234,228.0,20.0,16.996070628204645,0.0,0.0,0.0,0.0,0.0,18.661833984932848,False
alanine,232,True,0.121189722618176,39.08207342290487,-1.9422194721884784e-14,1.1969151796759196,-156.95013596235137,232.0,20.0,17.182187689654107,0.0,0.0,0.0,0.0,0.0,18.7447438991253,False
alanine,236,True,0.1131851174254286,39.14270265520971,7.413072514569888e-15,0.24995909119051493,-160.62317850116384,236.0,20.0,17.368304751103665,0.0,0.0,0.0,0.0,0.0,18.827653813317795,False
alanine,240,True,0.10518051223268508,39.20333188751452,-2.6131011530998452e-14,-0.6969969972971664,-164.2962210399855,240.0,20.0,17.55442181255309,0.0,0.0,0.0,0.0,0.0,18.910563727510233,False
alanine,244,True,0.09717590703993473,39.263961119819385,-1.2713377912771116e-14,-1.6439530857819216,-167.96926357879536,244.0,20.0,17.740538874002688,0.0,0.0,0.0,0.0,0.0,18.993473641702746,False
alanine,248,True,0.08917130184719424,39.324590352124176,-1.9422194721884784e-14,-2.590909174270266,-171.64230611761968,248.0,20.0,17.92665593545207,0.0,0.0,0.0,0.0,0.0,19.076383555895177,False
alanine,252,True,0.08116669665445402,39.385219584428995,7.042557054562194e-16,-3.537865262739457,-175.31534865636723,252.0,20.0,18.11277299690252,0.0,0.0,0.0,0.0,0.0,19.15929347008903,False
alanine,256,True,0.07316209146170405,39.44584881673385,-4.6257461958339453e-14,-4.484821351224943,-178.98839119518001,256.0,20.0,18.298890058352075,0.0,0.0,0.0,0.0,0.0,19.242203384281545,False
alanine,260,True,0.06515748626895615,39.50647804903868,7.042557054562194e-16,-5.4317774397118415,-182.66143373399845,260.0,20.0,18.485007119801548,0.0,0.0,0.0,0.0,0.0,19.325113298474008,False
alanine,264,True,0.05715288107621253,39.56710728134351,-1.9422194721884784e-14,-6.3787335281978885,-186.33447627281353,264.0,20.0,18.67112418125107,0.0,0.0,0.0,0.0,0.0,19.408023212666475,False
alanine,268,True,0.049148275883465396,39.62773651364834,-1.9422194721884784e-14,-7.325689616684132,-190.0075188116294,268.0,20.0,18.857241242700578,0.0,0.0,0.0,0.0,0.0,19.490933126858952,False
alanine,272,True,0.041143670690722,39.688365745953156,-1.9422194721884784e-14,-8.272645705171032,-193.68056135044787,272.0,20.0,19.043358304150058,0.0,0.0,0.0,0.0,0.0,19.57384304105142,False
alanine,276,True,0.03313906549797077,39.748994978258004,-1.9422194721884784e-14,-9.219601793657173,-197.35360388926333,276.0,20.0,19.229475365599562,0.0,0.0,0.0,0.0,0.0,19.656752955243913,False
alanine,280,True,0.025134460305225852,39.80962421056283,-2.6131011530998452e-14,-10.16655788214342,-201.02664642807918,280.0,20.0,19.415592427049077,0.0,0.0,0.0,0.0,0.0,19.739662869436394,False
alanine,284,True,0.017129855112482873,39.870253442867636,-1.9422194721884784e-14,-11.113513970630317,-204.69968896689767,284.0,20.0,19.60170948849855,0.0,0.0,0.0,0.0,0.0,19.822572783628832,False
alanine,288,True,0.009125249919737078,39.93088267517248,-2.6131011530998452e-14,-12.060470059117065,-208.3727315057156,288.0,20.0,19.78782654994807,0.0,0.0,0.0,0.0,0.0,19.905482697821313,False
alanine,292,True,0.001120644726979278,39.99151190747739,-1.9422194721884784e-14,-13.007426147604953,-212.0457740445379,292.0,20.0,19.973943611397488,0.0,0.0,0.0,0.0,0.0,19.988392612013463,False
alanine,296,False,,,,,,,,,,,,,,,
alanine,300,False,,,,,,,,,,,,,,,
aspartate,0,True,0.610695900394418,27.77608404507008,-2.9995680181937875e-14,49.10618668466243,39.05820215250442,0.0,-15.0,0.0,0.0,0.0,0.0,0.0,0.0,8.674548153195568,False
aspartate,4,True,0.6067403598775153,28.081958233490973,3.548403863630465e-15,48.63824066036418,35.67962710125917,4.0,-15.0,0.0,0.0,0.0,0.0,0.0,0.0,8.71551875910868,False
aspartate,8,True,0.6027848193593531,28.387832421377368,1.9399545907363063e-16,48.17029463528722,32.30105204894798,8.0,-15.0,0.0,0.0,0.0,0.0,0.0,0.0,8.75648936503444,False
aspartate,12,True,0.5988292788439104,28.693706610422975,6.902812268187298e-15,47.702348611899176,28.922476998948905,12.0,-15.0,0.0,0.0,0.0,0.0,0.0,0.0,8.797459970932591,False
aspartate,16,True,0.5948737383270781,28.99958079887697,-1.4832087432047864e-15,47.234402587649065,25.543901947769697,16.0,-15.0,0.0,0.0,0.0,0.0,0.0,0.0,8.838430576844788,False
aspartate,20,True,0.5909181978102417,29.305454987328005,1.871199661352048e-15,46.766456563394755,22.165326896584737,20.0,-15.0,0.0,0.0,0.0,0.0,0.0,0.0,8.879401182757114,False
aspartate,24,True,0.5869626572934056,29.61132917577883,5.225608065908882e-15,46.29851053914014,18.786751845399273,24.0,-15.0,0.0,0.0,0.0,0.0,0.0,0.0,8.920371788669442,False
aspartate,28,True,0.5830071167765691,29.917203364229756,5.225608065908882e-15,45.83056451488564,15.408176794214008,28.0,-15.0,0.0,0.0,0.0,0.0,0.0,0.0,8.961342394581783,False
aspartate,32,True,0.5790515762597316,30.22307755268062,-1.4832087432047864e-15,45.36261849063104,12.02960174302858,32.0,-15.0,0.0,0.0,0.0,0.0,0.0,0.0,9.002313000494102,False
aspartate,36,True,0.5750960357428889,30.52895174112905,-1.6578046563710542e-14,44.89467246637291,8.65102669183846,36.0,-15.0,0.0,0.0,0.0,0.0,0.0,0.0,9.04328360640647,False
aspartate,40,True,0.571140495226052,30.83482592957981,-1.9932454968267376e-14,44.426726442118216,5.272451640652939,40.0,-15.0,0.0,0.0,0.0,0.0,0.0,0.0,9.084254212318804,False
aspartate,44,True,0.5671849547092117,31.14070011802901,-2.1609659170545793e-14,43.95878041786122,1.8938765894642655,44.0,-15.0,0.0,0.0,0.0,0.0,0.0,0.0,9.125224818231173,False
aspartate,48,True,0.5632294141923774,31.446574306482912,1.1934424875022548e-14,43.49083439361039,-1.4846984617175178,48.0,-15.0,0.0,0.0,0.0,0.0,0.0,0.0,9.166195424143314,False
aspartate,52,True,0.5592738736755395,31.752448494933866,-1.4832087432047864e-15,43.02288836935696,-4.863273512898718,52.0,-15.0,0.0,0.0,0.0,0.0,0.0,0.0,9.20716603005567,False
aspartate,56,True,0.5553183331587034,32.05832268338459,1.0257220672744132e-14,42.554942345100706,-8.241848564090024,56.0,-15.0,0.0,0.0,0.0,0.0,0.0,0.0,9.248136635967953,False
aspartate,60,True,0.5513627926418665,32.364196871835645,-1.4832087432047864e-15,42.086996320848776,-11.620423615265874,60.0,-15.0,0.0,0.0,0.0,0.0,0.0,0.0,9.289107241880362,False
aspartate,64,True,0.5474072521250303,32.67007106028638,1.9399545907363063e-16,41.61905029659278,-14.998998666456297,64.0,-15.0,0.0,0.0,0.0,0.0,0.0,0.0,9.330077847792651,False
aspartate,68,True,0.5434517116081935,32.97594524873722,-1.4832087432047864e-15,41.15110427233796,-18.377573717642505,68.0,-15.0,0.0,0.0,0.0,0.0,0.0,0.0,9.371048453704974,False
aspartate,72,True,0.5394961710913612,33.28181943718848,-8.192025552318455e-15,40.683158248088795,-21.7561487688086,72.0,-15.0,0.0,0.0,0.0,0.0,0.0,0.0,9.412019059617563,False
aspartate,76,True,0.5334268900446069,33.459667959206136,-1.4832087432047864e-15,39.96515373673913,-25.28844521324795,76.0,-15.0,0.0971590250054612,0.0,0.0,0.0,0.0,0.0,9.474883318213738,False
aspartate,80,True,0.5254222848518599,33.52029719151097,-8.192025552318455e-15,39.01819764825303,-28.96148775206325,80.0,-15.0,0.2832760864549795,0.0,0.0,0.0,0.0,0.0,9.557793232406222,False
aspartate,84,True,0.5174176796591129,33.5809264238158,1.9399545907363063e-16,38.071241559766925,-32.634530290878544,84.0,-15.0,0.4693931479044976,0.0,0.0,0.0,0.0,0.0,9.6407031465987,False
aspartate,88,True,0.5094130744663677,33.64155565612062,-6.514821350040037e-15,37.12428547127983,-36.30757282969779,88.0,-15.0,0.6555102093539614,0.0,0.0,0.0,0.0,0.0,9.723613060791164,False
aspartate,92,True,0.5014084692736211,33.70218488842546,-1.4832087432047864e-15,36.17732938279374,-39.98061536851308,92.0,-15.0,0.8416272708034793,0.0,0.0,0.0,0.0,0.0,9.806522974983638,False
aspartate,96,True,0.4934038640808743,33.76281412073029,-9.869229754596872e-15,35.230373294307526,-43.65365790732877,96.0,-15.0,1.027744332252992,0.0,0.0,0.0,0.0,0.0,9.889432889176126,False
aspartate,100,True,0.4853992588881292,33.82344335303512,6.902812268187298e-15,34.283417205820314,-47.32670044614856,100.0,-15.0,1.2138613937024616,0.0,0.0,0.0,0.0,0.0,9.972342803368583,False
aspartate,104,True,0.4773946536953826,33.88407258533995,-8.192025552318455e-15,33.336461117334196,-50.99974298496386,104.0,-15.0,1.3999784551519796,0.0,0.0,0.0,0.0,0.0,10.055252717561066,False
aspartate,108,True,0.4693900485026353,33.94470181764479,-8.192025552318455e-15,32.389505028848,-54.672785523779545,108.0,-15.0,1.5860955166014923,0.0,0.0,0.0,0.0,0.0,10.13816263175355,False
aspartate,112,True,0.4613854433098913,34.0053310499496,-1.4900842361432125e-14,31.44254894036103,-58.34582806259832,112.0,-15.0,1.7722125780509579,0.0,0.0,0.0,0.0,0.0,10.221072545946,False
aspartate,116,True,0.4533808381171444,34.06596028225444,1.3611629077300966e-14,30.49559285187492,-62.01887060141362,116.0,-15.0,1.958329639500476,0.0,0.0,0.0,0.0,0.0,10.303982460138487,False
aspartate,120,True,0.4453762329243975,34.12658951455927,2.5352058493249884e-14,29.54863676338882,-65.6919131402289,120.0,-15.0,2.144446700949994,0.0,0.0,0.0,0.0,0.0,10.386892374330978,False
aspartate,124,True,0.43737162773164945,34.18721874686411,2.199765008869305e-14,28.601680674899804,-69.36495567905583,124.0,-15.0,2.330563762399351,0.0,0.0,0.0,0.0,0.0,10.469802288523194,False
aspartate,128,True,0.429367022538905,34.247847979168945,1.3611629077300966e-14,27.654724586413046,-73.03799821787379,128.0,-15.0,2.5166808238488305,0.0,0.0,0.0,0.0,0.0,10.552712202715648,False
aspartate,132,True,0.4213624173461507,34.30847721147379,3.548403863630465e-15,26.70776849793203,-76.71104075666857,132.0,-15.0,2.7027978852986085,0.0,0.0,0.0,0.0,0.0,10.635622116908422,False
aspartate,136,True,0.41335781215340506,34.36910644377864,1.1934424875022549e-14,25.760812409445645,-80.384083295485,136.0,-15.0,2.8889149467481325,0.0,0.0,0.0,0.0,0.0,10.7185320311009,False
aspartate,140,True,0.40535320696066,34.429735676083475,1.1934424875022549e-14,24.813856320959033,-84.05712583430233,140.0,-15.0,3.0750320081976397,0.0,0.0,0.0,0.0,0.0,10.80144194529336,False
aspartate,144,True,0.39734860176791287,34.490364908388294,1.1934424875022549e-14,23.866900232472684,-87.73016837311867,144.0,-15.0,3.261149069647125,0.0,0.0,0.0,0.0,0.0,10.884351859485832,False
aspartate,148,True,0.3893439965751679,34.550994140693135,1.1934424875022549e-14,22.919944143986065,-91.40321091193601,148.0,-15.0,3.4472661310966184,0.0,0.0,0.0,0.0,0.0,10.967261773678304,False
aspartate,152,True,0.38133939138242035,34.61162337299797,1.69660374818578e-14,21.972988055499837,-95.07625345075178,152.0,-15.0,3.6333831925461375,0.0,0.0,0.0,0.0,0.0,11.050171687870789,False
aspartate,156,True,0.37333478618967464,34.672252605302795,1.8643241684136216e-14,21.026031967013466,-98.74929598956813,156.0,-15.0,3.8195002539956353,0.0,0.0,0.0,0.0,0.0,11.133081602063253,False
aspartate,160,True,0.36533018099692854,34.73288183760763,5.225608065908882e-15,20.079075878526726,-102.42233852838596,160.0,-15.0,4.005617315445146,0.0,0.0,0.0,0.0,0.0,11.215991516255738,False
aspartate,164,True,0.35732557580418106,34.79351106991244,2.0320445886414633e-14,19.132119790040463,-106.09538106720183,164.0,-15.0,4.1917343768946305,0.0,0.0,0.0,0.0,0.0,11.29890143044821,False
aspartate,168,True,0.3493209706114368,34.85414030221728,1.69660374818578e-14,18.18516370155387,-109.76842360601907,168.0,-15.0,4.377851438344124,0.0,0.0,0.0,0.0,0.0,11.38181134464068,False
aspartate,172,True,0.34131636541868987,34.91476953452212,1.0257220672744132e-14,17.238207613067683,-113.44146614483478,172.0,-15.0,4.563968499793657,0.0,0.0,0.0,0.0,0.0,11.464721258833155,False
aspartate,176,True,0.3333117602259438,34.975398766826935,1.3611629077300966e-14,16.291251524580954,-117.11450868365255,176.0,-15.0,4.750085561243129,0.0,0.0,0.0,0.0,0.0,11.547631173025628,False
aspartate,180,True,0.32530715503319696,35.03602799913177,1.8643241684136216e-14,15.344295436094706,-120.78755122246842,180.0,-15.0,4.93620262269263,0.0,0.0,0.0,0.0,0.0,11.630541087218127,False
aspartate,184,True,0.3173025498404518,35.096657231436616,1.3611629077300966e-14,14.397339347608282,-124.46059376128505,184.0,-15.0,5.1223196841421625,0.0,0.0,0.0,0.0,0.0,11.713451001410577,False
aspartate,188,True,0.30929794464770627,35.15728646374145,6.902812268187298e-15,13.450383259121885,-128.13363630010159,188.0,-15.0,5.308436745591669,0.0,0.0,0.0,0.0,0.0,11.796360915603035,False
aspartate,192,True,0.301293339454959,35.21791569604627,1.1934424875022549e-14,12.503427170635351,-131.80667883891854,192.0,-15.0,5.494553807041153,0.0,0.0,0.0,0.0,0.0,11.879270829795535,False
aspartate,196,True,0.293288734262213,35.2785449283511,1.8643241684136216e-14,11.55647108214909,-135.4797213777344,196.0,-15.0,5.680670868490654,0.0,0.0,0.0,0.0,0.0,11.962180743988004,False
aspartate,200,True,0.2852841290694665,35.33917416065593,1.3611629077300966e-14,10.609514993662694,-139.15276391655092,200.0,-15.0,5.866787929940165,0.0,0.0,0.0,0.0,0.0,12.04509065818048,False
aspartate,204,True,0.2772795238767206,35.399803392960756,1.69660374818578e-14,9.66255890517596,-142.82580645536873,204.0,-15.0,6.052904991389647,0.0,0.0,0.0,0.0,0.0,12.128000572372947,False
aspartate,208,True,0.2692749186839727,35.460432625265575,1.3611629077300966e-14,8.715602816689584,-146.4988489941851,208.0,-15.0,6.23902205283914,0.0,0.0,0.0,0.0,0.0,12.210910486565433,False
aspartate,212,True,0.2612703134912272,35.521061857570416,1.69660374818578e-14,7.7686467282033425,-150.1718915330009,212.0,-15.0,6.42513911428865,0.0,0.0,0.0,0.0,0.0,12.293820400757903,False
aspartate,216,True,0.2532657082984807,35.581691089875235,3.548403863630465e-15,6.821690639716775,-153.8449340718181,216.0,-15.0,6.611256175738143,0.0,0.0,0.0,0.0,0.0,12.376730314950374,False
aspartate,220,True,0.24526110310573584,35.64232032218008,1.1934424875022549e-14,5.8747345512303735,-157.5179766106346,220.0,-15.0,6.797373237187657,0.0,0.0,0.0,0.0,0.0,12.459640229142842,False
aspartate,224,True,0.23725649791298925,35.7029495544849,1.8643241684136216e-14,4.927778462743801,-161.19101914945182,224.0,-15.0,6.983490298637143,0.0,0.0,0.0,0.0,0.0,12.542550143335326,False
aspartate,228,True,0.22925189272024318,35.76357878678973,1.3611629077300966e-14,3.980822374257243,-164.86406168826886,228.0,-15.0,7.169607360086635,0.0,0.0,0.0,0.0,0.0,12.625460057527786,False
aspartate,232,True,0.22124728752749592,35.82420801909459,-2.328686337282421e-14,3.03386628577173,-168.53710422708184,232.0,-15.0,7.355724421536212,0.0,0.0,0.0,0.0,0.0,12.70836997172027,False
aspartate,236,True,0.21324268233475302,35.884837251399375,3.876969211147722e-14,2.086910197283638,-172.2101467659051,236.0,-15.0,7.541841482985611,0.0,0.0,0.0,0.0,0.0,12.791279885912706,False
aspartate,240,True,0.20523807714200337,35.945466483704216,-5.012213060927888e-14,1.139954108798207,-175.8831893047176,240.0,-15.0,7.727958544435151,0.0,0.0,0.0,0.0,0.0,12.874189800105228,False
aspartate,244,True,0.19723347194925772,36.00609571600906,-1.6578046563710542e-14,0.19299802031166513,-179.5562318435347,244.0,-15.0,7.914075605884666,0.0,0.0,0.0,0.0,0.0,12.957099714297703,False
aspartate,248,True,0.18922886675654702,36.066724948313635,-4.1736109597886794e-14,-0.7539580681878949,-183.22927438240436,248.0,-15.0,8.100192667333369,0.0,0.0,0.0,0.0,0.0,13.040009628489798,False
aspartate,252,True,0.1812242615637736,36.12735418061863,-2.328686337282421e-14,-1.7009141566649513,-186.90231692118297,252.0,-15.0,8.286309728783431,0.0,0.0,0.0,0.0,0.0,13.122919542682533,False
aspartate,256,True,0.173219656371029,36.18798341292347,-2.1609659170545793e-14,-2.6478702451517626,-190.57535946000112,256.0,-15.0,8.472426790232912,0.0,0.0,0.0,0.0,0.0,13.205829456874994,False
aspartate,260,True,0.16521505117828406,36.24861264522828,-1.3223638159153706e-14,-3.59482633363867,-194.2484019988197,260.0,-15.0,8.658543851682367,0.0,0.0,0.0,0.0,0.0,13.288739371067475,False
aspartate,264,True,0.1572104459855358,36.30924187753313,-8.192025552318455e-15,-4.5417824221238,-197.92144453763106,264.0,-15.0,8.844660913131948,0.0,0.0,0.0,0.0,0.0,13.371649285259947,False
aspartate,268,True,0.14920584079278965,36.369871109837945,-6.514821350040037e-15,-5.488738510610917,-201.5944870764505,268.0,-15.0,9.030777974581405,0.0,0.0,0.0,0.0,0.0,13.454559199452405,False
aspartate,272,True,0.14120123560004416,36.43050034214278,-1.1546433956875289e-14,-6.435694599097362,-205.2675296152671,272.0,-15.0,9.216895036030909,0.0,0.0,0.0,0.0,0.0,13.537469113644898,False
aspartate,276,True,0.13319663040729876,36.49112957444762,-8.192025552318455e-15,-7.382650687584389,-208.940572154086,276.0,-15.0,9.403012097480385,0.0,0.0,0.0,0.0,0.0,13.620379027837346,False
aspartate,280,True,0.12519202521455114,36.55175880675244,-2.6641271777381044e-14,-8.32960677606959,-212.61361469289784,280.0,-15.0,9.589129158929934,0.0,0.0,0.0,0.0,0.0,13.70328894202985,False
aspartate,284,True,0.11718742002180423,36.61238803905727,-1.825525076598896e-14,-9.276562864556425,-216.2866572317159,284.0,-15.0,9.775246220379435,0.0,0.0,0.0,0.0,0.0,13.786198856222324,False
aspartate,288,True,0.1091828148290605,36.67301727136211,-1.4900842361432125e-14,-10.223518953043257,-219.9596997705343,288.0,-15.0,9.9613632818289,0.0,0.0,0.0,0.0,0.0,13.869108770414778,False
aspartate,292,True,0.10117820963631359,36.733646503666954,-3.335008858649471e-14,-11.170475041529373,-223.63274230934948,292.0,-15.0,10.147480343278431,0.0,0.0,0.0,0.0,0.0,13.952018684607275,False
aspartate,296,True,0.09317360444356763,36.79427573597178,-2.9995680181937875e-14,-12.117431130015774,-227.30578484816604,296.0,-15.0,10.333597404727927,0.0,0.0,0.0,0.0,0.0,14.034928598799745,False
aspartate,300,True,0.0851689992508207,36.85490496827661,-3.335008858649471e-14,-13.06438721850216,-230.9788273869824,300.0,-15.0,10.519714466177438,0.0,0.0,0.0,0.0,0.0,14.117838512992218,False
glucose,0,True,0.7502789322950545,34.31716685780608,-5.8765712355954035e-18,55.02814588142152,66.79890110856452,0.0,0.0,2.555078385032089,0.0,0.0,0.0,0.0,0.0,-7.771221740376736,False
glucose,4,True,0.7422235432858038,34.378180741681774,-8.064395522123709e-18,54.0815263207561,62.94063504559903,4.0,0.0,2.742376233599451,0.0,0.0,0.0,0.0,0.0,-7.6877858187467085,False
glucose,8,True,0.7341681542770898,34.43919462551839,-1.02522198088888e-17,53.13490676007084,59.08236898255751,8.0,0.0,2.9296740821559863,0.0,0.0,0.0,0.0,0.0,-7.604349897120079,False
glucose,12,True,0.7261127652681202,34.500208509367134,-4.8581981070641716e-15,52.18828719939035,55.2241029195355,12.0,0.0,3.1169719307152968,0.0,0.0,0.0,0.0,0.0,-7.520913975494886,False
glucose,16,True,0.7180573762588394,34.56122239314229,-1.4627868381768304e-17,51.24166763867508,51.36583685636995,16.0,0.0,3.3042697792839184,0.0,0.0,0.0,0.0,0.0,-7.437478053863949,False
glucose,20,True,0.7100019872498828,34.62223627699866,-1.6815692668320885e-17,50.29504807799945,47.50757079336605,20.0,0.0,3.491567627844679,0.0,0.0,0.0,0.0,0.0,-7.354042132236637,False
glucose,24,True,0.7019465982409263,34.683250160854904,-1.900351695487619e-17,49.348428517323775,43.6493047303619,24.0,0.0,3.6788654764054503,0.0,0.0,0.0,0.0,0.0,-7.270606210609323,False
glucose,28,True,0.6938912092319729,34.744264044811416,-2.9750498155348707e-15,48.40180895669825,39.79103866755854,28.0,0.0,3.866163324966057,0.0,0.0,0.0,0.0,0.0,-7.187170288981898,False
glucose,32,True,0.6858358202224873,34.80527792844047,-2.3379165528139208e-17,47.45518939591044,35.93277260410113,32.0,0.0,4.0534611735391755,0.0,0.0,0.0,0.0,0.0,-7.103734367349056,False
glucose,36,True,0.6777804312143328,34.86629181249313,-8.198891275892015e-16,46.50856983533045,32.07450654148718,36.0,0.0,4.240759022081029,0.0,0.0,0.0,0.0,0.0,-7.020298445730372,False
glucose,40,True,0.669725042205357,34.92730569634845,-1.320725089146513e-15,45.56195027465434,28.21624047848116,40.0,0.0,4.428056870642235,0.0,0.0,0.0,0.0,0.0,-6.936862524102839,False
glucose,44,True,0.6616696531964148,34.98831958020227,1.826608818685436e-16,44.61533071397772,24.357974415473183,44.0,0.0,4.615354719203038,0.0,0.0,0.0,0.0,0.0,-6.853426602475133,False
glucose,48,True,0.6536142641874166,35.04933346405704,-5.367436893241454e-16,43.6687111533009,20.499708352464467,48.0,0.0,4.802652567764102,0.0,0.0,0.0,0.0,0.0,-6.769990680848326,False
glucose,52,True,0.6455588751784525,35.110347347911336,1.3028205897143125e-15,42.72209159262422,16.641442289456293,52.0,0.0,4.9899504163250405,0.0,0.0,0.0,0.0,0.0,-6.6865547592209325,False
glucose,56,True,0.6375034861695267,35.17136123176386,-8.7989879632021e-17,41.77547203194689,12.78317622644564,56.0,0.0,5.177248264885525,0.0,0.0,0.0,0.0,0.0,-6.603118837593284,False
glucose,60,True,0.6294480971605555,35.23237511561696,-3.8693935533668945e-17,40.82885247126936,8.92491016343446,60.0,0.0,5.364546113446103,0.0,0.0,0.0,0.0,0.0,-6.519682915966477,False
glucose,64,True,0.6213927081515586,35.293388999477195,-3.4574870004949415e-16,39.88223291059624,5.066644100439526,64.0,0.0,5.551843962008647,0.0,0.0,0.0,0.0,0.0,-6.436246994337617,False
glucose,68,True,0.6133373191426291,35.35440288332826,1.2573988362610262e-17,38.935613349917865,1.2083780374248838,68.0,0.0,5.739141810568759,0.0,0.0,0.0,0.0,0.0,-6.352811072710587,False
glucose,72,True,0.6052819301336626,35.41541676718239,-1.05748785528073e-16,37.98899378924113,0.0,72.0,0.0,5.926439659129625,0.0,0.0,0.0,0.0,0.0,-6.2693751510833415,False
glucose,76,True,0.5972265411247046,35.47643065103615,-4.7445232680009314e-17,37.042374228564185,-0.3944165809021836,76.0,0.0,6.113737507690465,0.0,0.0,0.0,0.0,0.0,-6.185939229456027,False
glucose,80,True,0.5891711521157268,35.53744453489094,2.333552833058308e-16,36.09575466788763,-4.065384795348747,80.0,0.0,6.301035356251489,0.0,0.0,0.0,0.0,0.0,-6.102503307828692,False
glucose,84,True,0.581115763106769,35.5984584187453,3.848319885469736e-16,35.14913510721116,-7.736353009795218,84.0,0.0,6.488333204812444,0.0,0.0,0.0,0.0,0.0,-6.019067386201131,False
glucose,88,True,0.5730603740977975,35.65947230259949,2.5636529591336048e-17,34.202515546534286,-11.407321224243196,88.0,0.0,6.67563105337335,0.0,0.0,0.0,0.0,0.0,-5.935631464573913,False
glucose,92,True,0.5650049850888083,35.720486186457165,2.1191187683098416e-16,33.25589598585958,-15.078289438682113,92.0,0.0,6.862928901935192,0.0,0.0,0.0,0.0,0.0,-5.85219554294583,False
glucose,96,True,0.5569495960798825,35.781500070305,-5.838435411260553e-17,32.30927642517908,-18.749257653145342,96.0,0.0,7.0502267504943825,0.0,0.0,0.0,0.0,0.0,-5.7687596213199575,False
glucose,100,True,0.5488942070709057,35.84251395416294,1.1836500992555265e-15,31.36265686450477,-22.420225867582804,100.0,0.0,7.237524599056316,0.0,0.0,0.0,0.0,0.0,-5.685323699691481,False
glucose,104,True,0.5408388180619134,35.903527838020196,-4.0553955832984653e-16,30.416037303829697,-26.091194082023165,104.0,0.0,7.424822447618039,0.0,0.0,0.0,0.0,0.0,-5.601887778063611,False
glucose,108,True,0.5327834290529687,35.9645417218714,-6.494782697233827e-17,29.469417743151215,-29.76216229647809,108.0,0.0,7.612120296178154,0.0,0.0,0.0,0.0,0.0,-5.518451856436938,False
glucose,112,True,0.524728040044013,36.0255556057248,2.7412848818688763e-15,28.522798182474045,-33.43313051092733,112.0,0.0,7.799418144738857,0.0,0.0,0.0,0.0,0.0,-5.435015934809668,False
glucose,116,True,0.5166726510350463,36.08656948957961,-1.9321988633870756e-15,27.576178621797798,-37.10409872537285,116.0,0.0,7.986715993299923,0.0,0.0,0.0,0.0,0.0,-5.351580013182112,False
glucose,120,True,0.5086172620260707,36.14758337343561,-2.9206461584430155e-15,26.629559061122116,-40.77506693981574,120.0,0.0,8.174013841861312,0.0,0.0,0.0,0.0,0.0,-5.268144091554349,False
glucose,124,True,0.5005618730170854,36.20859725729218,-1.2821591763443472e-15,25.682939500446672,-44.44603515425775,124.0,0.0,8.36131169042287,0.0,0.0,0.0,0.0,0.0,-5.184708169926537,False
glucose,128,True,0.4925064840081251,36.26961114114462,-3.8201577894026493e-16,24.736319939768833,-48.11700336870991,128.0,0.0,8.54860953898329,0.0,0.0,0.0,0.0,0.0,-5.101272248299753,False
glucose,132,True,0.4844510949991861,36.33062502499789,2.656378969096793e-15,23.78970037909181,-51.78797158315873,132.0,0.0,8.735907387543996,0.0,0.0,0.0,0.0,0.0,-5.017836326672122,False
glucose,136,True,0.47639570599023595,36.39163890884924,2.7886800790975808e-15,22.843080818413394,-55.458939797613354,136.0,0.0,8.923205236104122,0.0,0.0,0.0,0.0,0.0,-4.9344004050455235,False
glucose,140,True,0.46834031698122447,36.452652792709635,1.6641478852159935e-15,21.896461257740174,-59.12990801204579,140.0,0.0,9.110503084666686,0.0,0.0,0.0,0.0,0.0,-4.850964483416906,False
glucose,144,True,0.4602849279722756,36.513666676560504,-1.8408446193049845e-15,20.949841697061448,-62.80087622650162,144.0,0.0,9.29780093322669,0.0,0.0,0.0,0.0,0.0,-4.767528561790463,False
glucose,148,True,0.4522295389632941,36.574680560418344,-2.7301574164105246e-15,20.003222136386928,-66.47184444093983,148.0,0.0,9.485098781788594,0.0,0.0,0.0,0.0,0.0,-4.684092640162095,False
glucose,152,True,0.4441741499543767,36.63569444426786,-2.6272009641397215e-15,19.056602575707707,-70.1428126553979,152.0,0.0,9.672396630348267,0.0,0.0,0.0,0.0,0.0,-4.6006567185354195,False
glucose,156,True,0.43611876094536406,36.696708328127094,-1.268027387901439e-15,18.109983015033695,-73.81378086983375,156.0,0.0,9.85969447891051,0.0,0.0,0.0,0.0,0.0,-4.517220796907271,False
glucose,160,True,0.4280633719364177,36.75772221197958,-9.338954269757504e-17,17.163363454356073,-77.484749084285,160.0,0.0,10.046992327470974,0.0,0.0,0.0,0.0,0.0,-4.433784875280141,False
glucose,164,True,0.42000798292743374,36.81873609583577,5.668441240338557e-15,16.216743893680423,-81.15571729872788,164.0,0.0,10.234290176032413,0.0,0.0,0.0,0.0,0.0,-4.35034895365247,False
glucose,168,True,0.41195259391848654,36.87974997968811,-5.0304021732238145e-15,15.270124333002732,-84.82668551317944,168.0,0.0,10.421588024592815,0.0,0.0,0.0,0.0,0.0,-4.266913032025438,False
glucose,172,True,0.4038972049095205,36.9407638635425,4.294267471031787e-15,14.323504772326125,-88.49765372762637,172.0,0.0,10.608885873153778,0.0,0.0,0.0,0.0,0.0,-4.183477110398032,False
glucose,176,True,0.3958418159005535,37.00177774739841,-4.053306244642454e-15,13.376885211650556,-92.16862194206908,176.0,0.0,10.796183721715176,0.0,0.0,0.0,0.0,0.0,-4.100041188770088,False
glucose,180,True,0.3877864268915887,37.062791631252864,-2.7160256279676163e-15,12.43026565097399,-95.83959015651584,180.0,0.0,10.98348157027614,0.0,0.0,0.0,0.0,0.0,-4.016605267142674,False
glucose,184,True,0.37973103788262413,37.123805515107136,-4.822695232303764e-16,11.4836460902973,-99.51055837096311,184.0,0.0,11.170779418837077,0.0,0.0,0.0,0.0,0.0,-3.9331693455152754,False
glucose,188,True,0.37167564887365756,37.184819398961594,4.624586735219242e-15,10.537026529620759,-103.18152658540983,188.0,0.0,11.358077267398052,0.0,0.0,0.0,0.0,0.0,-3.8497334238878604,False
glucose,192,True,0.3636202598646928,37.24583328281596,2.6405294541504994e-15,9.59040696894412,-106.85249479985688,192.0,0.0,11.545375115959022,0.0,0.0,0.0,0.0,0.0,-3.766297502260441,False
glucose,196,True,0.3555648708557277,37.30684716667034,-1.9590930589630792e-16,8.643787408267492,-110.52346301430381,196.0,0.0,11.732672964519976,0.0,0.0,0.0,0.0,0.0,-3.682861580633033,False
glucose,200,True,0.3475094818467624,37.367861050524624,-5.097160749761768e-15,7.697167847590843,-114.19443122875103,200.0,0.0,11.919970813080916,0.0,0.0,0.0,0.0,0.0,-3.5994256590056546,False
glucose,204,True,0.33945409283779737,37.428874934378946,-8.337743244755438e-15,6.750548286914197,-117.86539944319809,204.0,0.0,12.107268661641857,0.0,0.0,0.0,0.0,0.0,-3.5159897373782365,False
glucose,208,True,0.3313987038288324,37.48988881823337,-1.0770038269855383e-14,5.8039287262376025,-121.53636765764489,208.0,0.0,12.294566510202827,0.0,0.0,0.0,0.0,0.0,-3.432553815750823,False
glucose,212,True,0.32334331481986617,37.550902702087775,9.4592145647777e-15,4.8573091655610146,-125.20733587209185,212.0,0.0,12.481864358763797,0.0,0.0,0.0,0.0,0.0,-3.349117894123413,False
glucose,216,True,0.31528792581090304,37.61191658594203,4.557963120912241e-15,3.91068960488433,-128.87830408653906,216.0,0.0,12.669162207324726,0.0,0.0,0.0,0.0,0.0,-3.2656819724960244,False
glucose,220,True,0.3072325368019368,37.672930469796455,5.4911000026402145e-15,2.964070044207698,-132.54927230098596,220.0,0.0,12.856460055885693,0.0,0.0,0.0,0.0,0.0,-3.1822460508686135,False
glucose,224,True,0.2991771477929681,37.733944353649456,-2.356946863997749e-17,2.0174504835301343,-136.22024051543687,224.0,0.0,13.043757904446247,0.0,0.0,0.0,0.0,0.0,-3.098810129241748,False
glucose,228,True,0.29112175878404944,37.7949582374995,-2.575729292647649e-17,1.0708309228511335,-139.89120872989403,228.0,0.0,13.231055753006126,0.0,0.0,0.0,0.0,0.0,-3.015374207614851,False
glucose,232,True,0.2830663697750771,37.85597212135467,-2.79451172130607e-17,0.12421136217502052,-143.56217694433892,232.0,0.0,13.418353601567253,0.0,0.0,0.0,0.0,0.0,-2.9319382859873335,False
glucose,236,True,0.2750109807661147,37.916986005203526,-3.0132941499617046e-17,-0.8224081985043495,-147.23314515879696,236.0,0.0,13.60565145012814,0.0,0.0,0.0,0.0,0.0,-2.848502364359968,False
glucose,240,True,0.2669555917571496,37.97799988905787,-3.232076578616476e-17,-1.76902775918099,-150.904113373244,240.0,0.0,13.792949298689097,0.0,0.0,0.0,0.0,0.0,-2.7650664427325777,False
glucose,244,True,0.2589002027481839,38.03901377291251,-3.45085900727048e-17,-2.715647319857489,-154.57508158769053,244.0,0.0,13.980247147250092,0.0,0.0,0.0,0.0,0.0,-2.6816305211051374,False
glucose,248,True,0.2508448137392191,38.10002765676667,-3.669641435926442e-17,-3.662266880534196,-158.24604980213786,248.0,0.0,14.167544995811022,0.0,0.0,0.0,0.0,0.0,-2.5981945994777313,False
glucose,252,True,0.24278942473025322,38.161041540621085,-3.8884238645824136e-17,-4.6088864412107835,-161.91701801658473,252.0,0.0,14.354842844371971,0.0,0.0,0.0,0.0,0.0,-2.5147586778503324,False
glucose,256,True,0.23473403572129015,38.22205542447495,-4.1072062932352154e-17,-5.555506001887687,-165.58798623103291,256.0,0.0,14.5421406929329,0.0,0.0,0.0,0.0,0.0,-2.431322756222956,False
glucose,260,True,0.22667864671232665,38.2830693083286,-4.325988721890227e-17,-6.502125562564669,-169.25895444548135,260.0,0.0,14.729438541493792,0.0,0.0,0.0,0.0,0.0,-2.347886834595554,False
glucose,264,True,0.2186232577033583,38.34408319218378,-4.544771150547056e-17,-7.448745123240854,-172.92992265992655,264.0,0.0,14.916736390054814,0.0,0.0,0.0,0.0,0.0,-2.264450912968126,False
glucose,268,True,0.21056786869439395,38.405097076038025,-4.7635535791988e-17,-8.395364683917583,-176.60089087437402,268.0,0.0,15.104034238615776,0.0,0.0,0.0,0.0,0.0,-2.1810149913407084,False
glucose,272,True,0.20251247968542888,38.46611095989233,-4.9823360078548804e-17,-9.341984244594226,-180.2718590888211,272.0,0.0,15.29133208717672,0.0,0.0,0.0,0.0,0.0,-2.0975790697133085,False
glucose,276,True,0.19445709067646258,38.527124843746975,-5.2011184365108217e-17,-10.288603805270686,-183.9428273032674,276.0,0.0,15.478629935737697,0.0,0.0,0.0,0.0,0.0,-2.0141431480859007,False
glucose,280,True,0.1864017016675003,38.588138727600615,-1.786377330443452e-18,-11.235223365947709,-187.61379551771606,280.0,0.0,15.665927784298603,0.0,0.0,0.0,0.0,0.0,-1.9307072264585088,False
glucose,284,True,0.17834631265853426,38.64915261145501,-3.974201616992345e-18,-12.181842926624304,-191.28476373216296,284.0,0.0,15.853225632859555,0.0,0.0,0.0,0.0,0.0,-1.8472713048311065,False
glucose,288,True,0.170290923649569,38.71016649530943,-6.162025903562407e-18,-13.128462487300876,-194.95573194660972,288.0,0.0,16.040523481420514,0.0,0.0,0.0,0.0,0.0,-1.763835383203687,False
glucose,292,True,0.16223553464060408,38.7711803791637,-8.349850190111998e-18,-14.075082047977546,-198.6267001610569,292.0,0.0,16.227821329981467,0.0,0.0,0.0,0.0,0.0,-1.6803994615762667,False
glucose,296,True,0.1541801456316399,38.83219426301786,-1.0537674476671149e-17,-15.021701608654261,-202.2976683755043,296.0,0.0,16.415119178542405,0.0,0.0,0.0,0.0,0.0,-1.5969635399488886,False
glucose,300,True,0.14612475662267688,38.8932081468716,-1.2725498763200887e-17,-15.968321169331233,-205.9686365899527,300.0,0.0,16.602417027103314,0.0,0.0,0.0,0.0,0.0,-1.5135276183214996,False
glutamate,0,True,0.7095282042850335,27.62582484850143,-1.4213235050796842e-15,54.79818768343863,41.51590696758659,0.0,12.0,0.5025836731159603,0.0,0.0,0.0,0.0,0.0,4.650865205978923,False
glutamate,4,True,0.7015235990922799,27.6864540808067,-3.0985277073581008e-15,53.85123159495263,37.65674736732074,4.0,12.0,0.6887007345654854,0.0,0.0,0.0,0.0,0.0,4.733775120171243,False
glutamate,8,True,0.6935189938995336,27.747083313110178,-1.4213235050796842e-15,52.90427550646432,33.79758776705253,8.0,12.0,0.8748177960151095,0.0,0.0,0.0,0.0,0.0,4.816685034363852,False
glutamate,12,True,0.6855143887067887,27.80771254541521,5.287493304033984e-15,51.95731941797817,29.938428166786732,12.0,12.0,1.0609348574645938,0.0,0.0,0.0,0.0,0.0,4.899594948556338,False
glutamate,16,True,0.6775097835140352,27.86834177772022,3.610289101755567e-15,51.01036332949199,26.07926856652111,16.0,12.0,1.24705191891406,0.0,0.0,0.0,0.0,0.0,4.9825048627485975,False
glutamate,20,True,0.6695051783213021,27.92897101002473,5.287493304033984e-15,50.06340724100529,22.22010896625472,20.0,12.0,1.4331689803636234,0.0,0.0,0.0,0.0,0.0,5.065414776941415,False
glutamate,24,True,0.6615005731285503,27.98960024232703,2.5588069719873284e-16,49.1164511525151,18.360949365983956,24.0,12.0,1.6192860418133224,0.0,0.0,0.0,0.0,0.0,5.148324691133999,False
glutamate,28,True,0.6534959679358162,28.05022947463597,1.9330848994771502e-15,48.169495064034855,14.501789765725803,28.0,12.0,1.8054031032624376,0.0,0.0,0.0,0.0,0.0,5.231234605326276,False
glutamate,32,True,0.645491362743062,28.110858706943706,-1.4213235050796842e-15,47.222538975552496,10.64263016546473,32.0,12.0,1.991520164711673,0.0,0.0,0.0,0.0,0.0,5.314144519518254,False
glutamate,36,True,0.6374867575503238,28.171487939245512,-3.0985277073581008e-15,46.27558288706189,6.7834705651936265,36.0,12.0,2.177637226161414,0.0,0.0,0.0,0.0,0.0,5.397054433711233,False
glutamate,40,True,0.629421573334438,28.18716788668207,-3.0985277073581008e-15,45.321460214661,2.834560591694337,40.0,12.0,2.319754697317356,0.0,0.0,1.800103756524054e-11,0.0,0.0,5.541135982822058,False
glutamate,44,True,0.6213320149418271,28.184762335915018,-1.4213235050796842e-15,44.36445404276495,0.0,44.0,12.0,2.444168783119975,0.0,0.0,1.7489545114190453e-11,0.0,0.0,5.709830148067345,False
glutamate,48,True,0.6132424565492368,28.182356785147867,-1.4213235050796842e-15,43.40744787087062,-2.566899224458051,48.0,12.0,2.568582868922333,0.0,0.0,-4.864298835727779e-12,0.0,0.0,5.878524313319743,False
glutamate,52,True,0.6051528981566304,28.17995123438081,-8.130140314193352e-15,42.45044169897478,-6.4275064811928155,52.0,12.0,2.6929969547249235,0.0,0.0,-7.930776359130679e-12,0.0,0.0,6.047218478565855,False
glutamate,56,True,0.5970633397640179,28.177545683613747,-1.4213235050796842e-15,41.493435527078695,-10.288113737927574,56.0,12.0,2.817411040527545,0.0,0.0,-8.029285566186903e-12,0.0,0.0,6.21591264381097,False
glutamate,60,True,0.588973781371381,28.17514013284679,1.1996310113147652e-14,40.53642935518064,-14.148720994662224,60.0,12.0,2.941825126330456,0.0,0.0,1.6403093296417305e-11,0.0,0.0,6.384606809048157,False
glutamate,64,True,0.5808842229787697,28.172734582079737,5.287493304033984e-15,39.57942318328454,-18.009328251397047,64.0,12.0,3.066239212133081,0.0,0.0,1.6383111147653108e-11,0.0,0.0,6.553300974293296,False
glutamate,68,True,0.5727946645861586,28.170329031312676,5.287493304033984e-15,38.622417011388464,-21.86993550813187,68.0,12.0,3.190653297935703,0.0,0.0,1.6078085424201376e-11,0.0,0.0,6.721995139538514,False
glutamate,72,True,0.5647051061935475,28.167923480545618,5.287493304033984e-15,37.66541083949238,-25.7305427648666,72.0,12.0,3.3150673837383247,0.0,0.0,1.5949147119710547e-11,0.0,0.0,6.890689304783672,False
glutamate,76,True,0.5566155478009404,28.165517929778556,5.287493304033984e-15,36.708404667597165,-29.591150021601635,76.0,12.0,3.4394814695408,0.0,0.0,4.228968840648514e-12,0.0,0.0,7.059383470032449,False
glutamate,80,True,0.5485259894083291,28.16311237901151,5.287493304033984e-15,35.75139849570109,-33.451757278336466,80.0,12.0,3.563895555343421,0.0,0.0,3.838934374159869e-12,0.0,0.0,7.228077635277725,False
glutamate,84,True,0.5404364310157173,28.16070682824445,5.287493304033984e-15,34.794392323804956,-37.31236453507118,84.0,12.0,3.68830964114605,0.0,0.0,4.4466581367006706e-12,0.0,0.0,7.396771800522656,False
glutamate,88,True,0.5323468726231063,28.15830127747738,5.287493304033984e-15,33.83738615190891,-41.172971791806056,88.0,12.0,3.812723726948668,0.0,0.0,3.696083853791812e-12,0.0,0.0,7.565465965768011,False
glutamate,92,True,0.5242573142304952,28.155895726710337,5.287493304033984e-15,32.880379980012805,-45.03357904854082,92.0,12.0,3.937137812751293,0.0,0.0,3.758815402453055e-12,0.0,0.0,7.734160131013126,False
glutamate,96,True,0.5161677558378837,28.153490175943276,5.287493304033984e-15,31.923373808116708,-48.89418630527558,96.0,12.0,4.061551898553917,0.0,0.0,3.821546951114298e-12,0.0,0.0,7.90285429625823,False
glutamate,100,True,0.5080781974452724,28.151084625176228,5.287493304033984e-15,30.966367636220603,-52.75479356201037,100.0,12.0,4.1859659843565415,0.0,0.0,3.884278499775541e-12,0.0,0.0,8.07154846150333,False
glutamate,104,True,0.4999886390526614,28.148679074409156,5.287493304033984e-15,30.009361464324552,-56.61540081874525,104.0,12.0,4.310380070159159,0.0,0.0,3.1253392383682065e-12,0.0,0.0,8.240242626748687,False
glutamate,108,True,0.4918990806600496,28.146273523642108,5.287493304033984e-15,29.052355292428427,-60.476008075479996,108.0,12.0,4.434794155961788,0.0,0.0,3.5569755819481385e-12,0.0,0.0,8.408936791993671,False
glutamate,112,True,0.4838095222674388,28.143867972875046,-8.130140314193352e-15,28.095349120532376,-64.33661533221478,112.0,12.0,4.559208241764404,0.0,0.0,2.8818975407720032e-12,0.0,0.0,8.577630957239009,False
glutamate,116,True,0.47571996387482746,28.141462422108003,1.870512692226132e-14,27.13834294863628,-68.19722258894957,116.0,12.0,4.683622327567029,0.0,0.0,2.9446290894332463e-12,0.0,0.0,8.746325122484134,False
glutamate,120,True,0.4676304054822161,28.139056871340937,5.287493304033984e-15,26.181336776740213,-72.05782984568432,120.0,12.0,4.80803641336965,0.0,0.0,2.6384558431758e-12,0.0,0.0,8.915019287729343,False
glutamate,124,True,0.45954084708960496,28.136651320573886,5.287493304033984e-15,25.22433060484411,-75.91843710241909,124.0,12.0,4.932450499172274,0.0,0.0,2.701187391837043e-12,0.0,0.0,9.083713452974447,False
glutamate,128,True,0.4514512886969936,28.134245769806824,5.287493304033984e-15,24.267324432948016,-79.77904435915396,128.0,12.0,5.056864584974898,0.0,0.0,2.495605322807743e-12,0.0,0.0,9.252407618219642,False
glutamate,132,True,0.44336173030438236,28.131840219039777,5.287493304033984e-15,23.310318261051908,-83.63965161588875,132.0,12.0,5.181278670777522,0.0,0.0,2.558336871468986e-12,0.0,0.0,9.42110178346474,False
glutamate,136,True,0.435272171911771,28.12943466827272,5.287493304033984e-15,22.353312089155942,-87.50025887262363,136.0,12.0,5.305692756580135,0.0,0.0,7.539616072587591e-13,0.0,0.0,9.589795948710428,False
glutamate,140,True,0.4271826135191597,28.12702911750567,5.287493304033984e-15,21.396305917259852,-91.3608661293584,140.0,12.0,5.4301068423827585,0.0,0.0,6.855765159677992e-13,0.0,0.0,9.758490113955567,False
glutamate,144,True,0.41909305512654815,28.124623566738606,5.287493304033984e-15,20.439299745363744,-95.22147338609318,144.0,12.0,5.554520928185383,0.0,0.0,8.183737791331148e-13,0.0,0.0,9.927184279200644,False
glutamate,148,True,0.41100349673393743,28.122218015971555,5.287493304033984e-15,19.48229357346768,-99.082080642828,148.0,12.0,5.678935013988003,0.0,0.0,3.8108389292349567e-13,0.0,0.0,10.095878444445923,False
glutamate,152,True,0.402913938341326,28.119812465204497,5.287493304033984e-15,18.52528740157158,-102.9426878995628,152.0,12.0,5.803349099790627,0.0,0.0,3.2942875862948154e-13,0.0,0.0,10.264572609691056,False
glutamate,156,True,0.3948243799487053,28.11740691443743,5.287493304033984e-15,17.56828122967385,-106.80329515629717,156.0,12.0,5.927763185593491,0.0,0.0,2.1645134193299313e-11,0.0,0.0,10.433266774929455,False
glutamate,160,True,0.38673482155609457,28.115001363670384,1.367351431542607e-14,16.61127505777782,-110.66390241303193,160.0,12.0,6.052177271396107,0.0,0.0,2.0815849899631602e-11,0.0,0.0,10.60196094017485,False
glutamate,164,True,0.37864526316348435,28.112595812903326,-4.775731909636518e-15,15.654268885881855,-114.5245096697667,164.0,12.0,6.176591357198715,0.0,0.0,1.9248756016126387e-11,0.0,0.0,10.770655105420476,False
glutamate,168,True,0.37055570477087146,28.110190262136264,2.5588069719873284e-16,14.69726271398557,-118.3851169265015,168.0,12.0,6.3010054430013644,0.0,0.0,2.1555162479268066e-11,0.0,0.0,10.939349270664852,False
glutamate,172,True,0.3624661463782595,28.10778471136921,-4.775731909636518e-15,13.740256542089417,-122.24572418323628,172.0,12.0,6.425419528803993,0.0,0.0,2.220149736527536e-11,0.0,0.0,11.10804343590978,False
glutamate,176,True,0.35437658798567323,28.10537916060218,1.5350718517704486e-14,12.783250370196614,-126.10633143997158,176.0,12.0,6.549833614606184,0.0,0.0,-1.9244828677871867e-11,0.0,0.0,11.276737601168074,False
glutamate,180,True,0.34628702959304825,28.102973609835068,1.1996310113147652e-14,11.826244198298001,-129.96693869670582,180.0,12.0,6.674247700409161,0.0,0.0,1.3044274573804235e-11,0.0,0.0,11.44543176640306,False
glutamate,184,True,0.33819747120043664,28.10056805906801,3.610289101755567e-15,10.869238026401867,-133.82754595344062,184.0,12.0,6.79866178621179,0.0,0.0,1.3531950240847577e-11,0.0,0.0,11.614125931648038,False
glutamate,188,True,0.33010791280782487,28.098162508300955,-1.4213235050796842e-15,9.91223185450579,-137.6881532101754,188.0,12.0,6.9230758720144125,0.0,0.0,1.3281816318053419e-11,0.0,0.0,11.782820096893236,False
glutamate,192,True,0.3220183544152157,28.095756957534004,5.287493304033984e-15,8.955225682610921,-141.54876046691072,192.0,12.0,7.047489957816859,0.0,0.0,-4.588817197888132e-12,0.0,0.0,11.951514262143942,False
glutamate,196,True,0.3139287960226039,28.093351406766764,1.0319105910869235e-14,7.9982195107152885,-145.40936772364574,196.0,12.0,7.171904043619278,0.0,0.0,-1.2612999421997736e-11,0.0,0.0,12.120208427391452,False
glutamate,200,True,0.3058392376299926,28.090945855999706,2.5588069719873284e-16,7.041213338819315,-149.26997498038057,200.0,12.0,7.2963181294218975,0.0,0.0,-1.3216416968564263e-11,0.0,0.0,12.288902592636775,False
glutamate,204,True,0.2977496792373792,28.08854030523257,5.287493304033984e-15,6.084207166917684,-153.13058223711272,204.0,12.0,7.420732215225506,0.0,0.0,6.443072400731411e-11,0.0,0.0,12.457596757858083,False
glutamate,208,True,0.289660120844768,28.086134754465508,5.287493304033984e-15,5.127200995021612,-156.99118949384746,208.0,12.0,7.545146301028128,0.0,0.0,6.424780076154557e-11,0.0,0.0,12.626290923103218,False
glutamate,212,True,0.28157056245215906,28.08372920369849,5.287493304033984e-15,4.170194823125529,-160.8517967505822,212.0,12.0,7.6695603868307485,0.0,0.0,6.424932991323642e-11,0.0,0.0,12.79498508834833,False
glutamate,216,True,0.27348100405954784,28.081323652931413,5.287493304033984e-15,3.2131886512294376,-164.71240400731693,216.0,12.0,7.793974472633373,0.0,0.0,6.425085906492726e-11,0.0,0.0,12.963679253593439,False
glutamate,220,True,0.26539144566693545,28.07891810216436,5.287493304033984e-15,2.25618247933337,-168.57301126405167,220.0,12.0,7.918388558435993,0.0,0.0,6.406793581915873e-11,0.0,0.0,13.132373418838638,False
glutamate,224,True,0.25730188727432174,28.076512551397553,5.287493304033984e-15,1.2991763074427014,-172.43361852078934,224.0,12.0,8.042802644237737,0.0,0.0,-1.1447865907621302e-11,0.0,0.0,13.30106758410689,False
glutamate,228,True,0.24921232888171044,28.07410700063044,1.93308489947715e-15,0.3421701355456426,-176.29422577752362,228.0,12.0,8.1672167300405,0.0,0.0,1.6834057574603631e-12,0.0,0.0,13.469761749347983,False
glutamate,232,True,0.24112277048909872,28.071701449863365,-2.1547773932420688e-14,-0.6148360363507307,-180.1548330342582,232.0,12.0,8.29163081584315,0.0,0.0,5.382007588804463e-12,0.0,0.0,13.638455914591932,False
glutamate,236,True,0.233033212096488,28.069295899096318,5.287493304033984e-15,-1.571842208246756,-184.01544029099298,236.0,12.0,8.416044901645764,0.0,0.0,4.613372873626341e-12,0.0,0.0,13.80715007983734,False
glutamate,240,True,0.22494365370387723,28.066890348329256,-2.1547773932420688e-14,-2.5288483801428194,-187.87604754772786,240.0,12.0,8.540458987448384,0.0,0.0,3.878198072442109e-12,0.0,0.0,13.975844245082676,False
glutamate,244,True,0.21685409531126834,28.064484797562088,-2.657938653925594e-14,-3.4858545520408986,-191.73665480446172,244.0,12.0,8.66487307325137,0.0,0.0,3.187023157344481e-11,0.0,0.0,14.144538410319305,False
glutamate,248,True,0.20876453691865943,28.06207924679502,-1.1484548718750186e-14,-4.4428607239369615,-195.59726206119657,248.0,12.0,8.78928715905397,0.0,0.0,3.192005389930915e-11,0.0,0.0,14.313232575564392,False
glutamate,252,True,0.2006749785260494,28.059673696027865,-2.4902182336977522e-14,-5.399866895835095,-199.45786931793012,252.0,12.0,8.913701244856897,0.0,0.0,5.986892902720794e-11,0.0,0.0,14.481926740800878,False
glutamate,256,True,0.19258542013343932,28.05726814526081,-3.328820334836961e-14,-6.356873067731194,-203.3184765746649,256.0,12.0,9.038115330659512,0.0,0.0,5.978011527392264e-11,0.0,0.0,14.650620906046036,False
glutamate,260,True,0.1844958617408167,28.054862594493738,-2.657938653925594e-14,-7.313879239630047,-207.1790838313988,260.0,12.0,9.162529416462554,0.0,0.0,9.672834159292259e-11,0.0,0.0,14.819315071279656,False
glutamate,264,True,0.17640630334820662,28.052457043726676,-1.1484548718750186e-14,-8.270885411526157,-211.03969108813365,264.0,12.0,9.286943502265176,0.0,0.0,9.678006061560427e-11,0.0,0.0,14.988009236524773,False
glutamate,268,True,0.16831674495559068,28.05005149295962,-1.1484548718750186e-14,-9.227891583422645,-214.90029834486836,268.0,12.0,9.411357588067856,0.0,0.0,1.0204705950863224e-10,0.0,0.0,15.156703401768205,False
glutamate,272,True,0.16022718656298174,28.04764594219257,-2.3224978134699105e-14,-10.184897755318469,-218.76090560160318,272.0,12.0,9.53577167387044,0.0,0.0,9.851053319460108e-11,0.0,0.0,15.325397567014438,False
glutamate,276,True,0.15213762817038684,28.045240391425896,-1.3161752921028603e-14,-11.141903927204478,-222.62151285834224,276.0,12.0,9.6601857596716,0.0,0.0,-3.850830895614775e-11,0.0,0.0,15.494091732302069,False
glutamate,280,True,0.14404806977776988,28.04283484065872,-4.775731909636518e-15,-12.09891009910278,-226.48212011507607,280.0,12.0,9.784599845474506,0.0,0.0,-9.101810851655543e-12,0.0,0.0,15.662785897538022,False
glutamate,284,True,0.13595851138515674,28.040429289891648,-2.1547773932420688e-14,-13.055916270999473,-230.3427273718106,284.0,12.0,9.909013931277222,0.0,0.0,-1.1173863619053505e-12,0.0,0.0,15.83148006278067,False
glutamate,288,True,0.12786895299254505,28.03802373912459,-2.1547773932420688e-14,-14.012922442895604,-234.2033346285455,288.0,12.0,10.033428017079851,0.0,0.0,-8.188948485831534e-13,0.0,0.0,16.0001742280257,False
glutamate,292,True,0.11977939459948703,28.035618188357425,-2.1547773932420688e-14,-14.969928614844118,-238.06394188527267,292.0,12.0,10.157842102889287,0.0,0.0,6.56289163032096e-10,0.0,0.0,16.168868393060958,False
glutamate,296,True,0.11168983620687485,28.03321263759036,-2.1547773932420688e-14,-15.926934786740306,-241.92454914200752,296.0,12.0,10.282256188691923,0.0,0.0,6.572786411575637e-10,0.0,0.0,16.337562558305766,False
glutamate,300,True,0.1036002778157202,28.03080708682375,-2.1547773932420688e-14,-16.883940958463977,-245.7851563987674,300.0,12.0,10.406670274472136,0.0,0.0,-1.5047716861259106e-09,0.0,0.0,16.506256724241165,False
glycerol,0,True,0.7655604406342575,39.20142022236616,-1.7846973250689812e-15,57.42688030284107,76.53002416944607,0.0,0.0,7.199764242970291,0.0,0.0,0.0,0.0,0.0,-7.92950419336845,False
glycerol,4,True,0.7575558354415103,39.26204945467086,-3.900181837581961e-18,56.4799242143552,72.67086456918122,4.0,0.0,7.3858813044198355,0.0,0.0,0.0,0.0,0.0,-7.846594279174827,False
glycerol,8,True,0.7495512302487604,39.32267868697548,-6.0742133616463296e-18,55.53296812586831,68.81170496891379,8.0,0.0,7.571998365868216,0.0,0.0,0.0,0.0,0.0,-7.763684364983247,False
glycerol,12,True,0.7415036035185398,39.35138618723413,2.2935676089782634e-15,54.58092252879648,64.88880714959055,12.0,0.0,7.726868141945261,0.0,0.0,-3.755326059326313e-12,0.0,0.0,-7.637332056884996,False
glycerol,16,True,0.7334268087666762,39.35845118410548,4.827015743994492e-15,53.62542631361038,60.92269567820564,16.0,0.0,7.86055268037452,0.0,0.0,2.961713309619547e-12,0.0,0.0,-7.481526392190939,False
glycerol,20,True,0.7253500140139721,39.365516180977544,1.4672321929785938e-15,52.669930098323825,56.95658420682464,20.0,0.0,7.994237218817841,0.0,0.0,1.27280569909332e-09,0.0,0.0,-7.325720727901344,False
glycerol,24,True,0.7172732192621123,39.37258117784893,-1.9439430203094583e-15,51.71443388313681,52.9904727354404,24.0,0.0,8.127921757247144,0.0,0.0,1.2913846065662736e-09,0.0,0.0,-7.169915063211274,False
glycerol,28,True,0.7091964245102417,39.37964617472025,-6.890671037603262e-16,50.75893766794948,49.024361264055685,28.0,0.0,8.261606295676584,0.0,0.0,1.3143673277689175e-09,0.0,0.0,-7.014109398522309,False
glycerol,32,True,0.7011196297582981,39.38671117159163,-2.5314102129391733e-15,49.80344145275541,45.058249792670544,32.0,0.0,8.395290834107048,0.0,0.0,1.4212161618270102e-09,0.0,0.0,-6.858303733860153,False
glycerol,36,True,0.6930428350068342,39.393776168462566,-1.324277132068287e-15,48.84794523761549,41.0921383212844,36.0,0.0,8.528975372529828,0.0,0.0,8.493620687196431e-10,0.0,0.0,-6.702498068980535,False
glycerol,40,True,0.6849660402555282,39.400841165333304,1.363500034743127e-15,47.89244902249208,37.12602684989814,40.0,0.0,8.662659910950325,0.0,0.0,7.193892747899869e-11,0.0,0.0,-6.546692404034858,False
glycerol,44,True,0.6768892455036745,39.40790616220462,-3.2086521604662727e-16,46.936952807306575,33.15991537851345,44.0,0.0,8.796344449379498,0.0,0.0,7.206885186428423e-11,0.0,0.0,-6.390886739338573,False
glycerol,48,True,0.6688124507511812,39.41497115907655,-2.056699151597897e-15,45.98145659204764,29.19380390713108,48.0,0.0,8.930028987818945,0.0,0.0,9.931201688367106e-10,0.0,0.0,-6.235081074937577,False
glycerol,52,True,0.6607356559991259,39.42203615594806,2.544545246996846e-16,45.025960376838306,25.227692435747215,52.0,0.0,9.063713526251464,0.0,0.0,1.2924352533385658e-09,0.0,0.0,-6.079275410337153,False
glycerol,56,True,0.6526588612474525,39.4291011528192,8.571964164472303e-16,44.07046416167424,21.261580964361777,56.0,0.0,9.197398064677644,0.0,0.0,1.0233728849664424e-09,0.0,0.0,-5.923469745554637,False
glycerol,60,True,0.6445820664953883,39.436166149690706,-9.263803547822858e-16,43.11496794646382,17.295469492977972,60.0,0.0,9.33108260311031,0.0,0.0,1.3364425932220523e-09,0.0,0.0,-5.767664080958631,False
glycerol,64,True,0.63650527174352,39.44323114656203,3.22983810631304e-16,42.159471731276625,13.329358021593302,64.0,0.0,9.464767141539728,0.0,0.0,1.3577333968610163e-09,0.0,0.0,-5.611858416269136,False
glycerol,68,True,0.6284284769920145,39.45029614343295,-3.897086192000701e-17,41.20397551613048,9.363246550207078,68.0,0.0,9.598451679963423,0.0,0.0,8.640379717978933e-10,0.0,0.0,-5.45605275141428,False
glycerol,72,True,0.6203516822399984,39.4573611403045,-2.874425931890569e-16,40.248479300927656,5.397135078823187,72.0,0.0,9.732136218394997,0.0,0.0,1.0812919028374651e-09,0.0,0.0,-5.300247086787945,False
glycerol,76,True,0.6122748874879157,39.46442613717601,5.1547866586629545e-17,39.29298308571509,1.4310236074394398,76.0,0.0,9.865820756827969,0.0,0.0,1.4212363200081323e-09,0.0,0.0,-5.144441422200539,False
glycerol,80,True,0.604198092736052,39.471491134047334,-4.555177602466683e-17,38.33748687052847,0.0,80.0,0.0,9.9995052952573,0.0,0.0,1.4355719071055516e-09,0.0,0.0,-4.988635757508807,False
glycerol,84,True,0.5961212979851631,39.47855613091779,-4.77454140592731e-17,37.381990655456505,0.0,84.0,0.0,10.133189833670604,0.0,0.0,1.0220665623552444e-11,0.0,0.0,-4.832830092355782,False
glycerol,88,True,0.5880445032333025,39.48562112779145,-4.993905209409314e-17,36.426494440273,-0.2004364346142158,88.0,0.0,10.26687437209983,0.0,0.0,0.0,0.0,0.0,-4.677024427656091,False
glycerol,92,True,0.5799677084814527,39.49268612466097,3.70341478411468e-16,35.47099822508656,-4.032863367573379,92.0,0.0,10.40055891052888,0.0,0.0,0.0,0.0,0.0,-4.521218762959966,False
glycerol,96,True,0.571890913729594,39.49975112153424,-5.432632816379257e-17,34.51550200990209,-7.865290300524925,96.0,0.0,10.5342434489582,0.0,0.0,0.0,0.0,0.0,-4.365413098263445,False
glycerol,100,True,0.5638141189777424,39.50681611840504,-5.651996619864764e-17,33.560005794716346,-11.697717233481455,100.0,0.0,10.66792798738734,0.0,0.0,0.0,0.0,0.0,-4.209607433567168,False
glycerol,104,True,0.5557373242258942,39.513881115276,-5.871360423352866e-17,32.60450957953071,-15.530144166437443,104.0,0.0,10.80161252581649,0.0,0.0,0.0,0.0,0.0,-4.053801768870819,False
glycerol,108,True,0.5476605294740378,39.52094611214738,-3.089494742645133e-16,31.64901336434522,-19.36257109939305,108.0,0.0,10.935297064245693,0.0,0.0,0.0,0.0,0.0,-3.8979961041745197,False
glycerol,112,True,0.5395837347221853,39.528011109018756,-6.310088030323027e-17,30.693517149159792,-23.194998032348202,112.0,0.0,11.068981602674855,0.0,0.0,0.0,0.0,0.0,-3.7421904394781684,False
glycerol,116,True,0.531506939970332,39.535076105889985,-6.529451833807648e-17,29.738020933974248,-27.027424965303936,116.0,0.0,11.202666141104027,0.0,0.0,0.0,0.0,0.0,-3.5863847747818696,False
glycerol,120,True,0.5234301452184698,39.542141102762415,-6.748815637290448e-17,28.7825247187893,-30.859851898257354,120.0,0.0,11.336350679533284,0.0,0.0,0.0,0.0,0.0,-3.430579110085541,False
glycerol,124,True,0.5153533504666155,39.54920609963384,-6.968179440775504e-17,27.827028503603866,-34.692278831212626,124.0,0.0,11.470035217962469,0.0,0.0,0.0,0.0,0.0,-3.2747734453892106,False
glycerol,128,True,0.5072765557147638,39.5562710965046,-7.187543244260537e-17,26.871532288418084,-38.5247057641693,128.0,0.0,11.60371975639161,0.0,0.0,0.0,0.0,0.0,-3.1189677806929477,False
glycerol,132,True,0.49919976096288654,39.56333609338101,1.212835798177157e-15,25.91603607323519,-42.35713269711434,132.0,0.0,11.737404294821129,0.0,0.0,0.0,0.0,0.0,-2.9631621159962624,False
glycerol,136,True,0.49112296621105944,39.5704010902454,-2.0160012807029147e-15,24.960539858046104,-46.18955963008418,136.0,0.0,11.87108883324984,0.0,0.0,0.0,0.0,0.0,-2.8073564513005236,False
glycerol,140,True,0.4830461714592016,39.5774660871187,-7.845634654715754e-17,24.005043642861683,-50.02198656303553,140.0,0.0,12.004773371679155,0.0,0.0,0.0,0.0,0.0,-2.6515507866039862,False
glycerol,144,True,0.47496937670732553,39.584531083995,2.1584298643056816e-15,23.04954742767874,-53.85441349598078,144.0,0.0,12.138457910108666,0.0,0.0,0.0,0.0,0.0,-2.4957451219073037,False
glycerol,148,True,0.46689258195550565,39.59159608085551,5.329905575927632e-15,22.094051212487557,-57.686840428958995,148.0,0.0,12.272142448537126,0.0,0.0,0.0,0.0,0.0,-2.3399394572119885,False
glycerol,152,True,0.4588157872013229,39.598661078293304,-3.824854733053966e-16,21.138554997596714,-61.51926736073864,152.0,0.0,12.405826987004238,0.0,0.0,0.0,0.0,0.0,-2.1841337924714277,False
glycerol,156,True,0.45073899245178567,39.605726074601435,5.7422127773279855e-15,20.183058782118295,-65.3516942948631,156.0,0.0,12.539511525395696,0.0,0.0,0.0,0.0,0.0,-2.0283281278191225,False
glycerol,160,True,0.4426621976999308,39.61279107147562,-8.942453672141147e-17,19.2275625669344,-69.18412122781238,160.0,0.0,12.673196063825067,0.0,0.0,0.0,0.0,0.0,-1.8725224631223791,False
glycerol,164,True,0.43458540294808023,39.619856068346174,-9.161817475626496e-17,18.272066351748528,-73.0165481607694,164.0,0.0,12.806880602254193,0.0,0.0,0.0,0.0,0.0,-1.716716798426132,False
glycerol,168,True,0.42650860819622566,39.62692106521768,-9.38118127911101e-17,17.31657013656312,-76.84897509372459,168.0,0.0,12.940565140683383,0.0,0.0,0.0,0.0,0.0,-1.5609111337297932,False
glycerol,172,True,0.41843181344437785,39.63398606208822,-9.600545082599446e-17,16.361073921377265,-80.68140202668143,172.0,0.0,13.074249679112503,0.0,0.0,0.0,0.0,0.0,-1.4051054690334877,False
glycerol,176,True,0.4103550186925163,39.641051058960535,-9.819908886081413e-17,15.405577706192252,-84.51382895963512,176.0,0.0,13.207934217541752,0.0,0.0,0.0,0.0,0.0,-1.2492998043371502,False
glycerol,180,True,0.4022782239406706,39.648116055830904,-1.0039272689569403e-16,14.450081491006312,-88.34625589259235,180.0,0.0,13.341618755970863,0.0,0.0,0.0,0.0,0.0,-1.0934941396408526,False
glycerol,184,True,0.39420142918880935,39.65518105270308,-1.0258636493052148e-16,13.494585275821233,-92.17868282554629,184.0,0.0,13.4753032944001,0.0,0.0,0.0,0.0,0.0,-0.9376884749445367,False
glycerol,188,True,0.38612463443695527,39.66224604957434,-1.04780002965367e-16,12.539089060635698,-96.01110975850197,188.0,0.0,13.608987832829277,0.0,0.0,0.0,0.0,0.0,-0.7818828102482187,False
glycerol,192,True,0.3780478396851307,39.669311046437166,-1.8832336905006956e-16,11.583592845445732,-99.84353669147508,192.0,0.0,13.74267237125787,0.0,0.0,0.0,0.0,0.0,-0.6260771455527226,False
glycerol,196,True,0.3699710449332474,39.6763760433172,-4.342016392669998e-18,10.628096630264839,-103.67596362441249,196.0,0.0,13.876356909687647,0.0,0.0,0.0,0.0,0.0,-0.47027148085558024,False
glycerol,200,True,0.3618942501814015,39.683441040187304,-6.535654427549332e-18,9.672600415078758,-107.50839055737025,200.0,0.0,14.010041448116738,0.0,0.0,0.0,0.0,0.0,-0.31446581615928754,False
glycerol,204,True,0.3538174554296063,39.690506037042574,-8.729292462334013e-18,8.717104199884847,-111.34081749035948,204.0,0.0,14.143725986544885,0.0,0.0,0.0,0.0,0.0,-0.15866015146434864,False
glycerol,208,True,0.34574066067769377,39.697571033930004,-1.0922930497247808e-17,7.7616079847078,-115.17324442328118,208.0,0.0,14.2774105249751,0.0,0.0,0.0,0.0,0.0,-0.002854486766640131,False
glycerol,212,True,0.33766386592583125,39.70463603079988,-1.3116568532071395e-17,6.806111769520271,-119.00567135623973,212.0,0.0,14.411095063404364,0.0,0.0,1.5617535752679733e-11,0.0,0.0,0.152951177924492,False
glycerol,216,True,0.32958707117398606,39.711701027671154,-1.531020656695258e-17,5.850615554335403,-122.83809828919513,216.0,0.0,14.544779601833447,0.0,0.0,8.119519832489153e-12,0.0,0.0,0.30875684262326597,False
glycerol,220,True,0.3215102764221243,39.718766024542504,-1.750384460177975e-17,4.895119339149328,-126.67052522215073,220.0,0.0,14.678464140262712,0.0,0.0,1.514691301205155e-11,0.0,0.0,0.4645625073172617,False
glycerol,224,True,0.3134334816702703,39.72583102141382,-1.9697482636624486e-17,3.9396231239638295,-130.50295215510627,224.0,0.0,14.81214867869189,0.0,0.0,1.5112783996193814e-11,0.0,0.0,0.6203681720135814,False
glycerol,228,True,0.30535668691845264,39.73289601828516,6.332301973720049e-16,2.984126908783682,-134.33537908806287,228.0,0.0,14.945833217120304,0.0,0.0,-5.285571597278591e-11,0.0,0.0,0.7761738367314923,False
glycerol,232,True,0.29727989216659495,39.73996101515647,-1.2061771384790357e-15,2.028630693597854,-138.16780602101846,232.0,0.0,15.079517755549482,0.0,0.0,-4.8914349595222624e-11,0.0,0.0,0.9319795014265602,False
glycerol,236,True,0.28920309741472155,39.74702601202776,-2.6278396741177018e-17,1.073134478408885,-142.000232953973,236.0,0.0,15.213202293979208,0.0,0.0,-3.866356249147726e-12,0.0,0.0,1.0877851661086197,False
glycerol,240,True,0.2811263026628678,39.754091008899074,-2.847203477602771e-17,0.11763826322335824,-145.83265988692852,240.0,0.0,15.34688683240839,0.0,0.0,-3.530997495228349e-12,0.0,0.0,1.2435908308048216,False
glycerol,244,True,0.2730495079109896,39.76115600577046,-1.3592659661264236e-15,-0.8378579519638862,-149.66508681988395,244.0,0.0,15.480571370837788,0.0,0.0,1.7462431707929478e-11,0.0,0.0,1.3993964954942226,False
glycerol,248,True,0.2649727131591585,39.76822100264171,-3.285931084573153e-17,-1.7933541671477637,-153.4975137528395,248.0,0.0,15.614255909266765,0.0,0.0,-1.7846936171938586e-12,0.0,0.0,1.555202160196887,False
glycerol,252,True,0.2568959184073058,39.77528599951301,-3.505294888058277e-17,-2.748850382333085,-157.3299406857951,252.0,0.0,15.747940447695917,0.0,0.0,-4.035749251714268e-12,0.0,0.0,1.7110078248939242,False
glycerol,256,True,0.24881912365545134,39.78235099638437,-1.4348608626915925e-15,-3.704346597517494,-161.16236761875098,256.0,0.0,15.881624986124903,0.0,0.0,-1.8508899217163597e-11,0.0,0.0,1.8668134895946897,False
glycerol,260,True,0.24074232890360028,39.789415993255616,-3.944022495031056e-17,-4.659842812704289,-164.9947945517058,260.0,0.0,16.0153095245543,0.0,0.0,-8.444157364870715e-13,0.0,0.0,2.0226191542855827,False
glycerol,264,True,0.2326655341517458,39.796480990127,-8.199687676480862e-16,-5.61533902788823,-168.8272214846621,264.0,0.0,16.14899406298323,0.0,0.0,-2.177655343361998e-11,0.0,0.0,2.17842481898836,False
glycerol,268,True,0.22458873939652557,39.803545987001264,6.657799214340215e-15,-6.570835243471917,-172.65964841754794,268.0,0.0,16.282678601468135,0.0,0.0,4.978501962395183e-09,0.0,0.0,2.3342304820828543,False
glycerol,272,True,0.21651194464803739,39.81061098386959,-4.602113905483566e-17,-7.526331458260529,-176.49207535057266,272.0,0.0,16.416363139841806,0.0,0.0,-4.272148209274147e-12,0.0,0.0,2.4900361483755646,False
glycerol,276,True,0.20843514989276185,39.817675980743935,-3.599257377860866e-15,-8.481827673849471,-180.32450228345778,276.0,0.0,16.550047678327413,0.0,0.0,5.060960153344438e-09,0.0,0.0,2.64584181144908,False
glycerol,280,True,0.20035835514432823,39.824740977612215,-5.040841512453407e-17,-9.437323888631626,-184.15692921648366,280.0,0.0,16.683732216700175,0.0,0.0,-2.8624551618811687e-12,0.0,0.0,2.801647477767749,False
glycerol,284,True,0.1922815603924763,39.831805974483515,-1.894218382170825e-19,-10.392820103817272,-187.9893561494389,284.0,0.0,16.81741675512937,0.0,0.0,-5.685479940484156e-13,0.0,0.0,2.957453142463399,False
glycerol,288,True,0.18420476564059515,39.838870971354915,9.488138092212139e-16,-11.348316319004423,-191.8217830823945,288.0,0.0,16.95110129355876,0.0,0.0,1.9007431437332278e-11,0.0,0.0,3.113258807153182,False
glycerol,292,True,0.17612797088876855,39.84593596822614,-4.576697907921441e-18,-12.303812534188248,-195.65421001534992,292.0,0.0,17.084785831987727,0.0,0.0,-5.997546698278642e-13,0.0,0.0,3.269064471856009,False
glycerol,296,True,0.16805117613691298,39.85300096509761,-6.7703359426272475e-18,-13.259308749371064,-199.48663694830682,296.0,0.0,17.218470370416508,0.0,0.0,-3.804520479932976e-11,0.0,0.0,3.4248701365638117,False
glycerol,300,True,0.15997438138505862,39.86006596196893,-8.96397397748288e-18,-14.214804964556588,-203.31906388126228,300.0,0.0,17.352154908845687,0.0,0.0,-3.748551817606152e-11,0.0,0.0,3.5806758012599365,False
glycine,0,True,0.5738177839852266,36.478992469361735,6.793340076035988e-15,53.24220625615912,41.55423517860566,0.0,30.0,0.0,0.0,0.0,0.0,0.0,0.0,24.056523452843955,False
glycine,4,True,0.5701892410238754,36.81743313944077,3.4389316714791538e-15,52.7592025492989,38.23999314554959,4.0,30.0,0.0,0.0,0.0,0.0,0.0,0.0,24.09410709105274,False
glycine,8,True,0.5665606980620361,37.15587380929263,8.452326692232031e-17,52.27619884209928,34.92575111204053,8.0,30.0,0.0,0.0,0.0,0.0,0.0,0.0,24.131690729266833,False
glycine,12,True,0.5629321551001889,37.49431447914157,8.452326692232031e-17,51.79319513489527,31.61150907852557,12.0,30.0,0.0,0.0,0.0,0.0,0.0,0.0,24.169274367480945,False
glycine,16,True,0.559303612138362,37.832755149001265,8.452326692232031e-17,51.310191427707274,28.29726704503205,16.0,30.0,0.0,0.0,0.0,0.0,0.0,0.0,24.206858005694727,False
glycine,20,True,0.555675069176521,38.17119581885276,8.452326692232031e-17,50.82718772050709,24.983025011522255,20.0,30.0,0.0,0.0,0.0,0.0,0.0,0.0,24.24444164390877,False
glycine,24,True,0.5520465262146689,38.509636488704544,-3.269885137634514e-15,50.3441840133072,21.668782978012523,24.0,30.0,0.0,0.0,0.0,0.0,0.0,0.0,24.282025282122586,False
glycine,28,True,0.5484179832528259,38.848077158556734,-6.624293542191348e-15,49.861180306108,18.354540944503988,28.0,30.0,0.0,0.0,0.0,0.0,0.0,0.0,24.31960892033659,False
glycine,32,True,0.5447894402909863,39.18651782840926,-3.269885137634514e-15,49.37817659890934,15.040298910996222,32.0,30.0,0.0,0.0,0.0,0.0,0.0,0.0,24.357192558550597,False
glycine,36,True,0.5411608973291424,39.524958498261235,-3.269885137634514e-15,48.89517289170985,11.726056877487276,36.0,30.0,0.0,0.0,0.0,0.0,0.0,0.0,24.39477619676457,False
glycine,40,True,0.5374653066790778,39.85660963421983,-9.978701946748182e-15,48.40324431236931,8.398399797208715,40.0,30.0,0.0,0.0,0.0,-1.476951373007446e-12,0.0,0.0,24.437402030397617,False
glycine,44,True,0.5305129268927837,39.858464459579174,-1.6687518755861848e-14,47.477797033406205,4.4191172886211545,44.0,30.0,0.0,0.0,0.0,-5.32308874513855e-13,0.0,0.0,24.72494857191511,False
glycine,48,True,0.5235605471064899,39.86031928493853,-1.3333110351305016e-14,46.55234975444317,0.4398347800336324,48.0,30.0,0.0,0.0,0.0,-4.461571292708168e-13,0.0,0.0,25.012495113432905,False
glycine,52,True,0.5166081673201965,39.862174110297886,-6.624293542191348e-15,45.62690247548013,-3.5394477285538715,52.0,30.0,0.0,0.0,0.0,-3.047123789861321e-13,0.0,0.0,25.300041654950657,False
glycine,56,True,0.5096557875338994,39.86402893565723,-1.3333110351305016e-14,44.70145519651695,-7.518730237141676,56.0,30.0,0.0,0.0,0.0,8.382518099906428e-13,0.0,0.0,25.58758819646808,False
glycine,60,True,0.5027034077476061,39.86588376101658,8.452326692232031e-17,43.77600791755393,-11.4980127457292,60.0,30.0,0.0,0.0,0.0,6.428783030259392e-13,0.0,0.0,25.875134737985935,False
glycine,64,True,0.4957510279613125,39.867738586375935,8.452326692232031e-17,42.85056063859086,-15.477295254316802,64.0,30.0,0.0,0.0,0.0,9.110022646153138e-13,0.0,0.0,26.16268127950367,False
glycine,68,True,0.4887986481750173,39.86959341173528,8.452326692232031e-17,41.92511335962725,-19.45657776290425,68.0,30.0,0.0,0.0,0.0,8.779369782374635e-12,0.0,0.0,26.450227821019105,False
glycine,72,True,0.4818462683887232,39.87144823709463,3.4389316714791538e-15,40.99966608066422,-23.435860271491823,72.0,30.0,0.0,0.0,0.0,8.616885081136657e-12,0.0,0.0,26.737774362536964,False
glycine,76,True,0.4748938886024293,39.873303062453985,6.793340076035988e-15,40.07421880170111,-27.41514278007932,76.0,30.0,0.0,0.0,0.0,9.74213650977436e-12,0.0,0.0,27.025320904054414,False
glycine,80,True,0.4679415088161365,39.87515788781334,3.4389316714791538e-15,39.14877152273811,-31.39442528866692,80.0,30.0,0.0,0.0,0.0,9.150406431911155e-12,0.0,0.0,27.312867445572376,False
glycine,84,True,0.4609891290298467,39.877012713172675,3.4389316714791538e-15,38.2233242437759,-35.37370779725419,84.0,30.0,0.0,0.0,0.0,-9.52037680002572e-13,0.0,0.0,27.600413987093187,False
glycine,88,True,0.4540367492435535,39.87886753853203,-3.269885137634514e-15,37.29787696481291,-39.35299030584178,88.0,30.0,0.0,0.0,0.0,-1.631814610137888e-12,0.0,0.0,27.88796052861123,False
glycine,92,True,0.447084369457259,39.88072236389137,-9.978701946748182e-15,36.37242968584983,-43.3322728144293,92.0,30.0,0.0,0.0,0.0,-1.023855410397387e-12,0.0,0.0,28.175507070128873,False
glycine,96,True,0.4401319896709643,39.882577189250725,-1.6687518755861848e-14,35.446982406887464,-47.31155532301727,96.0,30.0,0.0,0.0,0.0,-1.091434023066044e-11,0.0,0.0,28.46305361164963,False
glycine,100,True,0.4331796098846717,39.88443201461008,-6.624293542191348e-15,34.52153512792444,-51.29083783160485,100.0,30.0,0.0,0.0,0.0,-1.122290005983722e-11,0.0,0.0,28.750600153167504,False
glycine,104,True,0.4262272300983786,39.88628683996942,-9.978701946748182e-15,33.59608784896144,-55.27012034019241,104.0,30.0,0.0,0.0,0.0,-1.1565711980942799e-11,0.0,0.0,29.0381466946854,False
glycine,108,True,0.4192748503120805,39.88814166532881,-2.0041927160418682e-14,32.67064056999391,-59.24940284877845,108.0,30.0,0.0,0.0,0.0,5.249944993155155e-11,0.0,0.0,29.325693236184026,False
glycine,112,True,0.41232247052579113,39.88999649068813,-9.978701946748182e-15,31.745193291035324,-63.22868535736751,112.0,30.0,0.0,0.0,0.0,-1.0929347601349359e-11,0.0,0.0,29.613239777720807,False
glycine,116,True,0.40537009073949654,39.89185131604747,8.452326692232031e-17,30.819746012072272,-67.20796786595506,116.0,30.0,0.0,0.0,0.0,-1.084291414582967e-11,0.0,0.0,29.90078631923859,False
glycine,120,True,0.39841771095320316,39.893706141406824,1.0147748480592822e-14,29.8942987331093,-71.18725037454257,120.0,30.0,0.0,0.0,0.0,-1.1614971443560517e-11,0.0,0.0,30.188332860756624,False
glycine,124,True,0.39146533116690774,39.895560966766176,8.452326692232031e-17,28.96885145414549,-75.16653288313007,124.0,30.0,0.0,0.0,0.0,-1.1012075606605374e-12,0.0,0.0,30.475879402271293,False
glycine,128,True,0.38451295138061464,39.89741579212552,1.0147748480592822e-14,28.04340417518244,-79.14581539171758,128.0,30.0,0.0,0.0,0.0,-9.277316916407416e-13,0.0,0.0,30.763425943789006,False
glycine,132,True,0.3775605715943215,39.89927061748487,8.452326692232031e-17,27.117956896219447,-83.12509790030519,132.0,30.0,0.0,0.0,0.0,-1.5784944839426846e-12,0.0,0.0,31.05097248530702,False
glycine,136,True,0.37060819180802695,39.901125442844226,3.438931671479154e-15,26.192509617256395,-87.10438040889272,136.0,30.0,0.0,0.0,0.0,-1.370766522994087e-12,0.0,0.0,31.338519026824788,False
glycine,140,True,0.36365581202173375,39.90298026820357,8.452326692232031e-17,25.267062338293385,-91.08366291748027,140.0,30.0,0.0,0.0,0.0,-1.6265360305995616e-12,0.0,0.0,31.626065568342664,False
glycine,144,True,0.35670343223543965,39.90483509356292,3.438931671479154e-15,24.341615059330298,-95.06294542606784,144.0,30.0,0.0,0.0,0.0,-9.89562693025694e-13,0.0,0.0,31.913612109860264,False
glycine,148,True,0.34975105244914656,39.906689918922275,3.438931671479154e-15,23.41616778036728,-99.04222793465537,148.0,30.0,0.0,0.0,0.0,-1.2110801087023667e-12,0.0,0.0,32.20115865137814,False
glycine,152,True,0.34279867266285247,39.90854474428163,-6.624293542191348e-15,22.490720501404383,-103.021510443243,152.0,30.0,0.0,0.0,0.0,-3.2865873985953267e-12,0.0,0.0,32.488705192896575,False
glycine,156,True,0.33584629287655887,39.91039956964098,-3.269885137634514e-15,21.5652732224412,-107.00079295183055,156.0,30.0,0.0,0.0,0.0,-1.2248695634304418e-12,0.0,0.0,32.77625173441376,False
glycine,160,True,0.3288939130902648,39.912254395000325,8.452326692232031e-17,20.639825943478215,-110.98007546041809,160.0,30.0,0.0,0.0,0.0,-1.9098844476611865e-12,0.0,0.0,33.06379827593179,False
glycine,164,True,0.3219415333039721,39.91410922035968,-3.269885137634514e-15,19.714378664515138,-114.95935796900562,164.0,30.0,0.0,0.0,0.0,-1.2729111100873188e-12,0.0,0.0,33.35134481744936,False
glycine,168,True,0.3149891535176794,39.91596404571903,8.452326692232031e-17,18.788931385552115,-118.9386404775932,168.0,30.0,0.0,0.0,0.0,-1.4944285257639916e-12,0.0,0.0,33.63889135896719,False
glycine,172,True,0.3080367737313835,39.917818871078374,3.438931671479154e-15,17.863484106589034,-122.91792298618071,172.0,30.0,0.0,0.0,0.0,-8.917072801189256e-13,0.0,0.0,33.92643790048484,False
glycine,176,True,0.30108439394509173,39.91967369643773,8.452326692232031e-17,16.938036827626014,-126.89720549476829,176.0,30.0,0.0,0.0,0.0,-1.1132246957955983e-12,0.0,0.0,34.213984442002705,False
glycine,180,True,0.2941320141587977,39.92152852179708,-9.978701946748182e-15,16.012589548662998,-130.87648800335577,180.0,30.0,0.0,0.0,0.0,-1.3689942034010726e-12,0.0,0.0,34.50153098352062,False
glycine,184,True,0.28717963437250354,39.923383347156424,-6.624293542191348e-15,15.087142269699951,-134.85577051194335,184.0,30.0,0.0,0.0,0.0,-1.1612662424524753e-12,0.0,0.0,34.78907752503834,False
glycine,188,True,0.28022725458621,39.925238172515776,3.438931671479154e-15,14.161694990736935,-138.83505302053092,188.0,30.0,0.0,0.0,0.0,-1.4170357500579497e-12,0.0,0.0,35.07662406655621,False
glycine,192,True,0.27327487479991636,39.92709299787513,8.452326692232031e-17,13.23624771177393,-142.81433552911852,192.0,30.0,0.0,0.0,0.0,-2.0335464504310907e-12,0.0,0.0,35.36417060807422,False
glycine,196,True,0.2663224950136227,39.92894782323448,-9.978701946748182e-15,12.310800432810854,-146.793618037706,196.0,30.0,0.0,0.0,0.0,-1.3965731128572232e-12,0.0,0.0,35.65171714959183,False
glycine,200,True,0.2593701152273291,39.930802648593826,8.452326692232031e-17,11.385353153847838,-150.77290054629364,200.0,30.0,0.0,0.0,0.0,-1.6523426204626976e-12,0.0,0.0,35.9392636911097,False
glycine,204,True,0.2524177354410355,39.932657473953185,-6.624293542191348e-15,10.459905874884788,-154.75218305488113,204.0,30.0,0.0,0.0,0.0,-1.4446146595141e-12,0.0,0.0,36.22681023262743,False
glycine,208,True,0.24546535565474098,39.93451229931254,1.0147748480592822e-14,9.534458595921755,-158.73146556346873,208.0,30.0,0.0,0.0,0.0,-1.7003841671195746e-12,0.0,0.0,36.51435677414534,False
glycine,212,True,0.2385129758684483,39.93636712467189,-2.675074396953235e-14,8.609011316958712,-162.71074807205622,212.0,30.0,0.0,0.0,0.0,-1.492656206170977e-12,0.0,0.0,36.80190331566303,False
glycine,216,True,0.23156059608215376,39.938221950031235,-3.269885137634514e-15,7.683564037995661,-166.69003058064382,216.0,30.0,0.0,0.0,0.0,-1.2849282452223797e-12,0.0,0.0,37.08944985718082,False
glycine,220,True,0.22460821629586014,39.94007677539059,-2.0041927160418682e-14,6.758116759032643,-170.6693130892314,220.0,30.0,0.0,0.0,0.0,-1.540697752827854e-12,0.0,0.0,37.376996398698665,False
glycine,224,True,0.21765583650956746,39.94193160074994,3.438931671479154e-15,5.8326694800696,-174.64859559781888,224.0,30.0,0.0,0.0,0.0,-1.3329697918792567e-12,0.0,0.0,37.66454294021642,False
glycine,228,True,0.21070345672327384,39.943786426109284,8.452326692232031e-17,4.9072222011065465,-178.62787810640646,228.0,30.0,0.0,0.0,0.0,-1.1594939228594607e-12,0.0,0.0,37.95208948173414,False
glycine,232,True,0.20375107693698022,39.945641251468636,-3.010515237408919e-14,3.981774922143534,-182.607160614994,232.0,30.0,0.0,0.0,0.0,-1.3810113385361335e-12,0.0,0.0,38.23963602325204,False
glycine,236,True,0.19679869715068662,39.94749607682799,6.793340076035988e-15,3.0563276431805164,-186.58644312358152,236.0,30.0,0.0,0.0,0.0,-1.6367808461416079e-12,0.0,0.0,38.5271825647699,False
glycine,240,True,0.18984631736439397,39.949350902187334,-3.010515237408919e-14,2.130880364217468,-190.5657256321691,240.0,30.0,0.0,0.0,0.0,-1.4290528851930105e-12,0.0,0.0,38.814729106287615,False
glycine,244,True,0.18289393757809846,39.951205727546686,-2.675074396953235e-14,1.2054330852544006,-194.5450081407567,244.0,30.0,0.0,0.0,0.0,-1.1870728323156113e-12,0.0,0.0,39.10227564780538,False
glycine,248,True,0.17594155779180579,39.95306055290604,-2.3396335564975516e-14,0.27998580629139924,-198.52429064934418,248.0,30.0,0.0,0.0,0.0,-1.4770944318498875e-12,0.0,0.0,39.38982218932325,False
glycine,252,True,0.1689891780055122,39.95491537826538,-2.675074396953235e-14,-0.6454614726716329,-202.5035731579318,252.0,30.0,0.0,0.0,0.0,-1.6643597555977582e-12,0.0,0.0,39.67736873084111,False
glycine,256,True,0.16203679821921763,39.956770203624735,-3.010515237408919e-14,-1.5709087516346902,-206.48285566651936,256.0,30.0,0.0,0.0,0.0,-1.456631794649161e-12,0.0,0.0,39.96491527235888,False
glycine,260,True,0.15508441843292498,39.95862502898409,-2.675074396953235e-14,-2.496356030597702,-210.46213817510693,260.0,30.0,0.0,0.0,0.0,-1.7124013022546352e-12,0.0,0.0,40.25246181387675,False
glycine,264,True,0.14813203864663135,39.96047985434343,-3.010515237408919e-14,-3.4218033095607563,-214.44142068369447,264.0,30.0,0.0,0.0,0.0,-1.504673341306038e-12,0.0,0.0,40.54000835539449,False
glycine,268,True,0.14117965886033382,39.962334679702806,-3.345956077864602e-14,-4.347250588525808,-218.42070319228142,268.0,30.0,0.0,0.0,0.0,2.6855307546979765e-11,0.0,0.0,40.82755489690376,False
glycine,272,True,0.13422727907403878,39.964189505062144,-2.0041927160418682e-14,-5.2726978674888745,-222.399985700869,272.0,30.0,0.0,0.0,0.0,2.7143043916123555e-11,0.0,0.0,41.11510143842151,False
glycine,276,True,0.1272748992877462,39.9660443304215,-9.978701946748182e-15,-6.198145146451884,-226.37926820945657,276.0,30.0,0.0,0.0,0.0,2.693303072478446e-11,0.0,0.0,41.402647979939374,False
glycine,280,True,0.12032251950145526,39.96789915578084,-3.269885137634514e-15,-7.123592425414337,-230.35855071804448,280.0,30.0,0.0,0.0,0.0,1.783511099055661e-11,0.0,0.0,41.69019452145998,False
glycine,284,True,0.11337013971516165,39.969753981140194,-3.6813969183202856e-14,-8.049039704377327,-234.33783322663194,284.0,30.0,0.0,0.0,0.0,1.7363625681321277e-11,0.0,0.0,41.97774106297796,False
glycine,288,True,0.10641775992886082,39.97160880649953,-4.687719439687336e-14,-8.97448698333763,-238.31711573522102,288.0,30.0,0.0,0.0,0.0,-2.3519397372398092e-11,0.0,0.0,42.265287604507805,False
glycine,292,True,0.09946538014256781,39.97346363185888,-7.706687003788486e-14,-9.899934262300594,-242.2963982438085,292.0,30.0,0.0,0.0,0.0,-2.4244380757675072e-11,0.0,0.0,42.552834146025816,False
glycine,296,True,0.09251300035627458,39.97531845721823,-4.016837758775969e-14,-10.825381541263617,-246.27568075239608,296.0,30.0,0.0,0.0,0.0,-2.4437362490540415e-11,0.0,0.0,42.8403806875437,False
glycine,300,True,0.08556062056998032,39.97717328257758,-3.6813969183202856e-14,-11.75082882022657,-250.25496326098374,300.0,30.0,0.0,0.0,0.0,-2.5952332445210336e-11,0.0,0.0,43.12792722906196,False
lysine,0,True,0.5224219104879587,34.16252778120185,-3.6963135048802214e-15,57.891330964008525,57.04703725764737,0.0,10.0,5.9725434076872075,0.0,0.0,1.9401904100383572e-11,0.0,0.0,23.76286394387741,False
lysine,4,True,0.5143606733134839,34.25260296202883,-2.0191093026018048e-15,56.94958632409594,53.24690809514875,4.0,10.0,6.188994234643773,0.0,0.0,4.649365701030453e-12,0.0,0.0,23.807671104505385,False
lysine,8,True,0.5062994361389976,34.34267814285583,4.689707506511864e-15,56.00784168418251,49.446778932650304,8.0,10.0,6.40544506160047,0.0,0.0,6.441274164937878e-13,0.0,0.0,23.852478265129843,False
lysine,12,True,0.4982381989645107,34.43275332368286,-2.0191093026018048e-15,55.06609704426901,45.64664977015178,12.0,10.0,6.621895888557192,0.0,0.0,-2.621687478172714e-12,0.0,0.0,23.897285425754035,False
lysine,16,True,0.4901769617900228,34.522828504509896,6.366911708790281e-15,54.12435240435525,41.84652060765335,16.0,10.0,6.83834671551399,0.0,0.0,-2.4096790320437444e-12,0.0,0.0,23.942092586377097,False
lysine,20,True,0.4821157246155311,34.61290368533697,8.044115911068697e-15,53.182607764441144,38.04639144515498,20.0,10.0,7.05479754247084,0.0,0.0,1.8141132088619644e-12,0.0,0.0,23.98689974699883,False
lysine,24,True,0.4740544874410436,34.70297886616408,-5.3735177071586384e-15,52.24086312452701,34.246262282656936,24.0,10.0,7.271248369427798,0.0,0.0,7.600636769130522e-12,0.0,0.0,24.031706907620062,False
lysine,28,True,0.4659932502665621,34.793054046991074,-3.6963135048802214e-15,51.29911848461398,30.44613312015823,28.0,10.0,7.487699196384447,0.0,0.0,-1.7723964672956018e-12,0.0,0.0,24.076514068246286,False
lysine,32,True,0.4579320130920735,34.88312922781811,-2.0191093026018048e-15,50.35737384470022,26.6460039576598,32.0,10.0,7.704150023341235,0.0,0.0,-1.4813353511815212e-12,0.0,0.0,24.121321228869306,False
lysine,36,True,0.4498707759175877,34.97320440864515,1.3352991019550292e-15,49.415629204786654,22.845874795161365,36.0,10.0,7.920600850297988,0.0,0.0,-3.700332267828314e-12,0.0,0.0,24.16612838949317,False
lysine,40,True,0.4418095387430988,35.06327958947221,-3.6963135048802214e-15,48.473884564872826,19.045745632662967,40.0,10.0,8.137051677254796,0.0,0.0,-2.853969871920449e-12,0.0,0.0,24.21093555011603,False
lysine,44,True,0.4337483015686115,35.15335477029926,-2.0191093026018048e-15,47.53213992495912,15.245616470164553,44.0,10.0,8.353502504211574,0.0,0.0,-3.2963635576933746e-12,0.0,0.0,24.255742710739305,False
lysine,48,True,0.425687064394123,35.24342995112631,-3.6963135048802214e-15,46.59039528504532,11.44548730766615,48.0,10.0,8.569953331168382,0.0,0.0,-2.381384515011282e-12,0.0,0.0,24.300549871362115,False
lysine,52,True,0.4176258272196354,35.33350513195335,-3.6963135048802214e-15,45.6486506451316,7.645358145167727,52.0,10.0,8.786404158125169,0.0,0.0,-2.813259170149657e-12,0.0,0.0,24.34535703198538,False
lysine,56,True,0.409564590045147,35.42358031278041,-2.0191093026018048e-15,44.70690600521779,3.845228982669333,56.0,10.0,9.002854985081978,0.0,0.0,-1.8890222868840248e-12,0.0,0.0,24.39016419260821,False
lysine,60,True,0.4015033528706601,35.513655493607445,4.689707506511864e-15,43.76516136530414,0.0450998201708815,60.0,10.0,9.219305812038748,0.0,0.0,-3.0752911313010158e-12,0.0,0.0,24.43497135323173,False
lysine,64,True,0.3934421156961722,35.603730674434495,4.689707506511864e-15,42.8234167253904,0.0,64.0,10.0,9.435756638995532,0.0,0.0,-3.2930165517716242e-12,0.0,0.0,24.479778513854924,False
lysine,68,True,0.3853808785216826,35.693805855261566,4.689707506511864e-15,41.8816720854764,0.0,68.0,10.0,9.652207465952378,0.0,0.0,-1.148466613344377e-13,0.0,0.0,24.52458567447703,False
lysine,72,True,0.3773196413471956,35.7838810360886,4.689707506511864e-15,40.93992744556274,-1.4866293744151855,72.0,10.0,9.868658292909148,0.0,0.0,-1.3224736701390697e-12,0.0,0.0,24.56939283510056,False
lysine,76,True,0.3692584041726968,35.87395621691575,3.0125033042334466e-15,39.998182805647815,-5.070307709956268,76.0,10.0,10.08510911986618,0.0,0.0,1.4160774648832178e-11,0.0,0.0,24.614199995718575,False
lysine,80,True,0.3611971669982117,35.96403139774277,4.689707506511864e-15,39.05643816573442,-8.653986045498069,80.0,10.0,10.301559946822884,0.0,0.0,9.551705220285356e-12,0.0,0.0,24.659007156343215,False
lysine,84,True,0.3531359298237249,36.054106578569815,3.0125033042334466e-15,38.11469352582076,-12.237664381039687,84.0,10.0,10.51801077377966,0.0,0.0,8.602561578978817e-12,0.0,0.0,24.70381431696666,False
lysine,88,True,0.3450746926492357,36.14418175939688,4.689707506511864e-15,37.17294888590688,-15.821342716581247,88.0,10.0,10.734461600736484,0.0,0.0,1.0361307689866983e-11,0.0,0.0,24.748621477589204,False
lysine,92,True,0.3370134554747472,36.23425694022393,8.044115911068697e-15,36.23120424599306,-19.405021052122866,92.0,10.0,10.95091242769329,0.0,0.0,1.118876727943432e-11,0.0,0.0,24.79342863821208,False
lysine,96,True,0.3289522183002597,36.32433212105097,3.0125033042334466e-15,35.28945960607936,-22.9886993876645,96.0,10.0,11.16736325465007,0.0,0.0,1.0677482591859412e-11,0.0,0.0,24.83823579883536,False
lysine,100,True,0.3208909811257749,36.414407301877986,9.721320113347114e-15,34.34771496616597,-26.572377723206287,100.0,10.0,11.383814081606785,0.0,0.0,6.182382037122389e-12,0.0,0.0,24.883042959459964,False
lysine,104,True,0.3128297439512852,36.50448248270506,4.689707506511864e-15,33.40597032625202,-30.156056058747815,104.0,10.0,11.600264908563618,0.0,0.0,8.678637660236678e-12,0.0,0.0,24.92785012008229,False
lysine,108,True,0.3047685067767978,36.5945576635321,3.0125033042334462e-15,32.464225686338274,-33.73973439428943,108.0,10.0,11.816715735520416,0.0,0.0,8.845880966848896e-12,0.0,0.0,24.972657280705356,False
lysine,112,True,0.2967072696023054,36.684632844359214,4.689707506511864e-15,31.522481046424073,-37.32341272983085,112.0,10.0,12.03316656247733,0.0,0.0,1.466033481750139e-11,0.0,0.0,25.017464441326556,False
lysine,116,True,0.2886460324278189,36.77470802518625,-8.727926111715473e-15,30.58073640651048,-40.90709106537255,116.0,10.0,12.249617389434087,0.0,0.0,1.2735849479777739e-11,0.0,0.0,25.062271601950318,False
lysine,120,True,0.28058479525333274,36.86478320601327,-8.727926111715473e-15,29.63899176659692,-44.490769400914225,120.0,10.0,12.466068216390838,0.0,0.0,1.0399538246902828e-11,0.0,0.0,25.107078762574233,False
lysine,124,True,0.2725235580788445,36.95485838684033,-8.727926111715473e-15,28.697247126683134,-48.0744477364558,124.0,10.0,12.682519043347638,0.0,0.0,1.100628996589129e-11,0.0,0.0,25.15188592319715,False
lysine,128,True,0.2644623209043578,37.044933567667364,-2.214555972994281e-14,27.755502486769505,-51.658126071997515,128.0,10.0,12.898969870304404,0.0,0.0,9.465899290372907e-12,0.0,0.0,25.196693083820783,False
lysine,132,True,0.2564010837298679,37.13500874849444,4.689707506511864e-15,26.813757846855516,-55.241804407539036,132.0,10.0,13.115420697261252,0.0,0.0,1.2599294386452246e-11,0.0,0.0,25.24150024444288,False
lysine,136,True,0.24833984655538058,37.22508392932149,-8.727926111715473e-15,25.872013206941823,-58.82548274308067,136.0,10.0,13.331871524218034,0.0,0.0,1.1924236928264615e-11,0.0,0.0,25.286307405066218,False
lysine,140,True,0.2402786093808937,37.31515911014852,-8.727926111715473e-15,24.93026856702819,-62.40916107862232,140.0,10.0,13.548322351174798,0.0,0.0,1.0592084232668902e-11,0.0,0.0,25.331114565689788,False
lysine,144,True,0.2322173722064063,37.40523429097557,-8.727926111715473e-15,23.988523927114485,-65.992839414164,144.0,10.0,13.764773178131582,0.0,0.0,9.935514263111926e-12,0.0,0.0,25.375921726313138,False
lysine,148,True,0.22415613503192006,37.4953094718026,-3.6963135048802214e-15,23.046779287200877,-69.57651774970569,148.0,10.0,13.981224005088341,0.0,0.0,8.029415802046139e-12,0.0,0.0,25.4207288869369,False
lysine,152,True,0.2160948978574327,37.58538465262964,-8.727926111715473e-15,22.10503464728719,-73.1601960852473,152.0,10.0,14.19767483204512,0.0,0.0,7.396533619884288e-12,0.0,0.0,25.465536047560242,False
lysine,156,True,0.20803366068294582,37.67545983345668,-5.3735177071586384e-15,21.163290007373558,-76.74387442078898,156.0,10.0,14.414125659001886,0.0,0.0,5.882099379035235e-12,0.0,0.0,25.51034320818386,False
lysine,160,True,0.1999724235084585,37.76553501428372,-1.040513031399389e-14,20.221545367459875,-80.3275527563306,160.0,10.0,14.630576485958665,0.0,0.0,5.202942090223904e-12,0.0,0.0,25.555150368807222,False
lysine,164,True,0.1919111863339695,37.855610195110785,-7.0507219094370554e-15,19.279800727545986,-83.91123109187215,164.0,10.0,14.847027312915486,0.0,0.0,7.022640560484607e-12,0.0,0.0,25.599957529429755,False
lysine,168,True,0.18384994915948308,37.94568537593782,-3.6963135048802214e-15,18.33805608763241,-87.49490942741383,168.0,10.0,15.06347813987224,0.0,0.0,4.992261434522968e-12,0.0,0.0,25.64476469005355,False
lysine,172,True,0.17578871198499432,38.03576055676487,-7.0507219094370554e-15,17.396311447718553,-91.07858776295544,172.0,10.0,15.279928966829061,0.0,0.0,6.441759051587815e-12,0.0,0.0,25.68957185067619,False
lysine,176,True,0.16772747481050734,38.125835737591906,-1.543674292082914e-14,16.454566807804905,-94.66226609849708,176.0,10.0,15.496379793785831,0.0,0.0,5.121668981652016e-12,0.0,0.0,25.73437901129977,False
lysine,180,True,0.15966623763601978,38.21591091841896,-7.0507219094370554e-15,15.51282216789119,-98.24594443403872,180.0,10.0,15.71283062074261,0.0,0.0,4.76643743938706e-12,0.0,0.0,25.779186171923,False
lysine,184,True,0.15160500046153236,38.30598609924601,-1.3759538718550726e-14,14.571077527977492,-101.82962276958035,184.0,10.0,15.929281447699392,0.0,0.0,4.2261054705241744e-12,0.0,0.0,25.823993332546312,False
lysine,188,True,0.14354376328704443,38.396061280073056,-1.7113947123107558e-14,13.629332888063734,-105.41330110512197,188.0,10.0,16.145732274656186,0.0,0.0,4.46320657038716e-12,0.0,0.0,25.868800493169363,False
lysine,192,True,0.13548252611255718,38.48613646090009,9.721320113347114e-15,12.68758824815006,-108.99697944066367,192.0,10.0,16.362183101612967,0.0,0.0,3.647548993974427e-12,0.0,0.0,25.91360765379276,False
lysine,196,True,0.12742128893806995,38.57621164172714,3.0125033042334462e-15,11.745843608236381,-112.5806577762053,196.0,10.0,16.57863392856974,0.0,0.0,2.706903521549811e-12,0.0,0.0,25.958414814416194,False
lysine,200,True,0.11936005176358173,38.6662868225542,-1.2082334516272307e-14,10.804098968322593,-116.16433611174689,200.0,10.0,16.79508475552654,0.0,0.0,3.2517115266027115e-12,0.0,0.0,26.003221975039153,False
lysine,204,True,0.11129881458909405,38.75636200338124,-5.3735177071586384e-15,9.862354328408864,-119.74801444728853,204.0,10.0,17.01153558248333,0.0,0.0,3.088527315440391e-12,0.0,0.0,26.048029135662325,False
lysine,208,True,0.10323757741465263,38.84643718420781,-8.727926111715473e-15,8.920609688500404,-123.33169278283235,208.0,10.0,17.227986409438948,0.0,0.0,-6.396065366655975e-11,0.0,0.0,26.092836296307556,False
lysine,212,True,0.09517634024016142,38.93651236503489,-8.727926111715473e-15,7.97886504858626,-126.91537111837381,212.0,10.0,17.44443723639583,0.0,0.0,-5.896678260910307e-11,0.0,0.0,26.137643456929045,False
lysine,216,True,0.08711510306563187,39.02658754586234,-1.543674292082914e-14,7.0371204086673576,-130.499049453913,216.0,10.0,17.660888063353724,0.0,0.0,6.884301686123361e-12,0.0,0.0,26.182450617530577,False
lysine,220,True,0.07905386589114555,39.11666272668926,3.0125033042334462e-15,6.095375768755455,-134.08272778945633,220.0,10.0,17.87733889031008,0.0,0.0,-1.819861693450188e-11,0.0,0.0,26.22725777816182,False
lysine,224,True,0.07099262871665638,39.20673790751641,-1.3759538718550726e-14,5.1536311288404155,-137.66640612499688,224.0,10.0,18.093789717267164,0.0,0.0,-9.321091656850073e-13,0.0,0.0,26.27206493877932,False
lysine,228,True,0.0629313915421693,39.29681308834346,-7.0507219094370554e-15,4.211886488926724,-141.25008446053852,228.0,10.0,18.310240544223937,0.0,0.0,-1.6221729691760071e-12,0.0,0.0,26.31687209940266,False
lysine,232,True,0.054870154367681584,39.38688826917056,-8.727926111715473e-15,3.270141849012848,-144.83376279607998,232.0,10.0,18.526691371180814,0.0,0.0,6.103619633967698e-13,0.0,0.0,26.361679260025042,False
lysine,236,True,0.046808917193194535,39.476963449997406,-5.3735177071586384e-15,2.3283972091005656,-148.41744113162295,236.0,10.0,18.743142198137104,0.0,0.0,-1.9558249247649056e-11,0.0,0.0,26.406486420654762,False
lysine,240,True,0.03874768001870436,39.567038630824676,-3.05315807413349e-14,1.386652569185238,-152.00111946716308,240.0,10.0,18.95959302509443,0.0,0.0,2.183153215401508e-12,0.0,0.0,26.45129358127077,False
lysine,244,True,0.030686442844210706,39.65711381165177,-8.727926111715473e-15,0.4449079292708846,-155.58479780270457,244.0,10.0,19.176043852051333,0.0,0.0,9.823808972164274e-12,0.0,0.0,26.49610074189138,False
lysine,248,True,0.022625205669723165,39.74718899247852,-1.3759538718550726e-14,-0.49683671064018164,-159.1684761382502,248.0,10.0,19.392494679007438,0.0,0.0,-3.120886576353325e-11,0.0,0.0,26.540907902528037,False
lysine,252,True,0.014563968495219837,39.837264173306046,-1.8791151325385975e-14,-1.438581350558369,-162.75215447378704,252.0,10.0,19.60894550596532,0.0,0.0,3.2203839164346695e-11,0.0,0.0,26.58571506313026,False
lysine,256,True,0.006502731320753406,39.92733935413287,-3.6963135048802214e-15,-2.3803259904696796,-166.33583280932964,256.0,10.0,19.82539633292158,0.0,0.0,1.5143703185790062e-12,0.0,0.0,26.630522223763517,False
lysine,260,False,,,,,,,,,,,,,,,
lysine,264,False,,,,,,,,,,,,,,,
lysine,268,False,,,,,,,,,,,,,,,
lysine,272,False,,,,,,,,,,,,,,,
lysine,276,False,,,,,,,,,,,,,,,
lysine,280,False,,,,,,,,,,,,,,,
lysine,284,False,,,,,,,,,,,,,,,
lysine,288,False,,,,,,,,,,,,,,,
lysine,292,False,,,,,,,,,,,,,,,
lysine,296,False,,,,,,,,,,,,,,,
lysine,300,False,,,,,,,,,,,,,,,
